Order_ID,Customer_ID,Order_Date,Order_Value,Region,Payment_Mode
ORD208736,CUST00554,2023-07-09,2749.05,North,Debit Card
ORD207061,CUST00356,2023-05-24,1987.1,North,Cash on Delivery
ORD208294,CUST00503,2024-03-03,4595.19,West,UPI/Wallet
ORD204006,CUST00156,2023-03-20,3505.33,Central,Cash on Delivery
ORD207431,CUST00401,2023-02-07,4395.31,West,Net Banking
ORD208768,CUST00557,2024-10-21,3376.44,North,Cash on Delivery
ORD208080,CUST00478,2024-01-10,2598.69,West,Cash on Delivery
ORD203297,CUST00118,2023-03-13,6406.58,West,Debit Card
ORD207183,CUST00369,2024-03-04,1281.09,North,Debit Card
ORD201864,CUST00065,2024-12-10,5663.86,South,Net Banking
ORD209743,CUST00684,2024-03-27,2793.69,Central,UPI/Wallet
ORD208558,CUST00534,2023-02-11,1648.34,North,Credit Card
ORD201687,CUST00060,2024-10-03,2794.46,Central,Credit Card
ORD210925,CUST00950,2023-06-11,564.59,South,Debit Card
ORD207704,CUST00432,2024-01-14,2152.66,East,Net Banking
ORD204733,CUST00205,2023-12-30,5913.67,East,Cash on Delivery
ORD203026,CUST00109,2023-11-20,10798.34,Central,UPI/Wallet
ORD210607,CUST00836,2023-03-29,2175.32,North,Cash on Delivery
ORD203509,CUST00125,2024-04-03,7115.49,South,Cash on Delivery
ORD200272,CUST00010,2024-02-10,7270.66,North,Credit Card
ORD207917,CUST00460,2024-06-18,2460.22,East,Debit Card
ORD202439,CUST00088,2023-08-30,5889.95,North,UPI/Wallet
ORD202176,CUST00077,2023-05-23,5379.35,West,Cash on Delivery
ORD202465,CUST00089,2024-02-04,6849.31,Central,Cash on Delivery
ORD209691,CUST00678,2024-02-22,2553.77,South,Debit Card
ORD201002,CUST00035,2024-06-23,4633.22,North,Credit Card
ORD208248,CUST00497,2024-12-19,3482.55,West,Net Banking
ORD210425,CUST00784,2024-01-03,4995.61,North,Net Banking
ORD202049,CUST00072,2024-11-07,11822.24,Central,Debit Card
ORD202013,CUST00071,2023-09-17,9364.42,South,Credit Card
ORD205210,CUST00236,2023-10-31,5014.88,North,Cash on Delivery
ORD205949,CUST00282,2023-05-27,3119.3,North,Credit Card
ORD210832,CUST00916,2024-01-09,1737.97,West,Debit Card
ORD207315,CUST00385,2023-05-15,3596.82,Central,UPI/Wallet
ORD210208,CUST00753,2024-05-23,3448.55,South,Cash on Delivery
ORD208819,CUST00563,2024-11-15,2682.41,North,UPI/Wallet
ORD210304,CUST00768,2023-07-15,2044.0,West,UPI/Wallet
ORD204142,CUST00165,2023-05-11,-1849.21,Central,UPI/Wallet
ORD206244,CUST00301,2023-12-30,5410.56,Central,Debit Card
ORD205791,CUST00273,2023-02-10,6486.18,East,Debit Card
ORD200563,CUST00020,2024-01-25,2884.67,South,Debit Card
ORD200944,CUST00033,2024-12-02,7543.68,East,UPI/Wallet
ORD204073,CUST00160,2023-10-27,1916.55,West,Debit Card
ORD200887,CUST00032,2023-12-24,7268.26,North,Net Banking
ORD201122,CUST00039,2024-06-01,13886.93,East,Cash on Delivery
ORD211061,CUST01000,2023-01-25,866.84,South,Cash on Delivery
ORD206751,CUST00334,2023-05-24,2950.62,North,Debit Card
ORD204669,CUST00201,2024-09-14,4538.3,Central,Credit Card
ORD205505,CUST00254,2024-06-04,3152.84,West,Credit Card
ORD206471,CUST00316,2024-06-06,2106.45,West,Cash on Delivery
ORD206011,CUST00286,2023-12-11,4130.84,East,UPI/Wallet
ORD208889,CUST00572,2023-08-25,3437.79,South,UPI/Wallet
ORD205805,CUST00273,2024-04-13,4633.95,East,Cash on Delivery
ORD200885,CUST00032,2023-11-06,6583.88,North,Cash on Delivery
ORD204631,CUST00198,2024-11-28,3779.26,South,Cash on Delivery
ORD206713,CUST00331,2024-10-19,3363.09,West,Credit Card
ORD200512,CUST00018,2024-03-05,4401.34,East,Debit Card
ORD211038,CUST00992,2023-05-31,1372.12,West,UPI/Wallet
ORD209864,CUST00702,2023-01-29,1875.78,South,Cash on Delivery
ORD207631,CUST00423,2024-09-26,3073.96,Central,UPI/Wallet
ORD209734,CUST00684,2023-04-01,3041.97,Central,Cash on Delivery
ORD209717,CUST00682,2023-08-07,2035.79,North,Debit Card
ORD207313,CUST00384,2024-12-09,2499.7,East,Debit Card
ORD200708,CUST00025,2024-12-14,2660.51,North,Cash on Delivery
ORD209185,CUST00609,2024-07-12,1873.84,Central,UPI/Wallet
ORD203090,CUST00111,2024-12-11,6259.28,South,UPI/Wallet
ORD203288,CUST00117,2024-10-15,2128.46,South,UPI/Wallet
ORD207377,CUST00393,2023-03-16,2517.02,East,UPI/Wallet
ORD202935,CUST00106,2023-03-10,4249.74,Central,Credit Card
ORD209842,CUST00699,2024-01-07,2936.56,Central,Credit Card
ORD200800,CUST00029,2023-01-02,3312.37,North,Cash on Delivery
ORD200362,CUST00013,2024-07-27,5967.71,North,UPI/Wallet
ORD200632,CUST00023,2024-01-29,4263.8,South,Debit Card
ORD207780,CUST00443,2023-01-30,2207.17,Central,UPI/Wallet
ORD204540,CUST00191,2024-08-15,2212.24,West,UPI/Wallet
ORD203547,CUST00126,2024-10-11,8869.87,East,Credit Card
ORD207028,CUST00352,2023-12-12,1891.2,West,Debit Card
ORD208015,CUST00470,2023-12-12,2163.09,North,Debit Card
ORD203718,CUST00135,2023-02-08,6283.91,Central,UPI/Wallet
ORD202873,CUST00103,2024-03-12,4631.33,Central,Credit Card
ORD207198,CUST00371,2024-07-05,2380.47,North,UPI/Wallet
ORD200529,CUST00019,2023-06-18,5145.55,North,Credit Card
ORD200285,CUST00011,2023-04-11,8175.63,South,Credit Card
ORD210488,CUST00796,2023-03-30,1055.2,South,UPI/Wallet
ORD206395,CUST00311,2024-06-17,4472.47,West,Cash on Delivery
ORD200925,CUST00033,2024-02-24,5297.84,East,Debit Card
ORD207825,CUST00449,2023-10-28,2413.75,East,Credit Card
ORD206331,CUST00307,2023-05-05,4131.91,North,Debit Card
ORD204067,CUST00159,2024-12-14,2746.71,South,Credit Card
ORD207761,CUST00439,2024-10-01,1938.89,East,Credit Card
ORD210224,CUST00755,2024-05-24,2539.62,West,Cash on Delivery
ORD206784,CUST00336,2023-06-29,2071.0,Central,Credit Card
ORD209613,CUST00667,2023-10-07,2809.51,Central,UPI/Wallet
ORD209560,CUST00660,2023-12-15,2027.7,Central,Cash on Delivery
ORD205809,CUST00273,2024-11-28,4875.13,East,UPI/Wallet
ORD209850,CUST00700,2023-08-22,3827.18,Central,UPI/Wallet
ORD204978,CUST00220,2024-07-16,5147.16,West,Credit Card
ORD206574,CUST00322,2023-05-29,-1179.89,West,Credit Card
ORD209519,CUST00655,2023-06-25,3909.12,West,Cash on Delivery
ORD208057,CUST00475,2024-10-13,2277.67,North,Debit Card
ORD200190,CUST00007,2023-06-11,8091.7,East,Credit Card
ORD207599,CUST00419,2024-12-19,2507.18,East,Cash on Delivery
ORD207667,CUST00427,2023-04-05,2441.0,North,Debit Card
ORD206130,CUST00294,2024-01-02,3199.97,West,Credit Card
ORD207480,CUST00406,2024-06-16,1123.52,North,Credit Card
ORD201287,CUST00046,2023-03-10,5420.66,West,UPI/Wallet
ORD209785,CUST00691,2023-07-06,1174.49,East,UPI/Wallet
ORD203895,CUST00147,2023-11-01,2173.1,North,UPI/Wallet
ORD205283,CUST00240,2024-09-27,3515.97,West,Debit Card
ORD200060,CUST00002,2024-08-13,5614.46,East,Cash on Delivery
ORD202009,CUST00071,2023-06-04,8483.33,South,Cash on Delivery
ORD202736,CUST00099,2023-06-13,9937.17,East,Credit Card
ORD203738,CUST00136,2023-02-28,5378.0,North,Credit Card
ORD208642,CUST00542,2023-10-19,1859.84,North,UPI/Wallet
ORD209554,CUST00659,2024-03-26,3838.11,South,Cash on Delivery
ORD208563,CUST00534,2023-11-23,2946.29,North,Debit Card
ORD206931,CUST00345,2023-06-10,3480.99,North,Cash on Delivery
ORD205655,CUST00264,2024-01-16,4538.13,East,Debit Card
ORD202171,CUST00076,2024-11-05,4804.48,South,UPI/Wallet
ORD200533,CUST00019,2023-09-22,6898.16,North,UPI/Wallet
ORD209487,CUST00650,2023-07-17,3847.16,North,UPI/Wallet
ORD203875,CUST00146,2023-03-07,4240.24,East,Net Banking
ORD206092,CUST00292,2024-02-03,6708.05,South,Credit Card
ORD204820,CUST00211,2023-09-30,1364.81,West,Net Banking
ORD207190,CUST00370,2024-08-04,2838.95,South,Net Banking
ORD210584,CUST00827,2023-03-07,384.87,North,Cash on Delivery
ORD200249,CUST00009,2024-05-26,4410.32,North,Credit Card
ORD209697,CUST00679,2023-09-15,1667.35,Central,UPI/Wallet
ORD204273,CUST00173,2023-11-10,3614.75,South,Net Banking
ORD203425,CUST00122,2023-09-08,4711.53,East,UPI/Wallet
ORD200530,CUST00019,2023-07-08,7725.14,North,UPI/Wallet
ORD209625,CUST00669,2023-04-03,3182.7,West,Debit Card
ORD201684,CUST00060,2024-04-15,4871.25,Central,Net Banking
ORD201279,CUST00045,2024-08-11,8603.1,East,Net Banking
ORD206821,CUST00338,2024-11-04,2646.6,Central,Cash on Delivery
ORD207199,CUST00371,2024-10-05,1606.58,North,UPI/Wallet
ORD202152,CUST00076,2023-02-25,5147.27,South,Debit Card
ORD209036,CUST00591,2023-04-15,1231.58,Central,Debit Card
ORD207230,CUST00375,2023-11-08,1715.79,East,Debit Card
ORD206040,CUST00288,2023-08-29,3097.11,West,Net Banking
ORD205716,CUST00268,2023-05-24,4093.35,West,Debit Card
ORD208366,CUST00511,2024-09-12,805.94,South,UPI/Wallet
ORD209626,CUST00669,2023-04-14,5821.44,West,UPI/Wallet
ORD206127,CUST00294,2023-04-30,4182.67,West,Cash on Delivery
ORD205557,CUST00257,2024-06-20,4478.81,North,Net Banking
ORD205111,CUST00229,2024-06-04,3685.16,North,Debit Card
ORD200738,CUST00026,2024-05-15,5546.59,East,Cash on Delivery
ORD205478,CUST00253,2023-02-16,4343.1,East,Credit Card
ORD208368,CUST00511,2024-12-19,1379.45,South,UPI/Wallet
ORD208312,CUST00505,2024-03-22,2605.46,North,Credit Card
ORD208276,CUST00501,2024-03-05,2494.04,Central,Cash on Delivery
ORD206799,CUST00337,2024-02-15,3761.24,East,UPI/Wallet
ORD204260,CUST00172,2024-08-08,3133.3,Central,Debit Card
ORD200274,CUST00010,2024-06-22,6060.37,North,Credit Card
ORD200106,CUST00004,2023-12-25,7386.06,West,UPI/Wallet
ORD208654,CUST00544,2023-04-25,1214.79,South,Credit Card
ORD205761,CUST00271,2023-03-26,4452.66,East,Debit Card
ORD203587,CUST00128,2023-10-27,3407.69,West,UPI/Wallet
ORD207753,CUST00439,2023-01-06,1610.46,East,UPI/Wallet
ORD205309,CUST00242,2023-08-11,5388.17,East,Net Banking
ORD203601,CUST00129,2023-03-09,4740.5,Central,Debit Card
ORD204512,CUST00189,2024-12-24,4220.94,Central,UPI/Wallet
ORD208242,CUST00497,2023-12-11,2897.47,West,Net Banking
ORD200731,CUST00026,2024-01-24,4984.11,East,UPI/Wallet
ORD209143,CUST00605,2023-10-26,2643.68,West,Credit Card
ORD204379,CUST00180,2024-07-13,3276.12,East,Credit Card
ORD204156,CUST00166,2023-03-31,2914.14,East,Cash on Delivery
ORD208123,CUST00483,2024-06-16,2895.31,South,Net Banking
ORD205616,CUST00261,2024-08-29,3663.86,South,UPI/Wallet
ORD201565,CUST00057,2023-02-21,6546.52,South,UPI/Wallet
ORD210194,CUST00750,2024-01-09,2338.23,South,Debit Card
ORD202953,CUST00106,2024-07-04,4241.89,Central,Credit Card
ORD200339,CUST00012,2024-04-18,8030.83,West,Credit Card
ORD204035,CUST00157,2024-06-05,2448.89,West,UPI/Wallet
ORD207896,CUST00458,2024-03-07,3624.88,Central,Cash on Delivery
ORD205007,CUST00222,2024-10-25,3554.03,West,UPI/Wallet
ORD201529,CUST00055,2023-04-10,4206.78,East,Credit Card
ORD201474,CUST00053,2023-07-02,5189.34,Central,Debit Card
ORD210089,CUST00735,2023-08-03,2666.69,East,Credit Card
ORD201847,CUST00065,2024-03-08,8209.68,South,UPI/Wallet
ORD200592,CUST00021,2024-05-03,4487.46,East,Cash on Delivery
ORD208444,CUST00520,2024-06-09,2834.55,South,Credit Card
ORD203386,CUST00121,2023-04-16,5311.0,South,Debit Card
ORD204871,CUST00214,2023-12-08,2500.91,North,Debit Card
ORD205877,CUST00277,2023-08-14,2282.97,Central,Credit Card
ORD202765,CUST00099,2024-08-18,4859.79,East,Credit Card
ORD207042,CUST00354,2023-03-21,2200.31,Central,UPI/Wallet
ORD203236,CUST00116,2023-01-24,7395.13,South,UPI/Wallet
ORD204282,CUST00173,2024-08-22,2973.92,South,UPI/Wallet
ORD207508,CUST00409,2024-12-13,1235.24,East,Cash on Delivery
ORD204504,CUST00189,2023-06-30,3822.46,Central,UPI/Wallet
ORD208718,CUST00551,2024-02-02,3716.15,South,UPI/Wallet
ORD206262,CUST00302,2023-11-11,3980.96,South,Credit Card
ORD209826,CUST00697,2023-12-16,4318.36,North,Net Banking
ORD204824,CUST00211,2024-06-17,3118.67,West,UPI/Wallet
ORD206384,CUST00310,2024-03-14,2328.01,West,Net Banking
ORD209840,CUST00699,2023-12-14,4288.85,Central,Credit Card
ORD203124,CUST00112,2024-06-28,7640.68,Central,UPI/Wallet
ORD206776,CUST00335,2024-08-28,8011.8,East,Credit Card
ORD207794,CUST00444,2024-11-23,2593.07,Central,Credit Card
ORD204641,CUST00199,2024-11-11,3151.48,East,Cash on Delivery
ORD203527,CUST00126,2023-08-18,11562.26,East,Debit Card
ORD201236,CUST00044,2023-09-04,7899.51,East,Debit Card
ORD208853,CUST00568,2023-04-20,3760.03,North,Credit Card
ORD210882,CUST00932,2024-05-08,2336.18,East,UPI/Wallet
ORD204876,CUST00214,2024-09-04,2602.32,North,Credit Card
ORD210857,CUST00924,2024-06-10,1411.04,South,Net Banking
ORD210615,CUST00839,2023-07-11,663.09,Central,Credit Card
ORD201634,CUST00058,2024-06-21,3621.39,South,Cash on Delivery
ORD208678,CUST00546,2024-03-19,2067.79,West,Debit Card
ORD209565,CUST00661,2023-02-19,1650.75,East,Credit Card
ORD200959,CUST00034,2023-08-25,8967.15,East,Credit Card
ORD207182,CUST00369,2024-01-18,1260.63,North,UPI/Wallet
ORD201369,CUST00048,2024-09-03,5021.63,South,Cash on Delivery
ORD208726,CUST00553,2023-12-21,1807.55,Central,Net Banking
ORD208998,CUST00586,2023-05-14,1212.67,East,UPI/Wallet
ORD205442,CUST00250,2024-03-09,6913.84,East,UPI/Wallet
ORD207437,CUST00401,2024-10-15,3264.13,West,Credit Card
ORD208025,CUST00471,2024-08-09,2409.99,East,UPI/Wallet
ORD203211,CUST00115,2023-02-06,3969.71,West,Cash on Delivery
ORD204109,CUST00162,2024-12-12,2494.53,West,Credit Card
ORD202329,CUST00083,2024-01-19,7550.61,South,Credit Card
ORD205717,CUST00268,2023-09-16,1433.54,West,Debit Card
ORD204397,CUST00182,2023-06-15,2993.81,North,Credit Card
ORD204952,CUST00219,2023-08-13,3721.61,South,Credit Card
ORD201242,CUST00044,2024-02-15,2937.56,East,Debit Card
ORD202545,CUST00091,2024-12-10,4100.65,East,Debit Card
ORD206155,CUST00295,2024-08-21,2038.03,South,Credit Card
ORD207686,CUST00429,2024-04-13,1287.81,Central,Credit Card
ORD203620,CUST00129,2024-04-26,5761.22,Central,Credit Card
ORD204924,CUST00217,2024-05-26,3929.13,Central,UPI/Wallet
ORD207174,CUST00368,2024-04-24,1470.38,Central,Cash on Delivery
ORD208118,CUST00483,2023-11-30,2416.25,South,UPI/Wallet
ORD207563,CUST00415,2024-08-24,1933.53,West,Cash on Delivery
ORD209946,CUST00713,2023-08-28,1437.8,South,UPI/Wallet
ORD206443,CUST00314,2024-05-22,4400.8,East,UPI/Wallet
ORD206566,CUST00321,2024-03-13,2529.71,West,Cash on Delivery
ORD209704,CUST00680,2023-07-24,3582.2,North,UPI/Wallet
ORD205796,CUST00273,2023-06-17,7846.36,East,Credit Card
ORD206374,CUST00309,2024-11-12,1600.21,West,Credit Card
ORD206315,CUST00306,2023-01-31,2075.55,West,UPI/Wallet
ORD210637,CUST00848,2023-06-12,1634.36,Central,Debit Card
ORD210987,CUST00974,2023-10-31,525.12,Central,Credit Card
ORD210641,CUST00849,2024-01-23,437.04,West,Credit Card
ORD207088,CUST00358,2024-10-28,1928.64,North,UPI/Wallet
ORD205290,CUST00241,2023-08-07,3900.09,South,Cash on Delivery
ORD202085,CUST00073,2024-07-13,4843.9,West,Credit Card
ORD209002,CUST00586,2024-01-18,1204.1,East,Debit Card
ORD201769,CUST00063,2024-03-28,8198.16,South,Credit Card
ORD204285,CUST00174,2023-01-02,4717.1,East,Credit Card
ORD207542,CUST00413,2024-03-25,3368.23,West,Credit Card
ORD208441,CUST00520,2023-04-30,3764.63,South,UPI/Wallet
ORD206647,CUST00327,2023-03-21,1865.23,East,Cash on Delivery
ORD204002,CUST00155,2024-08-16,2609.22,East,Credit Card
ORD205084,CUST00227,2024-10-24,4724.81,North,Credit Card
ORD206217,CUST00299,2024-09-04,2487.14,Central,Credit Card
ORD207399,CUST00396,2023-10-13,811.94,South,Cash on Delivery
ORD209293,CUST00623,2024-04-13,1930.78,North,Credit Card
ORD211009,CUST00980,2023-04-30,810.65,West,
ORD207327,CUST00387,2023-09-26,1692.12,Central,Credit Card
ORD204834,CUST00212,2023-09-04,3729.6,Central,Credit Card
ORD209961,CUST00715,2023-10-24,2460.44,North,UPI/Wallet
ORD206305,CUST00305,2023-08-16,2276.98,North,Credit Card
ORD210363,CUST00775,2024-03-03,2845.89,West,Net Banking
ORD210171,CUST00746,2024-01-02,3558.28,South,Cash on Delivery
ORD201763,CUST00063,2023-09-04,7970.84,South,Net Banking
ORD202827,CUST00102,2023-09-19,7932.35,Central,UPI/Wallet
ORD209157,CUST00607,2023-01-07,2561.96,Central,Debit Card
ORD200132,CUST00005,2023-11-02,11012.09,South,Credit Card
ORD208515,CUST00528,2023-03-24,2765.34,West,Credit Card
ORD202639,CUST00095,2023-11-17,7945.86,East,Debit Card
ORD208147,CUST00486,2023-11-25,3736.9,East,Credit Card
ORD208335,CUST00508,2024-07-11,1728.43,Central,Cash on Delivery
ORD205518,CUST00255,2023-11-06,3447.26,East,UPI/Wallet
ORD208347,CUST00509,2024-06-12,2636.21,Central,Credit Card
ORD200051,CUST00002,2024-01-22,6660.26,East,Debit Card
ORD205569,CUST00258,2023-09-24,3848.92,East,Debit Card
ORD202490,CUST00090,2023-09-07,8520.71,Central,UPI/Wallet
ORD204268,CUST00173,2023-05-27,4731.94,South,Net Banking
ORD205464,CUST00251,2024-07-04,3089.21,South,Debit Card
ORD208941,CUST00579,2023-10-23,1074.35,East,Debit Card
ORD209316,CUST00627,2023-11-03,4454.91,South,UPI/Wallet
ORD204256,CUST00172,2024-04-28,5059.32,Central,UPI/Wallet
ORD204191,CUST00168,2023-06-03,4208.34,West,Debit Card
ORD205244,CUST00238,2024-07-12,3272.54,Central,Cash on Delivery
ORD205589,CUST00259,2024-03-27,2368.37,North,Credit Card
ORD203924,CUST00149,2024-12-01,3115.91,West,Credit Card
ORD204713,CUST00204,2023-01-15,3829.2,North,Credit Card
ORD207856,CUST00453,2023-07-04,2521.31,Central,UPI/Wallet
ORD209026,CUST00590,2023-02-17,1546.59,North,Debit Card
ORD207769,CUST00440,2024-10-20,2473.66,West,Net Banking
ORD204788,CUST00208,2024-07-26,3466.51,South,Debit Card
ORD206675,CUST00329,2023-03-13,1388.74,Central,Debit Card
ORD209903,CUST00707,2023-05-03,2948.74,South,UPI/Wallet
ORD210248,CUST00759,2023-12-15,4659.61,West,Cash on Delivery
ORD201365,CUST00048,2024-05-13,5585.94,South,Cash on Delivery
ORD208281,CUST00502,2023-07-08,2000.47,South,Credit Card
ORD205855,CUST00276,2023-07-14,2751.23,Central,Debit Card
ORD209905,CUST00707,2023-05-31,2654.27,South,Cash on Delivery
ORD203502,CUST00125,2023-11-10,6665.57,South,Debit Card
ORD206135,CUST00294,2024-06-10,5079.46,West,Credit Card
ORD203040,CUST00110,2023-01-27,9326.77,West,UPI/Wallet
ORD210719,CUST00875,2023-12-21,1948.59,West,UPI/Wallet
ORD203779,CUST00139,2024-05-05,2300.0,Central,Cash on Delivery
ORD210268,CUST00761,2024-02-19,2942.71,North,Credit Card
ORD202389,CUST00085,2024-12-10,3951.31,South,Cash on Delivery
ORD202979,CUST00107,2024-09-22,5682.72,East,UPI/Wallet
ORD204437,CUST00185,2023-01-26,2331.43,North,Credit Card
ORD208746,CUST00555,2023-12-03,3260.47,Central,UPI/Wallet
ORD204591,CUST00196,2024-03-18,3832.17,Central,Credit Card
ORD203778,CUST00139,2024-03-25,2313.3,Central,UPI/Wallet
ORD208040,CUST00473,2024-05-05,2318.81,Central,Debit Card
ORD201629,CUST00058,2023-12-23,3723.67,South,Credit Card
ORD207596,CUST00419,2024-10-08,1887.16,East,Cash on Delivery
ORD200050,CUST00002,2024-01-13,8599.53,East,Debit Card
ORD203109,CUST00112,2024-01-03,11539.1,Central,Credit Card
ORD200718,CUST00026,2023-08-23,5243.46,East,UPI/Wallet
ORD205982,CUST00284,2024-04-24,4490.09,South,Debit Card
ORD200470,CUST00017,2023-08-06,5319.21,South,Net Banking
ORD207643,CUST00424,2024-11-24,1813.37,West,Debit Card
ORD206956,CUST00346,2024-05-18,1969.88,East,Debit Card
ORD200955,CUST00034,2023-06-21,6308.48,East,Credit Card
ORD208016,CUST00470,2023-12-16,818.17,North,Cash on Delivery
ORD202816,CUST00101,2024-09-29,-7636.47,West,UPI/Wallet
ORD210611,CUST00837,2024-01-12,1677.42,West,Debit Card
ORD202800,CUST00101,2023-06-14,7191.64,West,UPI/Wallet
ORD206152,CUST00295,2024-05-11,3497.81,South,UPI/Wallet
ORD201252,CUST00044,2024-06-12,6992.27,East,Cash on Delivery
ORD202141,CUST00075,2024-02-10,4971.74,South,Cash on Delivery
ORD208983,CUST00584,2023-05-29,1101.76,North,Net Banking
ORD208505,CUST00527,2024-08-05,2914.78,North,Debit Card
ORD208624,CUST00540,2024-04-10,2114.09,North,Credit Card
ORD202606,CUST00094,2023-04-21,3447.95,Central,Credit Card
ORD202945,CUST00106,2023-11-05,3708.01,Central,Credit Card
ORD210230,CUST00756,2024-07-31,2849.28,West,UPI/Wallet
ORD203461,CUST00123,2024-02-09,9237.22,West,Cash on Delivery
ORD210686,CUST00865,2023-05-27,1718.9,East,UPI/Wallet
ORD209859,CUST00701,2023-07-22,1289.82,South,Credit Card
ORD202134,CUST00075,2023-07-28,4072.83,South,Credit Card
ORD205764,CUST00271,2023-07-08,4951.45,East,Credit Card
ORD206070,CUST00291,2023-01-26,3823.37,North,Credit Card
ORD201761,CUST00063,2023-08-10,9077.57,South,Debit Card
ORD208700,CUST00548,2024-11-20,1948.6,West,Cash on Delivery
ORD200045,CUST00002,2023-07-23,5320.54,East,Debit Card
ORD207807,CUST00446,2024-07-18,2158.91,East,UPI/Wallet
ORD203066,CUST00111,2023-02-11,8794.41,South,Credit Card
ORD204578,CUST00195,2024-02-23,1890.21,West,UPI/Wallet
ORD200355,CUST00013,2023-11-12,3785.47,North,Credit Card
ORD211047,CUST00994,2024-02-15,647.82,East,Credit Card
ORD203834,CUST00143,2023-01-13,4070.07,West,Credit Card
ORD204682,CUST00202,2024-05-19,1699.72,West,Cash on Delivery
ORD206470,CUST00316,2024-05-26,836.96,West,Credit Card
ORD209360,CUST00633,2023-09-22,2563.57,Central,UPI/Wallet
ORD206541,CUST00320,2023-10-09,3859.3,West,Credit Card
ORD209315,CUST00627,2023-08-15,3579.88,South,Credit Card
ORD205159,CUST00232,2024-07-31,1678.2,South,Credit Card
ORD204083,CUST00161,2023-02-02,3353.34,South,Credit Card
ORD207091,CUST00359,2023-07-12,4542.21,North,Cash on Delivery
ORD208564,CUST00534,2024-02-01,3240.86,North,Debit Card
ORD202915,CUST00105,2023-09-11,3103.65,South,Cash on Delivery
ORD201627,CUST00058,2023-12-06,1743.86,South,UPI/Wallet
ORD202885,CUST00104,2023-01-23,5455.18,East,Debit Card
ORD202631,CUST00095,2023-06-29,6450.43,East,UPI/Wallet
ORD207730,CUST00435,2024-04-03,2808.2,North,Credit Card
ORD209550,CUST00659,2023-11-01,5103.76,South,Cash on Delivery
ORD207070,CUST00357,2023-01-11,1219.15,North,UPI/Wallet
ORD205446,CUST00250,2024-09-15,4227.4,East,Cash on Delivery
ORD210527,CUST00809,2023-05-14,550.54,South,Cash on Delivery
ORD203705,CUST00134,2023-05-11,2616.15,North,Credit Card
ORD202655,CUST00095,2024-11-08,8511.77,East,Cash on Delivery
ORD205863,CUST00276,2023-11-08,3610.62,Central,Debit Card
ORD210820,CUST00911,2024-01-28,2476.19,East,Credit Card
ORD205779,CUST00272,2023-09-23,2835.66,Central,Cash on Delivery
ORD210836,CUST00917,2024-06-06,955.27,West,UPI/Wallet
ORD207663,CUST00426,2024-10-24,2095.84,South,Cash on Delivery
ORD204869,CUST00214,2023-12-01,2481.89,North,UPI/Wallet
ORD200951,CUST00034,2023-05-01,6158.65,East,UPI/Wallet
ORD210385,CUST00778,2024-01-26,2416.15,Central,UPI/Wallet
ORD207922,CUST00461,2023-08-26,3459.58,West,Debit Card
ORD201291,CUST00046,2023-05-12,6130.1,West,Debit Card
ORD201571,CUST00057,2023-07-13,6013.68,South,Credit Card
ORD202455,CUST00088,2024-12-30,7836.22,North,UPI/Wallet
ORD205327,CUST00243,2023-11-23,3206.17,West,Credit Card
ORD208307,CUST00504,2024-12-01,1253.2,West,UPI/Wallet
ORD200644,CUST00023,2024-12-13,5940.48,South,Credit Card
ORD210254,CUST00760,2023-03-07,1775.6,Central,Credit Card
ORD207124,CUST00363,2023-09-17,1449.59,North,UPI/Wallet
ORD206968,CUST00347,2024-10-07,1303.77,Central,Net Banking
ORD210906,CUST00943,2024-02-12,532.97,West,Cash on Delivery
ORD211004,CUST00978,2024-02-15,1513.33,North,Credit Card
ORD205556,CUST00257,2024-06-10,2608.0,North,Debit Card
ORD203599,CUST00129,2023-01-26,4191.63,Central,UPI/Wallet
ORD206449,CUST00315,2023-08-31,3557.36,West,Debit Card
ORD208851,CUST00567,2024-10-12,3331.38,South,UPI/Wallet
ORD208877,CUST00571,2023-10-05,4726.18,Central,Credit Card
ORD209233,CUST00615,2024-04-20,2677.13,Central,UPI/Wallet
ORD208967,CUST00582,2023-09-24,3419.61,East,Cash on Delivery
ORD201214,CUST00043,2023-07-15,6308.15,North,UPI/Wallet
ORD203192,CUST00114,2024-04-07,6404.1,West,Credit Card
ORD202930,CUST00105,2024-12-16,2469.37,South,Debit Card
ORD202851,CUST00103,2023-06-06,4343.5,Central,Debit Card
ORD210729,CUST00880,2023-01-11,279.51,East,Cash on Delivery
ORD205372,CUST00246,2023-03-25,2630.26,East,Debit Card
ORD201849,CUST00065,2024-04-07,12395.42,South,UPI/Wallet
ORD202897,CUST00104,2024-03-04,7733.18,East,UPI/Wallet
ORD208762,CUST00556,2024-08-16,793.28,East,Debit Card
ORD204212,CUST00169,2023-11-21,4217.45,North,Cash on Delivery
ORD209693,CUST00678,2024-05-03,2828.16,South,Cash on Delivery
ORD206907,CUST00343,2024-04-12,3533.87,East,Debit Card
ORD211063,CUST01000,2024-01-01,1269.93,South,Cash on Delivery
ORD202493,CUST00090,2023-11-08,10851.71,Central,UPI/Wallet
ORD206622,CUST00325,2023-10-01,4985.98,West,Cash on Delivery
ORD200186,CUST00007,2023-02-22,5684.57,East,Cash on Delivery
ORD208249,CUST00498,2023-05-23,918.66,Central,Credit Card
ORD200877,CUST00031,2024-06-30,6309.92,West,UPI/Wallet
ORD207990,CUST00468,2023-01-07,3744.0,Central,UPI/Wallet
ORD200035,CUST00001,2024-09-04,5530.44,North,UPI/Wallet
ORD208855,CUST00568,2023-10-19,4049.84,North,UPI/Wallet
ORD203321,CUST00118,2024-12-16,6734.32,West,Cash on Delivery
ORD208179,CUST00490,2023-10-10,3782.53,North,UPI/Wallet
ORD208442,CUST00520,2023-06-20,3282.87,South,UPI/Wallet
ORD208422,CUST00517,2024-07-14,2420.43,East,Credit Card
ORD203117,CUST00112,2024-04-05,8978.31,Central,Debit Card
ORD201975,CUST00069,2024-05-13,9406.34,Central,UPI/Wallet
ORD203239,CUST00116,2023-05-16,7009.65,South,Debit Card
ORD209925,CUST00710,2024-03-29,783.83,North,Cash on Delivery
ORD208825,CUST00564,2024-07-27,4020.06,East,UPI/Wallet
ORD205288,CUST00241,2023-03-09,2677.33,South,Cash on Delivery
ORD209507,CUST00653,2023-12-20,1731.76,Central,UPI/Wallet
ORD207703,CUST00431,2024-12-06,1866.66,South,UPI/Wallet
ORD209353,CUST00632,2023-11-17,2892.84,Central,Debit Card
ORD207225,CUST00375,2023-01-29,1941.91,East,Credit Card
ORD205113,CUST00229,2024-08-07,4791.56,North,Cash on Delivery
ORD206016,CUST00286,2024-06-28,2887.02,East,Cash on Delivery
ORD208963,CUST00581,2024-12-14,2060.64,Central,Net Banking
ORD203391,CUST00121,2023-09-14,4204.05,South,Cash on Delivery
ORD202252,CUST00080,2023-12-08,6227.12,North,Credit Card
ORD202794,CUST00100,2024-10-01,6723.95,North,Debit Card
ORD203804,CUST00141,2023-02-27,5079.24,Central,Credit Card
ORD203035,CUST00109,2024-10-10,7966.71,Central,Debit Card
ORD201141,CUST00040,2024-04-18,6146.66,South,Net Banking
ORD201384,CUST00049,2023-05-13,5765.59,South,UPI/Wallet
ORD203675,CUST00132,2023-01-09,2061.59,West,Credit Card
ORD203822,CUST00142,2023-03-13,2800.86,North,Cash on Delivery
ORD202966,CUST00107,2023-03-31,4686.14,East,Net Banking
ORD205584,CUST00259,2023-06-03,1215.27,North,Cash on Delivery
ORD208173,CUST00489,2024-02-03,1985.77,South,UPI/Wallet
ORD207283,CUST00381,2023-08-01,3038.05,East,Debit Card
ORD205974,CUST00284,2023-06-24,5778.18,South,Credit Card
ORD201453,CUST00052,2023-11-08,3892.73,South,Credit Card
ORD210917,CUST00947,2024-02-20,1647.33,Central,UPI/Wallet
ORD203649,CUST00130,2023-12-02,9243.8,South,Credit Card
ORD209917,CUST00709,2023-05-18,2702.75,East,Credit Card
ORD209351,CUST00632,2023-06-03,2672.86,Central,UPI/Wallet
ORD210523,CUST00807,2023-02-13,676.45,North,Cash on Delivery
ORD206935,CUST00345,2023-10-07,3175.68,North,Debit Card
ORD207661,CUST00426,2024-07-27,1094.43,South,Credit Card
ORD200721,CUST00026,2023-09-10,4117.9,East,Credit Card
ORD208145,CUST00486,2023-11-13,3289.28,East,UPI/Wallet
ORD205322,CUST00243,2023-04-23,3375.64,West,Cash on Delivery
ORD203937,CUST00150,2024-12-22,1373.51,North,Credit Card
ORD208263,CUST00499,2024-05-29,1405.7,North,UPI/Wallet
ORD210794,CUST00903,2023-03-28,542.81,Central,
ORD207668,CUST00427,2023-04-22,1811.4,North,Debit Card
ORD204817,CUST00211,2023-06-28,1750.53,West,Credit Card
ORD206943,CUST00345,2024-10-27,3356.21,North,Debit Card
ORD209132,CUST00603,2024-07-23,1061.56,East,Credit Card
ORD201977,CUST00069,2024-06-09,8981.34,Central,Credit Card
ORD203870,CUST00145,2024-06-29,2798.53,North,Debit Card
ORD203535,CUST00126,2024-02-15,5713.6,East,UPI/Wallet
ORD209373,CUST00635,2023-09-14,3674.56,West,Credit Card
ORD210517,CUST00805,2023-07-17,1537.88,Central,Credit Card
ORD203470,CUST00123,2024-10-12,12030.63,West,UPI/Wallet
ORD203897,CUST00147,2023-12-19,2889.24,North,Cash on Delivery
ORD209955,CUST00714,2024-05-30,1231.13,Central,Debit Card
ORD200415,CUST00015,2024-04-07,6477.33,Central,UPI/Wallet
ORD210356,CUST00774,2023-11-24,2512.16,East,UPI/Wallet
ORD205080,CUST00227,2024-05-20,5675.05,North,Credit Card
ORD209576,CUST00662,2023-09-28,2116.27,West,Net Banking
ORD201674,CUST00060,2023-01-13,2336.53,Central,Debit Card
ORD208176,CUST00489,2024-10-13,1855.56,South,UPI/Wallet
ORD202746,CUST00099,2023-10-06,3825.91,East,Debit Card
ORD207179,CUST00369,2023-11-15,1640.22,North,Cash on Delivery
ORD206030,CUST00287,2024-05-10,3262.58,West,Credit Card
ORD206510,CUST00318,2024-06-17,3440.5,South,UPI/Wallet
ORD209746,CUST00685,2023-03-02,2007.29,Central,Net Banking
ORD201829,CUST00065,2023-05-19,6084.01,South,UPI/Wallet
ORD210242,CUST00759,2023-06-08,6487.82,West,Debit Card
ORD211045,CUST00994,2023-11-04,459.51,East,UPI/Wallet
ORD204228,CUST00170,2024-05-25,2230.17,North,UPI/Wallet
ORD206074,CUST00291,2023-08-01,4681.8,North,Cash on Delivery
ORD200926,CUST00033,2024-03-07,4821.94,East,Cash on Delivery
ORD209568,CUST00661,2023-04-13,1845.82,East,Credit Card
ORD202259,CUST00080,2024-09-23,6473.38,North,UPI/Wallet
ORD201650,CUST00059,2023-02-26,5780.87,South,Cash on Delivery
ORD201053,CUST00037,2024-01-23,4558.96,Central,Credit Card
ORD210691,CUST00867,2023-05-26,2696.06,Central,Debit Card
ORD206967,CUST00347,2024-10-04,3284.87,Central,Credit Card
ORD203847,CUST00143,2024-11-28,4179.37,West,Debit Card
ORD202298,CUST00082,2024-02-21,6802.46,West,Debit Card
ORD207470,CUST00405,2023-07-21,1988.7,South,Debit Card
ORD201863,CUST00065,2024-10-20,9566.44,South,UPI/Wallet
ORD203091,CUST00112,2023-01-10,4215.26,Central,Cash on Delivery
ORD204593,CUST00196,2024-06-08,6324.33,Central,Credit Card
ORD209396,CUST00638,2023-11-26,3866.38,West,Credit Card
ORD207886,CUST00457,2023-09-28,2619.14,East,UPI/Wallet
ORD200882,CUST00032,2023-02-11,6700.67,North,Credit Card
ORD208059,CUST00476,2023-08-12,2683.01,West,UPI/Wallet
ORD207795,CUST00445,2023-06-01,1930.79,South,UPI/Wallet
ORD206243,CUST00301,2023-12-03,5488.03,Central,Credit Card
ORD207736,CUST00436,2024-02-05,2174.9,Central,UPI/Wallet
ORD208086,CUST00478,2024-11-14,2639.16,West,Cash on Delivery
ORD203431,CUST00122,2023-12-22,4088.62,East,Debit Card
ORD209962,CUST00715,2024-01-17,1584.24,North,Net Banking
ORD207827,CUST00449,2024-04-15,1686.55,East,UPI/Wallet
ORD203892,CUST00147,2023-06-09,2193.28,North,Debit Card
ORD210387,CUST00779,2023-01-08,2435.59,Central,UPI/Wallet
ORD204990,CUST00221,2024-03-12,1881.55,South,Credit Card
ORD207876,CUST00455,2024-06-06,2961.09,North,Credit Card
ORD203511,CUST00125,2024-04-12,6678.1,South,Credit Card
ORD201310,CUST00046,2024-05-20,6011.83,West,UPI/Wallet
ORD208569,CUST00534,2024-12-08,2381.66,North,Net Banking
ORD203232,CUST00115,2024-12-24,3106.24,West,UPI/Wallet
ORD210338,CUST00771,2024-02-17,2119.1,East,Debit Card
ORD200952,CUST00034,2023-05-08,6103.47,East,Credit Card
ORD206488,CUST00317,2023-10-22,2289.62,South,Credit Card
ORD203308,CUST00118,2023-09-17,10248.34,West,Credit Card
ORD208930,CUST00577,2024-11-03,2088.83,East,Credit Card
ORD206691,CUST00330,2024-05-02,3518.39,South,Credit Card
ORD209637,CUST00671,2023-01-16,2777.99,South,UPI/Wallet
ORD205591,CUST00259,2024-05-27,1839.19,North,Debit Card
ORD203739,CUST00136,2023-04-15,4135.11,North,UPI/Wallet
ORD210512,CUST00804,2023-01-23,1755.31,Central,Credit Card
ORD203541,CUST00126,2024-07-04,8718.42,East,UPI/Wallet
ORD210948,CUST00957,2023-10-02,1721.69,North,UPI/Wallet
ORD202686,CUST00097,2023-03-27,6548.48,North,UPI/Wallet
ORD209520,CUST00655,2023-08-18,3953.04,West,Debit Card
ORD201819,CUST00064,2024-12-18,3454.98,Central,UPI/Wallet
ORD209579,CUST00662,2024-01-11,3312.68,West,UPI/Wallet
ORD210715,CUST00874,2023-02-07,673.24,West,UPI/Wallet
ORD204525,CUST00190,2024-12-17,1460.44,East,Net Banking
ORD209414,CUST00640,2024-04-18,5205.47,North,Credit Card
ORD200195,CUST00007,2023-08-13,8530.34,East,Credit Card
ORD210153,CUST00744,2023-03-04,2753.35,East,UPI/Wallet
ORD210325,CUST00770,2023-11-20,1510.56,East,UPI/Wallet
ORD204441,CUST00185,2023-06-04,3376.53,North,Cash on Delivery
ORD204803,CUST00210,2023-06-27,3980.53,Central,Net Banking
ORD201940,CUST00067,2024-12-17,5240.1,Central,UPI/Wallet
ORD210657,CUST00854,2023-08-31,493.21,West,UPI/Wallet
ORD203987,CUST00154,2024-01-03,2683.14,East,Net Banking
ORD206079,CUST00291,2024-06-07,3110.6,North,UPI/Wallet
ORD200213,CUST00008,2023-01-11,4915.16,West,Debit Card
ORD207469,CUST00405,2023-05-27,1624.46,South,Credit Card
ORD208966,CUST00582,2023-09-05,4594.63,East,Credit Card
ORD200672,CUST00025,2023-01-01,4564.66,North,Cash on Delivery
ORD210542,CUST00813,2024-01-05,1038.31,East,Debit Card
ORD202328,CUST00083,2023-12-04,5462.39,South,Cash on Delivery
ORD209673,CUST00675,2024-03-11,2680.8,East,Credit Card
ORD208460,CUST00522,2023-09-03,2005.09,East,UPI/Wallet
ORD201499,CUST00054,2023-07-25,2883.99,East,Debit Card
ORD203929,CUST00150,2023-05-24,1463.56,North,Debit Card
ORD206629,CUST00325,2024-11-13,4515.08,West,Credit Card
ORD207438,CUST00402,2023-01-26,1055.66,West,Net Banking
ORD205936,CUST00281,2023-06-30,1869.53,East,Cash on Delivery
ORD205493,CUST00253,2024-12-11,5573.22,East,Debit Card
ORD206059,CUST00290,2023-01-18,5470.74,Central,Credit Card
ORD201958,CUST00068,2024-08-18,8141.24,West,Debit Card
ORD209998,CUST00720,2023-12-12,2524.99,Central,Credit Card
ORD203303,CUST00118,2023-08-24,3458.23,West,UPI/Wallet
ORD203521,CUST00126,2023-03-07,8480.6,East,Debit Card
ORD205920,CUST00280,2023-01-13,3808.95,East,Debit Card
ORD210908,CUST00944,2023-02-21,-1986.14,South,UPI/Wallet
ORD201519,CUST00054,2024-10-14,2713.21,East,Debit Card
ORD204357,CUST00178,2024-10-26,3512.25,West,Cash on Delivery
ORD201613,CUST00058,2023-05-31,4399.46,South,Cash on Delivery
ORD202520,CUST00091,2023-11-12,-3629.52,East,UPI/Wallet
ORD200418,CUST00015,2024-06-04,11500.54,Central,Credit Card
ORD207026,CUST00352,2023-09-15,1256.74,West,Debit Card
ORD204624,CUST00198,2023-12-24,2779.65,South,Cash on Delivery
ORD206550,CUST00321,2023-03-30,1824.3,West,UPI/Wallet
ORD202338,CUST00083,2024-09-19,4734.74,South,UPI/Wallet
ORD205208,CUST00236,2023-10-03,4357.42,North,UPI/Wallet
ORD207184,CUST00369,2024-08-03,1226.2,North,UPI/Wallet
ORD202044,CUST00072,2024-05-15,8049.17,Central,Credit Card
ORD208284,CUST00502,2024-06-21,1948.07,South,Credit Card
ORD210774,CUST00896,2023-07-04,1183.32,North,Debit Card
ORD210656,CUST00854,2023-06-14,540.27,West,Credit Card
ORD201430,CUST00051,2023-11-04,8933.37,East,Credit Card
ORD204818,CUST00211,2023-06-30,3333.59,West,UPI/Wallet
ORD203200,CUST00114,2024-08-18,12449.72,West,Credit Card
ORD207967,CUST00465,2024-01-30,978.74,Central,UPI/Wallet
ORD202142,CUST00075,2024-04-08,3318.98,South,
ORD207040,CUST00353,2024-10-29,3253.77,North,UPI/Wallet
ORD207877,CUST00455,2024-07-14,1161.49,North,Debit Card
ORD204711,CUST00203,2024-11-01,3285.67,West,Credit Card
ORD207282,CUST00381,2023-07-16,3429.71,East,Credit Card
ORD202542,CUST00091,2024-11-27,6622.34,East,UPI/Wallet
ORD210463,CUST00790,2023-01-28,3300.29,Central,Credit Card
ORD209445,CUST00644,2023-05-31,2640.79,North,Cash on Delivery
ORD206585,CUST00322,2024-12-11,2954.53,West,Cash on Delivery
ORD203138,CUST00113,2023-04-30,4481.05,Central,Cash on Delivery
ORD205639,CUST00263,2023-12-21,6383.97,West,UPI/Wallet
ORD208814,CUST00563,2024-05-04,2416.82,North,Credit Card
ORD210736,CUST00882,2023-09-14,1057.57,Central,UPI/Wallet
ORD203604,CUST00129,2023-05-10,3203.59,Central,Net Banking
ORD200026,CUST00001,2024-05-05,4623.39,North,Cash on Delivery
ORD208838,CUST00566,2023-08-05,3714.91,West,Debit Card
ORD208399,CUST00515,2024-02-23,2753.6,Central,Debit Card
ORD205925,CUST00280,2024-01-04,3488.04,East,Debit Card
ORD208180,CUST00490,2023-10-13,2362.1,North,UPI/Wallet
ORD207830,CUST00450,2023-10-30,1331.45,North,Cash on Delivery
ORD200353,CUST00013,2023-07-21,4767.87,North,UPI/Wallet
ORD205019,CUST00223,2024-04-24,3536.67,West,Net Banking
ORD209517,CUST00655,2023-02-13,2498.35,West,Credit Card
ORD204637,CUST00199,2024-01-19,3958.65,East,Credit Card
ORD204693,CUST00202,2024-12-10,4114.1,West,Debit Card
ORD202932,CUST00106,2023-02-27,1735.2,Central,Debit Card
ORD207741,CUST00437,2023-07-05,1186.97,Central,Debit Card
ORD208934,CUST00578,2023-08-22,2151.24,East,Credit Card
ORD206405,CUST00312,2023-12-27,996.12,West,UPI/Wallet
ORD200685,CUST00025,2023-08-11,3987.16,North,Credit Card
ORD209971,CUST00717,2023-01-01,5278.86,Central,Debit Card
ORD205124,CUST00230,2023-12-31,2424.34,East,Credit Card
ORD202289,CUST00082,2023-08-04,8003.8,West,UPI/Wallet
ORD203744,CUST00136,2024-04-13,4719.19,North,Cash on Delivery
ORD203393,CUST00121,2023-12-17,3599.67,South,Debit Card
ORD202362,CUST00084,2024-08-19,8850.3,North,Credit Card
ORD203726,CUST00135,2024-01-12,5909.31,Central,Credit Card
ORD207328,CUST00387,2024-01-11,1406.62,Central,Credit Card
ORD205554,CUST00257,2023-12-24,4364.42,North,Net Banking
ORD210924,CUST00949,2024-01-23,-563.03,East,Debit Card
ORD210975,CUST00969,2023-11-05,1213.22,South,UPI/Wallet
ORD202120,CUST00074,2024-07-09,10305.63,East,Debit Card
ORD206645,CUST00326,2024-11-29,5922.58,North,Cash on Delivery
ORD205271,CUST00240,2023-11-09,5246.35,West,UPI/Wallet
ORD207472,CUST00405,2024-07-27,3558.56,South,Debit Card
ORD207536,CUST00413,2023-08-25,4012.95,West,Credit Card
ORD207147,CUST00365,2023-11-23,1270.38,East,Credit Card
ORD208977,CUST00583,2023-07-06,3548.83,Central,UPI/Wallet
ORD203836,CUST00143,2023-07-09,4701.2,West,UPI/Wallet
ORD210905,CUST00943,2023-12-21,638.02,West,Debit Card
ORD209463,CUST00646,2024-04-17,5502.3,South,Credit Card
ORD207257,CUST00378,2024-07-29,3180.98,North,Cash on Delivery
ORD203426,CUST00122,2023-09-14,3349.47,East,Net Banking
ORD201815,CUST00064,2024-09-01,4764.51,Central,Debit Card
ORD208993,CUST00585,2024-08-24,2144.27,Central,Cash on Delivery
ORD210318,CUST00769,2024-05-22,4524.89,East,Net Banking
ORD201981,CUST00069,2024-10-06,11824.28,Central,Credit Card
ORD207822,CUST00448,2024-12-03,2336.83,Central,Cash on Delivery
ORD208296,CUST00503,2024-06-21,3478.49,West,Credit Card
ORD210844,CUST00921,2023-08-02,684.33,North,Debit Card
ORD202010,CUST00071,2023-07-13,12154.73,South,Debit Card
ORD205043,CUST00225,2023-06-11,5005.09,North,Cash on Delivery
ORD204878,CUST00214,2024-10-17,2204.43,North,Debit Card
ORD202003,CUST00070,2024-12-10,6613.53,North,Debit Card
ORD200478,CUST00017,2024-03-20,3680.5,South,UPI/Wallet
ORD207336,CUST00388,2023-12-12,2132.63,West,Debit Card
ORD210929,CUST00951,2024-04-08,1075.36,West,Cash on Delivery
ORD207424,CUST00400,2023-11-20,1791.5,West,Credit Card
ORD206254,CUST00301,2024-10-17,5530.23,Central,Cash on Delivery
ORD201041,CUST00037,2023-06-07,4947.66,Central,Debit Card
ORD200603,CUST00022,2023-04-28,8506.39,South,Credit Card
ORD203057,CUST00110,2024-04-25,7183.79,West,UPI/Wallet
ORD202521,CUST00091,2023-11-12,4545.02,East,Net Banking
ORD204575,CUST00195,2023-01-21,2369.96,West,Debit Card
ORD202318,CUST00082,2024-12-02,9335.06,West,UPI/Wallet
ORD210765,CUST00893,2023-07-27,669.06,West,Cash on Delivery
ORD200573,CUST00020,2024-10-13,5332.54,South,UPI/Wallet
ORD200148,CUST00006,2023-02-27,6961.35,North,UPI/Wallet
ORD203220,CUST00115,2024-02-04,-4751.92,West,Debit Card
ORD206451,CUST00315,2024-03-27,2967.56,West,Debit Card
ORD210240,CUST00758,2024-03-29,3193.93,East,Cash on Delivery
ORD200690,CUST00025,2023-10-21,2312.77,North,Credit Card
ORD202997,CUST00108,2023-12-06,6085.05,East,Cash on Delivery
ORD205546,CUST00257,2023-02-25,4033.28,North,Debit Card
ORD200970,CUST00034,2024-07-05,6529.45,East,Credit Card
ORD205235,CUST00238,2023-11-09,3093.47,Central,UPI/Wallet
ORD203376,CUST00120,2024-09-21,3098.05,Central,Credit Card
ORD206952,CUST00346,2023-11-30,4857.69,East,Cash on Delivery
ORD210228,CUST00756,2023-08-06,2271.47,West,Cash on Delivery
ORD210015,CUST00723,2023-06-09,1879.47,East,Cash on Delivery
ORD207185,CUST00369,2024-12-18,1536.82,North,Credit Card
ORD202510,CUST00091,2023-04-24,3685.38,East,UPI/Wallet
ORD210166,CUST00746,2023-03-11,5199.46,South,UPI/Wallet
ORD207982,CUST00466,2024-11-09,3034.88,West,Credit Card
ORD206917,CUST00344,2023-04-13,5798.56,East,Cash on Delivery
ORD210939,CUST00954,2023-09-03,1656.14,North,UPI/Wallet
ORD201533,CUST00055,2023-09-26,2750.49,East,Debit Card
ORD203401,CUST00121,2024-05-16,4289.98,South,UPI/Wallet
ORD208924,CUST00577,2023-03-07,2105.36,East,Credit Card
ORD200037,CUST00001,2024-11-24,5429.75,North,Debit Card
ORD206774,CUST00335,2024-02-15,3472.82,East,Debit Card
ORD204794,CUST00209,2023-10-31,4258.04,South,Cash on Delivery
ORD200199,CUST00007,2023-09-29,7044.15,East,Credit Card
ORD201021,CUST00036,2023-12-19,6477.37,East,UPI/Wallet
ORD205549,CUST00257,2023-05-01,3241.02,North,UPI/Wallet
ORD207657,CUST00426,2023-10-22,1522.73,South,Credit Card
ORD208417,CUST00516,2024-12-17,3464.48,Central,UPI/Wallet
ORD209725,CUST00683,2023-05-06,2999.3,East,Debit Card
ORD207100,CUST00360,2024-09-30,1948.55,West,Credit Card
ORD208843,CUST00566,2024-05-28,4096.72,West,Credit Card
ORD208572,CUST00535,2023-10-12,1508.89,North,Net Banking
ORD204517,CUST00190,2023-12-09,5425.94,East,UPI/Wallet
ORD201126,CUST00040,2023-01-29,7433.04,South,UPI/Wallet
ORD208514,CUST00528,2023-03-22,2947.65,West,Debit Card
ORD200608,CUST00022,2023-07-16,7254.72,South,Debit Card
ORD205998,CUST00285,2024-01-02,2980.66,South,Cash on Delivery
ORD204638,CUST00199,2024-03-28,3597.88,East,Debit Card
ORD209737,CUST00684,2023-06-01,2769.53,Central,Net Banking
ORD206065,CUST00290,2024-06-09,5583.62,Central,Cash on Delivery
ORD207565,CUST00415,2024-10-27,1282.99,West,Net Banking
ORD209959,CUST00715,2023-06-15,1092.46,North,Credit Card
ORD206186,CUST00297,2024-06-17,3208.05,East,Cash on Delivery
ORD209646,CUST00672,2023-07-06,3719.98,South,Net Banking
ORD208499,CUST00526,2024-10-18,3140.83,West,Credit Card
ORD208466,CUST00522,2024-10-12,3826.29,East,Net Banking
ORD202466,CUST00089,2024-03-01,7968.01,Central,Net Banking
ORD201140,CUST00040,2024-04-16,7235.92,South,Debit Card
ORD210912,CUST00946,2023-03-22,990.27,Central,Credit Card
ORD207051,CUST00355,2023-07-26,2996.87,North,Net Banking
ORD202823,CUST00102,2023-03-27,10251.02,Central,UPI/Wallet
ORD201151,CUST00041,2023-01-22,3826.75,South,UPI/Wallet
ORD200059,CUST00002,2024-07-28,5385.73,East,Credit Card
ORD211049,CUST00995,2023-12-28,1301.25,West,Credit Card
ORD205089,CUST00228,2023-04-05,3592.4,West,UPI/Wallet
ORD205744,CUST00269,2024-08-30,3099.25,West,UPI/Wallet
ORD202937,CUST00106,2023-04-07,2595.58,Central,Credit Card
ORD201071,CUST00038,2023-03-21,7134.38,West,UPI/Wallet
ORD206410,CUST00312,2024-03-03,1411.81,West,UPI/Wallet
ORD201316,CUST00046,2024-11-13,6484.16,West,Credit Card
ORD205494,CUST00254,2023-01-18,3600.75,West,Cash on Delivery
ORD210510,CUST00802,2024-04-26,1974.05,South,UPI/Wallet
ORD208415,CUST00516,2024-09-24,2940.81,Central,Cash on Delivery
ORD203539,CUST00126,2024-03-25,10157.36,East,Debit Card
ORD206884,CUST00342,2024-02-15,2739.98,East,Cash on Delivery
ORD200208,CUST00007,2024-09-29,5788.21,East,UPI/Wallet
ORD207269,CUST00380,2023-03-19,3800.45,West,UPI/Wallet
ORD206056,CUST00289,2024-06-11,3755.69,West,Debit Card
ORD208756,CUST00556,2023-05-26,2224.11,East,Debit Card
ORD205104,CUST00229,2023-03-31,4120.51,North,Credit Card
ORD206323,CUST00306,2024-02-22,2717.0,West,Credit Card
ORD203447,CUST00122,2024-09-23,3180.34,East,Debit Card
ORD203369,CUST00120,2024-06-30,2717.82,Central,UPI/Wallet
ORD202985,CUST00108,2023-04-22,5228.63,East,Debit Card
ORD206960,CUST00347,2023-02-19,-2048.0,Central,UPI/Wallet
ORD207326,CUST00387,2023-08-28,1227.57,Central,Cash on Delivery
ORD204000,CUST00155,2023-11-11,2157.88,East,Debit Card
ORD210973,CUST00968,2023-02-01,659.34,East,Net Banking
ORD200657,CUST00024,2023-10-18,8807.65,North,Net Banking
ORD205361,CUST00245,2024-02-23,1889.33,West,UPI/Wallet
ORD210712,CUST00873,2023-12-28,2251.35,West,UPI/Wallet
ORD210220,CUST00755,2023-11-15,4871.65,West,Credit Card
ORD209153,CUST00606,2024-08-07,1806.45,West,Credit Card
ORD210578,CUST00825,2023-08-31,1841.75,East,Credit Card
ORD209150,CUST00606,2023-04-29,1604.76,West,Net Banking
ORD205773,CUST00271,2024-12-12,4462.12,East,Net Banking
ORD209936,CUST00712,2023-08-28,5919.99,Central,Credit Card
ORD209354,CUST00632,2023-11-27,2580.07,Central,Credit Card
ORD209059,CUST00593,2024-12-20,3990.01,North,Debit Card
ORD210054,CUST00729,2024-07-16,2187.19,South,Net Banking
ORD200601,CUST00022,2023-02-26,11528.14,South,Credit Card
ORD208932,CUST00578,2023-01-03,2232.9,East,Credit Card
ORD207587,CUST00418,2024-11-03,1561.61,South,Credit Card
ORD204616,CUST00198,2023-01-15,2808.87,South,UPI/Wallet
ORD208585,CUST00536,2024-05-11,2398.06,South,Credit Card
ORD206220,CUST00300,2023-05-12,2772.95,South,Credit Card
ORD209495,CUST00651,2024-03-26,2648.95,West,Credit Card
ORD206925,CUST00344,2024-11-07,4571.63,East,Cash on Delivery
ORD209259,CUST00618,2024-05-29,3327.11,East,Cash on Delivery
ORD210920,CUST00949,2023-05-16,561.96,East,Credit Card
ORD204531,CUST00191,2023-08-11,2472.42,West,Credit Card
ORD204910,CUST00216,2023-11-18,2602.99,South,Debit Card
ORD202707,CUST00098,2023-03-14,1558.1,South,UPI/Wallet
ORD207127,CUST00363,2024-02-19,1385.01,North,Cash on Delivery
ORD206666,CUST00328,2023-08-29,4588.64,South,Debit Card
ORD207401,CUST00396,2024-06-14,1507.93,South,UPI/Wallet
ORD205562,CUST00258,2023-02-16,1175.16,East,UPI/Wallet
ORD208174,CUST00489,2024-05-14,1775.26,South,Debit Card
ORD200442,CUST00016,2023-10-18,6581.0,East,Credit Card
ORD200244,CUST00009,2023-10-28,3731.73,North,Net Banking
ORD205272,CUST00240,2023-11-22,4124.2,West,Cash on Delivery
ORD207951,CUST00464,2023-12-14,2737.25,West,Cash on Delivery
ORD201183,CUST00042,2023-01-13,7250.52,South,UPI/Wallet
ORD209063,CUST00594,2023-10-06,1628.35,East,Cash on Delivery
ORD209269,CUST00620,2023-01-08,4585.1,North,Credit Card
ORD205781,CUST00272,2024-02-10,3797.09,Central,Cash on Delivery
ORD202597,CUST00093,2024-12-02,5596.04,East,UPI/Wallet
ORD206879,CUST00342,2023-11-01,3127.72,East,UPI/Wallet
ORD208724,CUST00552,2024-11-09,2840.94,East,Credit Card
ORD209109,CUST00601,2023-01-30,1792.97,West,Debit Card
ORD204569,CUST00194,2024-05-23,3271.49,North,UPI/Wallet
ORD203575,CUST00127,2024-12-20,4392.41,Central,Debit Card
ORD207768,CUST00440,2024-09-24,3459.77,West,Debit Card
ORD208641,CUST00542,2023-05-21,985.97,North,UPI/Wallet
ORD210544,CUST00814,2024-01-18,505.24,Central,UPI/Wallet
ORD200647,CUST00024,2023-03-08,9117.49,North,Credit Card
ORD207022,CUST00351,2024-11-15,1597.1,Central,Credit Card
ORD206341,CUST00307,2024-03-14,4318.69,North,Debit Card
ORD208371,CUST00512,2023-07-23,1901.3,South,UPI/Wallet
ORD208316,CUST00506,2024-03-10,3304.98,North,Credit Card
ORD203982,CUST00154,2023-04-24,3162.85,East,Debit Card
ORD208661,CUST00545,2023-03-05,2015.39,North,Credit Card
ORD210192,CUST00750,2023-05-18,2380.86,South,Debit Card
ORD201442,CUST00051,2024-11-02,5623.29,East,Credit Card
ORD208124,CUST00483,2024-07-18,1640.45,South,Credit Card
ORD204634,CUST00199,2023-03-19,2523.92,East,Debit Card
ORD202559,CUST00092,2024-03-02,7212.34,South,Credit Card
ORD207974,CUST00466,2023-09-05,2218.16,West,Credit Card
ORD201843,CUST00065,2024-01-19,4978.5,South,Debit Card
ORD203213,CUST00115,2023-02-27,2262.37,West,Debit Card
ORD203388,CUST00121,2023-07-10,3743.86,South,Credit Card
ORD207725,CUST00435,2023-11-11,2839.29,North,UPI/Wallet
ORD200554,CUST00020,2023-04-10,2957.07,South,UPI/Wallet
ORD207413,CUST00398,2024-05-09,1017.62,East,Credit Card
ORD209237,CUST00616,2023-07-07,1860.55,West,
ORD201275,CUST00045,2024-03-05,6072.21,East,UPI/Wallet
ORD205466,CUST00251,2024-12-20,6277.61,South,Credit Card
ORD209678,CUST00676,2023-08-08,2360.89,West,Debit Card
ORD206034,CUST00287,2024-11-26,2520.77,West,Cash on Delivery
ORD201434,CUST00051,2024-01-08,9823.36,East,Debit Card
ORD201546,CUST00055,2024-11-01,-4409.62,East,Credit Card
ORD203651,CUST00130,2023-12-20,8749.53,South,Credit Card
ORD210060,CUST00730,2024-03-29,2080.96,Central,Cash on Delivery
ORD209986,CUST00718,2024-05-23,2253.11,North,UPI/Wallet
ORD205513,CUST00255,2023-03-28,1842.94,East,Cash on Delivery
ORD208333,CUST00508,2024-05-06,1766.44,Central,Net Banking
ORD200894,CUST00032,2024-04-03,6938.48,North,Credit Card
ORD209384,CUST00637,2023-01-03,1578.11,Central,Credit Card
ORD206850,CUST00340,2024-06-25,3946.83,South,UPI/Wallet
ORD209265,CUST00619,2024-04-18,5833.2,North,Credit Card
ORD210233,CUST00757,2023-09-29,4282.67,North,Debit Card
ORD207926,CUST00461,2024-05-10,2315.95,West,Credit Card
ORD203185,CUST00114,2023-08-30,6668.28,West,UPI/Wallet
ORD207709,CUST00433,2023-03-13,2661.22,West,Debit Card
ORD210069,CUST00732,2024-01-23,1145.49,South,Debit Card
ORD204857,CUST00213,2024-05-25,3427.54,South,
ORD205221,CUST00237,2023-04-12,2314.16,East,UPI/Wallet
ORD208300,CUST00504,2023-09-13,1148.57,West,Credit Card
ORD206120,CUST00293,2024-06-05,-2265.16,North,Credit Card
ORD201574,CUST00057,2023-08-03,8173.31,South,UPI/Wallet
ORD204628,CUST00198,2024-07-17,-4299.85,South,Credit Card
ORD200749,CUST00027,2023-01-14,8462.7,Central,Debit Card
ORD208728,CUST00553,2024-01-22,1764.44,Central,UPI/Wallet
ORD209662,CUST00673,2024-03-06,1941.17,South,Cash on Delivery
ORD206950,CUST00346,2023-11-11,2462.38,East,Cash on Delivery
ORD206759,CUST00334,2024-02-13,3185.64,North,UPI/Wallet
ORD208372,CUST00512,2023-11-29,1124.12,South,Debit Card
ORD202636,CUST00095,2023-09-12,10858.59,East,Debit Card
ORD208648,CUST00542,2024-10-26,1005.35,North,Net Banking
ORD208780,CUST00559,2023-07-27,2562.64,North,Credit Card
ORD202856,CUST00103,2023-08-04,4380.5,Central,Cash on Delivery
ORD207997,CUST00468,2024-06-19,2470.38,Central,Credit Card
ORD205629,CUST00262,2024-07-26,2336.36,East,Credit Card
ORD204966,CUST00220,2023-02-05,4289.14,West,Credit Card
ORD203347,CUST00120,2023-02-24,3676.16,Central,Debit Card
ORD203419,CUST00122,2023-04-08,5395.87,East,Debit Card
ORD210471,CUST00790,2024-05-19,4007.02,Central,UPI/Wallet
ORD202717,CUST00098,2023-11-13,3700.91,South,Credit Card
ORD208150,CUST00486,2024-02-05,2389.4,East,Credit Card
ORD203312,CUST00118,2023-12-27,5630.42,West,Credit Card
ORD200070,CUST00002,2024-12-28,6689.61,East,UPI/Wallet
ORD207804,CUST00446,2023-03-26,2755.71,East,Credit Card
ORD208216,CUST00494,2024-04-07,1136.97,North,Cash on Delivery
ORD202651,CUST00095,2024-07-11,9123.8,East,UPI/Wallet
ORD201280,CUST00045,2024-10-11,4215.7,East,UPI/Wallet
ORD200509,CUST00018,2024-01-06,7870.63,East,Debit Card
ORD201734,CUST00062,2024-03-03,10970.61,West,UPI/Wallet
ORD210743,CUST00884,2024-03-17,2024.03,Central,Credit Card
ORD203194,CUST00114,2024-06-12,8331.0,West,UPI/Wallet
ORD210666,CUST00856,2024-02-05,1011.55,East,Debit Card
ORD205529,CUST00256,2023-08-18,4981.6,North,Cash on Delivery
ORD210937,CUST00953,2024-03-27,800.72,Central,Cash on Delivery
ORD209973,CUST00717,2023-08-05,4182.32,Central,Net Banking
ORD204566,CUST00194,2023-08-15,3341.44,North,Credit Card
ORD209241,CUST00616,2024-01-13,1387.36,West,Cash on Delivery
ORD210462,CUST00789,2024-08-02,2333.24,South,Cash on Delivery
ORD208257,CUST00499,2023-05-22,912.4,North,Cash on Delivery
ORD205718,CUST00268,2023-09-21,2622.57,West,Credit Card
ORD208101,CUST00480,2024-12-14,1107.67,North,Net Banking
ORD204756,CUST00206,2024-11-28,1988.35,West,UPI/Wallet
ORD204094,CUST00161,2024-10-13,3126.85,South,Credit Card
ORD208068,CUST00476,2024-08-09,1807.26,West,UPI/Wallet
ORD200200,CUST00007,2023-10-30,7389.82,East,Debit Card
ORD202204,CUST00078,2024-02-05,4506.78,South,UPI/Wallet
ORD205801,CUST00273,2023-11-12,4253.2,East,Cash on Delivery
ORD202400,CUST00086,2023-10-18,6971.95,East,UPI/Wallet
ORD210169,CUST00746,2023-11-21,4175.78,South,Cash on Delivery
ORD206437,CUST00314,2023-09-28,4068.03,East,Debit Card
ORD205604,CUST00260,2024-03-10,5329.14,West,Cash on Delivery
ORD202754,CUST00099,2024-01-23,10801.56,East,Credit Card
ORD208341,CUST00509,2023-02-13,2974.75,Central,UPI/Wallet
ORD209645,CUST00672,2023-06-22,4383.31,South,Credit Card
ORD208413,CUST00516,2024-05-02,3278.08,Central,Credit Card
ORD208477,CUST00524,2023-12-02,1535.61,South,Debit Card
ORD201511,CUST00054,2024-04-22,4467.4,East,UPI/Wallet
ORD203274,CUST00117,2023-11-16,4608.2,South,UPI/Wallet
ORD203808,CUST00141,2023-10-13,4648.39,Central,UPI/Wallet
ORD210781,CUST00899,2023-08-22,345.4,East,UPI/Wallet
ORD207869,CUST00454,2024-10-30,2514.79,South,Credit Card
ORD208573,CUST00535,2024-01-29,1390.95,North,Credit Card
ORD203801,CUST00140,2024-10-27,3614.3,North,Debit Card
ORD209787,CUST00691,2024-01-25,1767.52,East,UPI/Wallet
ORD200541,CUST00019,2024-05-01,2487.97,North,Credit Card
ORD203417,CUST00122,2023-03-13,3304.08,East,Cash on Delivery
ORD202964,CUST00107,2023-03-16,4623.01,East,Net Banking
ORD206844,CUST00340,2023-12-10,3863.06,South,Debit Card
ORD206121,CUST00293,2024-08-10,2684.53,North,Cash on Delivery
ORD206296,CUST00304,2023-09-13,5301.16,South,UPI/Wallet
ORD209577,CUST00662,2023-10-30,3521.97,West,UPI/Wallet
ORD207810,CUST00447,2023-05-19,1566.93,North,UPI/Wallet
ORD202353,CUST00084,2024-02-14,7811.4,North,Net Banking
ORD200943,CUST00033,2024-11-25,7449.36,East,Credit Card
ORD203713,CUST00134,2024-03-01,2967.13,North,UPI/Wallet
ORD200475,CUST00017,2023-10-03,4713.53,South,Net Banking
ORD205460,CUST00251,2024-03-18,4109.99,South,Debit Card
ORD201420,CUST00050,2024-11-18,9488.79,North,Cash on Delivery
ORD204568,CUST00194,2024-02-22,3641.78,North,Cash on Delivery
ORD201052,CUST00037,2023-12-04,2200.82,Central,UPI/Wallet
ORD206076,CUST00291,2023-11-17,3865.25,North,Credit Card
ORD200521,CUST00018,2024-08-12,4976.73,East,Net Banking
ORD209984,CUST00718,2024-03-05,4915.96,North,Credit Card
ORD200989,CUST00035,2023-09-16,8170.91,North,Cash on Delivery
ORD207935,CUST00462,2024-11-19,836.09,Central,Cash on Delivery
ORD202694,CUST00097,2023-10-05,8634.86,North,UPI/Wallet
ORD210025,CUST00725,2023-03-10,2520.69,East,Credit Card
ORD205273,CUST00240,2024-01-14,4370.42,West,Credit Card
ORD206348,CUST00308,2023-04-09,2608.15,South,Cash on Delivery
ORD200920,CUST00033,2023-11-24,6944.81,East,Credit Card
ORD206017,CUST00286,2024-10-23,4664.69,East,Credit Card
ORD205339,CUST00244,2023-12-20,3583.03,West,Net Banking
ORD205771,CUST00271,2024-05-25,4164.67,East,Debit Card
ORD207237,CUST00376,2024-02-09,1352.43,South,Cash on Delivery
ORD206197,CUST00298,2023-07-02,4008.33,South,Cash on Delivery
ORD204988,CUST00221,2023-11-20,2468.92,South,Cash on Delivery
ORD202471,CUST00089,2024-07-28,8896.81,Central,UPI/Wallet
ORD210327,CUST00770,2023-12-24,1763.08,East,Cash on Delivery
ORD208614,CUST00539,2024-05-06,3192.45,Central,Debit Card
ORD201139,CUST00040,2024-04-08,5252.53,South,UPI/Wallet
ORD204129,CUST00164,2023-05-26,4084.21,East,UPI/Wallet
ORD203140,CUST00113,2023-05-29,3537.97,Central,Cash on Delivery
ORD205882,CUST00277,2024-09-05,3305.08,Central,Credit Card
ORD208211,CUST00493,2024-08-21,2589.52,South,Net Banking
ORD208895,CUST00573,2023-08-14,875.1,Central,Credit Card
ORD205713,CUST00268,2023-03-11,4077.18,West,Credit Card
ORD208628,CUST00541,2023-04-02,3408.65,Central,Cash on Delivery
ORD202292,CUST00082,2023-11-03,10127.86,West,Credit Card
ORD201989,CUST00070,2023-07-21,6309.95,North,UPI/Wallet
ORD200225,CUST00008,2024-07-12,4706.38,West,UPI/Wallet
ORD203920,CUST00149,2024-01-26,2788.96,West,Cash on Delivery
ORD209594,CUST00664,2023-10-13,1490.17,North,Cash on Delivery
ORD209376,CUST00635,2024-02-18,4788.93,West,Net Banking
ORD203798,CUST00140,2024-06-14,5325.87,North,Debit Card
ORD206312,CUST00305,2024-10-05,4662.62,North,Debit Card
ORD206316,CUST00306,2023-05-02,2053.88,West,Net Banking
ORD208208,CUST00493,2023-12-18,3316.99,South,UPI/Wallet
ORD208714,CUST00550,2024-12-01,2901.08,North,Cash on Delivery
ORD208391,CUST00514,2023-11-14,2461.84,East,Credit Card
ORD200062,CUST00002,2024-09-08,4294.17,East,UPI/Wallet
ORD210775,CUST00896,2024-05-04,1382.51,North,Debit Card
ORD205910,CUST00279,2024-05-15,4567.21,West,Debit Card
ORD203414,CUST00122,2023-03-03,2969.58,East,Credit Card
ORD202638,CUST00095,2023-10-20,5590.42,East,Credit Card
ORD207467,CUST00405,2023-04-30,3691.6,South,Cash on Delivery
ORD200760,CUST00027,2023-08-12,7980.87,Central,Net Banking
ORD201997,CUST00070,2024-05-25,6603.54,North,Cash on Delivery
ORD203181,CUST00114,2023-06-23,10767.56,West,UPI/Wallet
ORD204491,CUST00188,2023-07-01,3608.86,East,Cash on Delivery
ORD200694,CUST00025,2024-04-14,4265.48,North,Cash on Delivery
ORD210889,CUST00936,2023-03-29,1086.56,North,Credit Card
ORD202952,CUST00106,2024-06-15,5464.79,Central,UPI/Wallet
ORD205586,CUST00259,2023-08-22,2254.96,North,Debit Card
ORD200009,CUST00001,2023-07-19,4606.31,North,Cash on Delivery
ORD204980,CUST00220,2024-11-30,6378.88,West,Credit Card
ORD202797,CUST00100,2024-12-03,4970.17,North,Net Banking
ORD206035,CUST00288,2023-02-27,5461.61,West,UPI/Wallet
ORD205739,CUST00269,2024-01-18,2646.29,West,Cash on Delivery
ORD209219,CUST00614,2023-02-16,1010.67,Central,UPI/Wallet
ORD209595,CUST00664,2024-05-12,1894.38,North,Credit Card
ORD202181,CUST00077,2023-08-28,5297.48,West,Debit Card
ORD203884,CUST00146,2024-08-18,3451.59,East,UPI/Wallet
ORD209147,CUST00605,2024-06-09,2648.53,West,Debit Card
ORD202988,CUST00108,2023-06-25,9676.78,East,UPI/Wallet
ORD210965,CUST00964,2024-03-13,740.13,North,Debit Card
ORD205967,CUST00284,2023-01-10,6677.17,South,Debit Card
ORD200124,CUST00005,2023-03-17,5939.15,South,Credit Card
ORD200722,CUST00026,2023-09-24,5362.91,East,Debit Card
ORD203223,CUST00115,2024-03-19,4820.63,West,Cash on Delivery
ORD208197,CUST00492,2023-06-08,-1321.43,Central,Net Banking
ORD210680,CUST00863,2023-07-03,2029.52,West,UPI/Wallet
ORD204281,CUST00173,2024-07-30,3785.66,South,
ORD210789,CUST00901,2023-11-12,1328.18,East,UPI/Wallet
ORD209473,CUST00648,2023-03-29,3722.58,East,Cash on Delivery
ORD205566,CUST00258,2023-06-16,4564.11,East,Credit Card
ORD210251,CUST00759,2024-02-12,5136.79,West,UPI/Wallet
ORD206789,CUST00336,2023-12-22,2376.94,Central,UPI/Wallet
ORD205599,CUST00260,2023-05-25,3509.54,West,Debit Card
ORD201262,CUST00044,2024-11-03,5903.29,East,Net Banking
ORD206890,CUST00342,2024-12-15,3727.26,East,Cash on Delivery
ORD207082,CUST00358,2023-04-13,1910.35,North,Credit Card
ORD209648,CUST00672,2023-09-03,3282.13,South,UPI/Wallet
ORD202047,CUST00072,2024-08-16,6139.2,Central,Debit Card
ORD202287,CUST00082,2023-07-13,7370.46,West,UPI/Wallet
ORD210579,CUST00825,2024-02-24,2360.5,East,Debit Card
ORD206194,CUST00298,2023-02-06,5616.59,South,Credit Card
ORD204555,CUST00193,2023-01-27,4299.69,South,Credit Card
ORD201475,CUST00053,2023-07-02,6816.14,Central,Credit Card
ORD208472,CUST00523,2024-03-30,2480.71,East,UPI/Wallet
ORD207447,CUST00402,2024-10-24,1752.8,West,Debit Card
ORD207553,CUST00414,2024-08-08,2166.61,South,Cash on Delivery
ORD207103,CUST00361,2023-08-01,1441.02,North,UPI/Wallet
ORD203471,CUST00123,2024-11-02,9328.59,West,
ORD203480,CUST00124,2023-10-11,7507.78,East,Cash on Delivery
ORD207811,CUST00447,2023-06-23,1050.94,North,UPI/Wallet
ORD200022,CUST00001,2024-02-13,4506.21,North,Credit Card
ORD208937,CUST00578,2024-01-22,3092.91,East,Credit Card
ORD210721,CUST00876,2023-06-07,917.1,North,Cash on Delivery
ORD204858,CUST00213,2024-07-02,4124.25,South,UPI/Wallet
ORD210893,CUST00937,2024-03-27,2353.85,Central,UPI/Wallet
ORD202118,CUST00074,2024-05-30,10472.71,East,Net Banking
ORD204617,CUST00198,2023-03-22,3141.15,South,Cash on Delivery
ORD202967,CUST00107,2023-04-04,6591.49,East,Debit Card
ORD204406,CUST00182,2024-11-07,2426.67,North,Debit Card
ORD207909,CUST00459,2024-10-03,2384.14,West,Cash on Delivery
ORD203472,CUST00123,2024-11-05,9460.63,West,UPI/Wallet
ORD205632,CUST00263,2023-02-22,4540.02,West,
ORD201601,CUST00057,2024-12-22,3815.66,South,Credit Card
ORD203075,CUST00111,2023-06-30,-10032.27,South,UPI/Wallet
ORD208562,CUST00534,2023-10-01,3601.99,North,Debit Card
ORD206289,CUST00303,2024-12-09,2047.51,North,UPI/Wallet
ORD208778,CUST00559,2023-05-16,2490.22,North,UPI/Wallet
ORD206057,CUST00289,2024-10-29,3495.6,West,Debit Card
ORD206659,CUST00327,2024-09-16,2462.44,East,UPI/Wallet
ORD208037,CUST00473,2023-07-18,1848.91,Central,Credit Card
ORD210565,CUST00821,2024-04-11,1597.68,Central,UPI/Wallet
ORD200110,CUST00004,2024-04-06,4322.45,West,Net Banking
ORD204371,CUST00179,2024-08-20,3169.09,South,Credit Card
ORD206102,CUST00293,2023-02-04,2778.49,North,Credit Card
ORD210374,CUST00777,2023-03-12,2623.07,West,Credit Card
ORD208698,CUST00548,2024-11-10,2188.41,West,Credit Card
ORD207285,CUST00381,2024-03-28,2720.77,East,Debit Card
ORD205585,CUST00259,2023-08-15,2768.04,North,Credit Card
ORD204748,CUST00206,2023-12-31,2752.19,West,Debit Card
ORD202989,CUST00108,2023-07-26,6872.03,East,UPI/Wallet
ORD209706,CUST00680,2023-11-05,1835.43,North,UPI/Wallet
ORD204573,CUST00194,2024-12-13,4845.66,North,Cash on Delivery
ORD208795,CUST00561,2023-03-15,1978.74,East,Credit Card
ORD209441,CUST00643,2024-06-17,1882.07,East,UPI/Wallet
ORD211020,CUST00985,2024-04-18,1799.49,East,Credit Card
ORD207360,CUST00390,2024-09-13,1415.43,East,UPI/Wallet
ORD201778,CUST00063,2024-07-19,3891.53,South,Debit Card
ORD210960,CUST00962,2024-03-28,1315.48,Central,Debit Card
ORD202288,CUST00082,2023-07-23,11816.13,West,UPI/Wallet
ORD206128,CUST00294,2023-07-03,5215.21,West,Credit Card
ORD203064,CUST00110,2024-12-10,10053.55,West,UPI/Wallet
ORD205918,CUST00279,2024-11-29,3325.14,West,Debit Card
ORD203438,CUST00122,2024-03-12,5685.1,East,Credit Card
ORD203931,CUST00150,2024-03-10,1371.05,North,UPI/Wallet
ORD210415,CUST00783,2023-09-04,1746.05,South,Cash on Delivery
ORD209350,CUST00632,2023-04-11,3158.15,Central,Credit Card
ORD207186,CUST00370,2023-04-04,2307.59,South,Cash on Delivery
ORD206334,CUST00307,2023-11-19,2422.57,North,UPI/Wallet
ORD205553,CUST00257,2023-12-03,3350.34,North,Cash on Delivery
ORD210121,CUST00739,2023-02-10,1090.79,Central,UPI/Wallet
ORD203083,CUST00111,2024-03-09,7891.53,South,Credit Card
ORD206909,CUST00343,2024-08-16,2953.34,East,Debit Card
ORD209273,CUST00620,2024-06-19,4819.64,North,UPI/Wallet
ORD207541,CUST00413,2024-03-11,2833.79,West,Debit Card
ORD207985,CUST00467,2024-05-08,1800.99,Central,Credit Card
ORD207758,CUST00439,2023-10-05,2776.77,East,UPI/Wallet
ORD208272,CUST00500,2024-10-25,3347.73,East,Credit Card
ORD206438,CUST00314,2023-11-03,3605.92,East,UPI/Wallet
ORD208668,CUST00545,2024-09-03,2629.27,North,UPI/Wallet
ORD207251,CUST00377,2024-08-22,3163.3,Central,Net Banking
ORD206609,CUST00324,2024-02-26,3862.77,West,UPI/Wallet
ORD203103,CUST00112,2023-10-09,7951.83,Central,Debit Card
ORD200239,CUST00009,2023-08-04,4815.77,North,Cash on Delivery
ORD209723,CUST00683,2023-02-17,3501.1,East,Credit Card
ORD200735,CUST00026,2024-03-03,4920.59,East,Credit Card
ORD210752,CUST00887,2024-02-05,1233.3,East,Cash on Delivery
ORD203855,CUST00144,2024-05-18,2030.36,North,UPI/Wallet
ORD206100,CUST00292,2024-11-10,2849.26,South,Net Banking
ORD205279,CUST00240,2024-07-06,3984.38,West,Cash on Delivery
ORD206336,CUST00307,2023-12-19,3950.36,North,UPI/Wallet
ORD206358,CUST00308,2024-12-10,3632.13,South,Debit Card
ORD206077,CUST00291,2023-11-26,3497.59,North,Credit Card
ORD203010,CUST00108,2024-08-11,8269.73,East,Cash on Delivery
ORD206880,CUST00342,2023-12-25,3256.09,East,Debit Card
ORD203523,CUST00126,2023-05-05,7029.97,East,Cash on Delivery
ORD206327,CUST00306,2024-09-12,2365.8,West,Net Banking
ORD207278,CUST00380,2024-10-11,3281.96,West,Cash on Delivery
ORD202427,CUST00087,2024-08-10,5254.38,North,UPI/Wallet
ORD204845,CUST00212,2024-12-23,6792.88,Central,UPI/Wallet
ORD205092,CUST00228,2023-04-24,2663.84,West,UPI/Wallet
ORD205822,CUST00274,2023-10-10,2152.3,East,UPI/Wallet
ORD209523,CUST00655,2023-12-23,2156.24,West,Debit Card
ORD205443,CUST00250,2024-05-04,7484.44,East,Debit Card
ORD208443,CUST00520,2023-09-02,2875.21,South,Credit Card
ORD201953,CUST00068,2024-05-06,6982.97,West,Credit Card
ORD201974,CUST00069,2024-04-15,10225.45,Central,Net Banking
ORD205131,CUST00230,2024-10-23,3920.13,East,Credit Card
ORD200155,CUST00006,2023-07-26,12560.52,North,Credit Card
ORD200253,CUST00009,2024-09-28,3236.86,North,Net Banking
ORD209423,CUST00641,2023-11-08,4007.18,East,UPI/Wallet
ORD204086,CUST00161,2023-09-08,4979.78,South,
ORD207008,CUST00350,2024-04-29,2548.36,North,UPI/Wallet
ORD207288,CUST00382,2023-02-20,2080.5,West,Net Banking
ORD207011,CUST00350,2024-09-06,1913.94,North,Credit Card
ORD206640,CUST00326,2023-11-21,4488.5,North,Net Banking
ORD205378,CUST00246,2023-08-13,2711.05,East,Credit Card
ORD210759,CUST00889,2024-02-01,2209.58,Central,UPI/Wallet
ORD210810,CUST00909,2023-04-16,793.12,Central,Cash on Delivery
ORD210634,CUST00847,2024-04-01,500.6,South,Credit Card
ORD203698,CUST00133,2023-12-31,2657.95,Central,Credit Card
ORD201348,CUST00048,2023-02-26,4385.34,South,Net Banking
ORD208800,CUST00561,2024-09-14,4260.65,East,Debit Card
ORD210341,CUST00772,2023-04-17,1937.05,West,Credit Card
ORD204795,CUST00209,2023-11-21,4638.96,South,Debit Card
ORD207270,CUST00380,2023-03-23,3143.18,West,Credit Card
ORD202426,CUST00087,2024-07-13,4836.22,North,Cash on Delivery
ORD206903,CUST00343,2023-10-26,4713.07,East,Net Banking
ORD203353,CUST00120,2023-06-19,1906.08,Central,Credit Card
ORD208791,CUST00560,2024-06-01,1332.31,East,Net Banking
ORD204337,CUST00177,2024-04-26,5437.77,East,Credit Card
ORD200480,CUST00017,2024-06-06,4266.45,South,UPI/Wallet
ORD209755,CUST00686,2024-05-23,1466.96,North,Debit Card
ORD201784,CUST00063,2024-12-04,9491.19,South,Net Banking
ORD210468,CUST00790,2023-09-22,3971.7,Central,Debit Card
ORD204205,CUST00169,2023-01-20,4439.98,North,Credit Card
ORD205073,CUST00226,2024-08-20,6758.89,West,UPI/Wallet
ORD204534,CUST00191,2023-12-14,2850.17,West,Debit Card
ORD201971,CUST00069,2024-01-12,9946.68,Central,Credit Card
ORD201422,CUST00050,2024-12-24,6404.49,North,Credit Card
ORD200513,CUST00018,2024-03-25,12389.6,East,Credit Card
ORD200833,CUST00030,2023-04-04,11029.25,North,Credit Card
ORD200551,CUST00020,2023-01-28,4078.35,South,Debit Card
ORD202888,CUST00104,2023-04-26,8926.76,East,Cash on Delivery
ORD201725,CUST00062,2023-10-02,9836.81,West,UPI/Wallet
ORD205239,CUST00238,2024-02-12,962.43,Central,Cash on Delivery
ORD207612,CUST00421,2023-09-20,3574.97,West,UPI/Wallet
ORD210204,CUST00752,2024-06-17,3061.46,Central,Debit Card
ORD203674,CUST00132,2023-01-01,3498.78,West,Credit Card
ORD200122,CUST00004,2024-12-30,7481.71,West,Cash on Delivery
ORD201779,CUST00063,2024-07-25,8836.62,South,Credit Card
ORD207057,CUST00355,2024-11-11,4140.97,North,UPI/Wallet
ORD206311,CUST00305,2024-07-24,4037.28,North,Debit Card
ORD209112,CUST00601,2024-05-11,2842.52,West,Cash on Delivery
ORD209848,CUST00700,2023-05-11,3847.58,Central,Cash on Delivery
ORD201233,CUST00044,2023-07-05,6620.65,East,Credit Card
ORD200788,CUST00028,2023-07-11,8460.12,East,Cash on Delivery
ORD202602,CUST00094,2023-02-03,3843.66,Central,Debit Card
ORD208957,CUST00580,2024-09-02,971.53,South,Cash on Delivery
ORD209151,CUST00606,2023-05-09,1208.59,West,Credit Card
ORD208270,CUST00500,2024-06-30,3330.81,East,Cash on Delivery
ORD203494,CUST00124,2024-12-06,9231.15,East,Debit Card
ORD208650,CUST00543,2023-07-06,3692.63,West,Debit Card
ORD208407,CUST00516,2023-03-17,3993.44,Central,Debit Card
ORD207543,CUST00413,2024-04-07,3151.49,West,Credit Card
ORD209726,CUST00683,2023-06-17,2782.77,East,Credit Card
ORD210090,CUST00735,2023-09-26,3596.45,East,Cash on Delivery
ORD203534,CUST00126,2024-01-20,9017.77,East,Net Banking
ORD202957,CUST00106,2024-08-08,2557.83,Central,Credit Card
ORD200016,CUST00001,2023-11-25,5421.82,North,Credit Card
ORD200163,CUST00006,2023-11-05,6096.27,North,UPI/Wallet
ORD209845,CUST00699,2024-07-06,3061.01,Central,Cash on Delivery
ORD202239,CUST00080,2023-02-18,4924.45,North,UPI/Wallet
ORD205682,CUST00266,2024-03-22,4718.6,Central,Cash on Delivery
ORD204075,CUST00160,2023-11-09,2541.62,West,Net Banking
ORD202350,CUST00084,2023-11-10,10491.34,North,UPI/Wallet
ORD206004,CUST00285,2024-11-12,2976.3,South,Net Banking
ORD201243,CUST00044,2024-03-15,3758.86,East,UPI/Wallet
ORD208921,CUST00576,2024-04-27,2228.05,Central,Credit Card
ORD202072,CUST00073,2023-11-04,4269.57,West,UPI/Wallet
ORD207142,CUST00365,2023-03-04,1596.77,East,UPI/Wallet
ORD208655,CUST00544,2023-07-30,826.21,South,UPI/Wallet
ORD206097,CUST00292,2024-05-03,4007.64,South,Credit Card
ORD206446,CUST00314,2024-12-04,2014.31,East,Credit Card
ORD201890,CUST00066,2024-08-31,5752.28,West,Debit Card
ORD203558,CUST00127,2023-08-05,5059.26,Central,UPI/Wallet
ORD209331,CUST00629,2023-08-31,1535.38,East,UPI/Wallet
ORD201016,CUST00036,2023-11-18,3880.75,East,Debit Card
ORD200326,CUST00012,2023-10-19,5856.35,West,Net Banking
ORD209778,CUST00690,2023-07-28,2477.31,Central,Credit Card
ORD200654,CUST00024,2023-08-08,3980.51,North,Net Banking
ORD211043,CUST00993,2024-05-17,1074.07,South,Credit Card
ORD208949,CUST00580,2023-02-28,1131.31,South,UPI/Wallet
ORD208129,CUST00484,2023-11-03,2470.86,North,Credit Card
ORD200142,CUST00005,2024-10-08,5207.37,South,Net Banking
ORD210959,CUST00962,2023-03-18,-1551.82,Central,Cash on Delivery
ORD209223,CUST00614,2024-05-30,795.53,Central,Credit Card
ORD203292,CUST00117,2024-11-29,4777.45,South,Debit Card
ORD201028,CUST00036,2024-09-12,5592.62,East,Debit Card
ORD210744,CUST00885,2023-01-22,-1121.47,South,Credit Card
ORD209929,CUST00711,2023-08-25,5255.1,North,Credit Card
ORD205222,CUST00237,2023-06-08,4755.75,East,UPI/Wallet
ORD203715,CUST00134,2024-08-10,6071.19,North,Debit Card
ORD206228,CUST00300,2024-01-24,1956.37,South,Net Banking
ORD200085,CUST00003,2024-11-17,4686.48,North,UPI/Wallet
ORD202025,CUST00072,2023-05-24,7929.42,Central,UPI/Wallet
ORD203619,CUST00129,2024-02-03,3656.66,Central,Credit Card
ORD204190,CUST00168,2023-05-20,3637.33,West,Credit Card
ORD203445,CUST00122,2024-07-09,3079.98,East,Credit Card
ORD204153,CUST00165,2024-12-23,4106.0,Central,Debit Card
ORD209836,CUST00698,2024-05-20,4370.89,East,Credit Card
ORD206796,CUST00337,2023-08-20,4330.73,East,Debit Card
ORD205476,CUST00252,2024-11-28,3551.4,South,Credit Card
ORD210983,CUST00972,2024-03-14,1043.83,North,Credit Card
ORD202330,CUST00083,2024-02-04,7882.0,South,Credit Card
ORD207119,CUST00362,2024-09-18,1549.0,South,Credit Card
ORD209322,CUST00628,2023-01-09,3265.49,West,UPI/Wallet
ORD200824,CUST00029,2024-06-15,4893.11,North,Credit Card
ORD202893,CUST00104,2023-08-25,8584.48,East,Credit Card
ORD210787,CUST00900,2024-03-10,1646.14,South,Debit Card
ORD209598,CUST00665,2024-02-21,5006.88,East,UPI/Wallet
ORD207204,CUST00372,2023-03-29,1385.19,Central,UPI/Wallet
ORD206505,CUST00318,2023-09-23,3680.83,South,Credit Card
ORD201277,CUST00045,2024-06-02,5851.36,East,Cash on Delivery
ORD209741,CUST00684,2024-01-27,4086.57,Central,Credit Card
ORD203664,CUST00131,2023-11-08,2367.53,South,Credit Card
ORD203850,CUST00144,2023-09-27,1291.28,North,Debit Card
ORD210148,CUST00742,2024-05-03,3672.82,Central,UPI/Wallet
ORD207777,CUST00442,2024-07-23,2286.24,South,Credit Card
ORD205871,CUST00276,2024-10-04,3313.29,Central,Credit Card
ORD205170,CUST00233,2024-08-23,3544.65,North,UPI/Wallet
ORD205323,CUST00243,2023-05-16,3731.04,West,Credit Card
ORD208392,CUST00514,2024-01-22,4645.36,East,Debit Card
ORD201707,CUST00061,2024-03-19,2256.04,South,Debit Card
ORD210915,CUST00947,2023-02-15,1057.1,Central,Cash on Delivery
ORD203623,CUST00129,2024-06-21,4722.97,Central,UPI/Wallet
ORD210590,CUST00829,2024-01-05,496.12,West,UPI/Wallet
ORD206915,CUST00344,2023-02-17,3891.73,East,UPI/Wallet
ORD202594,CUST00093,2024-09-19,7652.93,East,Debit Card
ORD207867,CUST00454,2024-07-30,2360.76,South,Net Banking
ORD200210,CUST00007,2024-11-04,8912.78,East,Credit Card
ORD200724,CUST00026,2023-10-24,2087.33,East,Cash on Delivery
ORD207458,CUST00404,2023-07-16,2378.43,West,Net Banking
ORD201713,CUST00061,2024-10-06,5530.85,South,Cash on Delivery
ORD201772,CUST00063,2024-04-11,7104.91,South,Cash on Delivery
ORD200146,CUST00005,2024-11-28,12576.91,South,Credit Card
ORD210809,CUST00908,2024-05-17,735.18,West,Cash on Delivery
ORD209181,CUST00609,2023-12-25,2727.45,Central,Credit Card
ORD208475,CUST00524,2023-05-03,942.78,South,Net Banking
ORD203794,CUST00140,2023-12-15,5088.07,North,Cash on Delivery
ORD210673,CUST00859,2024-04-18,1434.31,North,Credit Card
ORD210862,CUST00926,2024-06-06,2312.24,East,UPI/Wallet
ORD201506,CUST00054,2023-12-31,3570.0,East,UPI/Wallet
ORD206689,CUST00330,2024-03-28,2213.01,South,Credit Card
ORD208338,CUST00508,2024-12-03,1919.45,Central,Credit Card
ORD200344,CUST00012,2024-06-26,3966.61,West,Credit Card
ORD200123,CUST00005,2023-03-06,7520.52,South,Credit Card
ORD205821,CUST00274,2023-10-04,2728.87,East,Cash on Delivery
ORD205026,CUST00224,2023-01-25,3020.85,West,Credit Card
ORD207764,CUST00440,2023-05-18,2463.82,West,Debit Card
ORD202094,CUST00074,2023-03-26,4281.25,East,Credit Card
ORD207527,CUST00412,2023-08-12,1467.38,North,UPI/Wallet
ORD208864,CUST00569,2024-07-11,2201.37,West,Credit Card
ORD210097,CUST00736,2023-06-22,2042.76,East,Credit Card
ORD210168,CUST00746,2023-10-20,5727.62,South,UPI/Wallet
ORD209828,CUST00697,2024-02-05,4161.7,North,UPI/Wallet
ORD200346,CUST00012,2024-06-30,5216.24,West,Debit Card
ORD201145,CUST00040,2024-09-18,6930.89,South,Debit Card
ORD200328,CUST00012,2023-11-08,4716.1,West,Credit Card
ORD207944,CUST00463,2024-06-05,1014.28,North,Net Banking
ORD206114,CUST00293,2024-03-04,2143.46,North,Debit Card
ORD201532,CUST00055,2023-08-31,5352.12,East,Credit Card
ORD205777,CUST00272,2023-07-31,3129.43,Central,Debit Card
ORD208184,CUST00490,2024-05-21,4044.45,North,UPI/Wallet
ORD210576,CUST00824,2024-05-21,1385.22,East,Credit Card
ORD203585,CUST00128,2023-08-15,3331.38,West,Cash on Delivery
ORD201733,CUST00062,2024-01-24,7732.69,West,Cash on Delivery
ORD203043,CUST00110,2023-02-22,5682.44,West,UPI/Wallet
ORD200173,CUST00006,2024-07-05,7595.01,North,Debit Card
ORD202334,CUST00083,2024-06-27,7905.42,South,Cash on Delivery
ORD204852,CUST00213,2023-06-20,2590.67,South,Debit Card
ORD209767,CUST00688,2024-02-09,3683.58,East,Net Banking
ORD209558,CUST00660,2023-07-28,2445.14,Central,Credit Card
ORD201516,CUST00054,2024-07-18,3839.34,East,UPI/Wallet
ORD205662,CUST00264,2024-06-22,4021.29,East,Debit Card
ORD201030,CUST00036,2024-11-21,7680.93,East,UPI/Wallet
ORD203493,CUST00124,2024-11-27,6427.84,East,Credit Card
ORD209046,CUST00592,2023-12-02,1796.83,South,Net Banking
ORD201486,CUST00053,2024-08-25,7458.78,Central,Credit Card
ORD208009,CUST00469,2024-12-02,2473.64,East,Credit Card
ORD207554,CUST00414,2024-10-13,2235.88,South,Credit Card
ORD207615,CUST00421,2024-05-10,1747.63,West,UPI/Wallet
ORD206959,CUST00346,2024-12-17,3597.68,East,UPI/Wallet
ORD203112,CUST00112,2024-01-14,9303.64,Central,UPI/Wallet
ORD201994,CUST00070,2024-01-19,-6117.34,North,Cash on Delivery
ORD203042,CUST00110,2023-02-14,8471.86,West,Debit Card
ORD210420,CUST00784,2023-01-22,3231.06,North,Credit Card
ORD201500,CUST00054,2023-08-16,3033.08,East,Cash on Delivery
ORD201392,CUST00049,2024-07-20,9119.45,South,Debit Card
ORD210776,CUST00897,2024-03-02,2823.29,South,Credit Card
ORD209504,CUST00653,2023-07-25,1286.63,Central,Debit Card
ORD210884,CUST00933,2024-06-13,610.93,East,
ORD208820,CUST00564,2023-03-20,3285.72,East,UPI/Wallet
ORD205524,CUST00255,2024-08-13,2695.58,East,
ORD203455,CUST00123,2023-09-14,12754.6,West,Cash on Delivery
ORD205966,CUST00283,2024-12-05,4287.47,West,UPI/Wallet
ORD210801,CUST00905,2023-03-20,1580.4,West,UPI/Wallet
ORD209432,CUST00642,2023-12-03,3726.72,Central,UPI/Wallet
ORD205606,CUST00261,2023-01-03,5282.53,South,Debit Card
ORD200240,CUST00009,2023-09-10,3769.91,North,Cash on Delivery
ORD210868,CUST00928,2023-10-27,475.56,North,Credit Card
ORD206693,CUST00330,2024-12-03,4446.86,South,Debit Card
ORD202943,CUST00106,2023-10-22,3397.37,Central,UPI/Wallet
ORD205703,CUST00267,2024-03-25,3860.57,Central,Cash on Delivery
ORD208353,CUST00510,2024-01-31,812.72,East,UPI/Wallet
ORD204384,CUST00181,2023-03-22,2705.98,Central,Debit Card
ORD210564,CUST00821,2024-03-17,1679.3,Central,Credit Card
ORD206518,CUST00319,2023-07-01,4166.3,South,Credit Card
ORD204400,CUST00182,2023-12-25,2373.82,North,Debit Card
ORD209789,CUST00692,2023-01-28,1643.7,North,UPI/Wallet
ORD210084,CUST00734,2024-05-06,2894.71,West,Credit Card
ORD210483,CUST00794,2024-03-20,624.98,South,Debit Card
ORD201377,CUST00049,2023-02-25,7636.96,South,Credit Card
ORD204473,CUST00187,2023-06-23,2495.25,Central,Debit Card
ORD203746,CUST00136,2024-10-01,5243.52,North,Credit Card
ORD200498,CUST00018,2023-05-27,7551.7,East,Credit Card
ORD210778,CUST00898,2023-07-24,695.2,Central,Credit Card
ORD208822,CUST00564,2023-11-23,2506.26,East,Net Banking
ORD207766,CUST00440,2023-10-12,735.58,West,
ORD200432,CUST00016,2023-02-07,7047.1,East,UPI/Wallet
ORD208894,CUST00573,2023-02-21,1406.04,Central,Cash on Delivery
ORD205177,CUST00234,2023-08-16,3595.03,South,Credit Card
ORD202627,CUST00095,2023-02-08,6337.62,East,Debit Card
ORD202424,CUST00087,2024-06-04,2809.78,North,Net Banking
ORD205289,CUST00241,2023-05-04,3695.08,South,Net Banking
ORD202048,CUST00072,2024-09-07,6642.16,Central,Debit Card
ORD208917,CUST00576,2023-03-01,1602.97,Central,Cash on Delivery
ORD201799,CUST00064,2023-08-07,5679.09,Central,Cash on Delivery
ORD203639,CUST00130,2023-04-04,10220.06,South,Cash on Delivery
ORD204227,CUST00170,2024-05-08,3277.18,North,Cash on Delivery
ORD202016,CUST00071,2023-12-26,8865.04,South,UPI/Wallet
ORD205184,CUST00234,2024-01-21,3499.17,South,Debit Card
ORD200164,CUST00006,2023-12-29,5712.74,North,Credit Card
ORD203429,CUST00122,2023-11-21,3088.39,East,UPI/Wallet
ORD209288,CUST00622,2024-02-05,1866.82,West,UPI/Wallet
ORD208531,CUST00529,2024-11-12,3286.1,East,Net Banking
ORD207475,CUST00406,2023-07-10,3791.6,North,Debit Card
ORD208482,CUST00524,2024-07-16,2305.63,South,Debit Card
ORD203096,CUST00112,2023-03-26,11868.03,Central,Cash on Delivery
ORD204374,CUST00180,2023-01-20,3640.86,East,Debit Card
ORD205293,CUST00241,2024-01-12,3877.95,South,Cash on Delivery
ORD210670,CUST00858,2023-11-15,2862.02,South,Cash on Delivery
ORD203074,CUST00111,2023-05-26,8005.14,South,Net Banking
ORD210779,CUST00898,2024-03-16,785.27,Central,UPI/Wallet
ORD205167,CUST00233,2024-01-05,3276.81,North,UPI/Wallet
ORD209932,CUST00712,2023-01-04,2719.39,Central,UPI/Wallet
ORD206159,CUST00296,2023-02-09,3713.24,West,UPI/Wallet
ORD204407,CUST00183,2023-02-06,4248.98,South,Cash on Delivery
ORD207291,CUST00382,2023-12-06,3443.81,West,Cash on Delivery
ORD209779,CUST00690,2023-11-07,2340.02,Central,Credit Card
ORD200692,CUST00025,2023-12-25,6355.81,North,Credit Card
ORD201099,CUST00038,2024-12-22,5946.97,West,Net Banking
ORD202698,CUST00097,2024-04-08,7851.81,North,Net Banking
ORD204378,CUST00180,2023-09-18,3594.58,East,UPI/Wallet
ORD204310,CUST00175,2024-06-25,2398.42,South,Cash on Delivery
ORD200787,CUST00028,2023-06-09,5708.91,East,Net Banking
ORD201457,CUST00052,2024-01-01,5733.09,South,UPI/Wallet
ORD210543,CUST00813,2024-02-13,1252.62,East,Credit Card
ORD205487,CUST00253,2024-04-29,3075.56,East,Debit Card
ORD201106,CUST00039,2023-04-04,6333.57,East,Debit Card
ORD202028,CUST00072,2023-07-03,7310.99,Central,Credit Card
ORD200298,CUST00011,2024-01-02,9667.5,South,Cash on Delivery
ORD201960,CUST00068,2024-09-22,5516.17,West,Credit Card
ORD208396,CUST00514,2024-10-11,3629.77,East,Net Banking
ORD209021,CUST00589,2024-04-11,1757.94,West,UPI/Wallet
ORD200075,CUST00003,2023-04-28,3366.2,North,UPI/Wallet
ORD201651,CUST00059,2023-02-26,4098.33,South,Debit Card
ORD204053,CUST00158,2024-12-18,4121.68,North,UPI/Wallet
ORD205066,CUST00226,2024-04-14,5659.54,West,Credit Card
ORD203165,CUST00113,2024-12-06,4464.7,Central,Net Banking
ORD204216,CUST00169,2024-02-13,4881.95,North,UPI/Wallet
ORD204706,CUST00203,2024-06-14,3712.3,West,UPI/Wallet
ORD209692,CUST00678,2024-03-23,2102.36,South,UPI/Wallet
ORD200810,CUST00029,2023-08-06,3890.68,North,Debit Card
ORD205060,CUST00226,2023-12-16,5897.69,West,Cash on Delivery
ORD208781,CUST00559,2023-10-02,3159.79,North,Net Banking
ORD200523,CUST00018,2024-12-30,4903.38,East,UPI/Wallet
ORD201592,CUST00057,2024-05-12,8837.13,South,Debit Card
ORD208824,CUST00564,2024-07-08,2755.61,East,Credit Card
ORD200589,CUST00021,2024-01-28,10206.89,East,Debit Card
ORD203497,CUST00125,2023-01-25,5540.04,South,Debit Card
ORD203407,CUST00121,2024-09-09,4507.56,South,Cash on Delivery
ORD205975,CUST00284,2023-07-11,4943.99,South,Net Banking
ORD205543,CUST00256,2024-11-22,1576.63,North,Cash on Delivery
ORD204329,CUST00176,2024-12-19,2459.5,North,Debit Card
ORD210802,CUST00905,2024-01-10,2162.79,West,Credit Card
ORD210957,CUST00961,2024-05-12,749.61,West,Debit Card
ORD210139,CUST00741,2023-11-21,-2926.68,East,Debit Card
ORD205804,CUST00273,2024-04-10,3386.08,East,UPI/Wallet
ORD207770,CUST00441,2023-05-15,2518.53,Central,Credit Card
ORD208834,CUST00565,2024-08-03,2040.76,South,Cash on Delivery
ORD207408,CUST00397,2024-06-20,1580.65,Central,Credit Card
ORD210553,CUST00816,2024-05-13,1036.63,East,UPI/Wallet
ORD208813,CUST00563,2023-08-18,1168.59,North,Net Banking
ORD200730,CUST00026,2023-12-12,4907.79,East,Cash on Delivery
ORD209732,CUST00683,2024-02-24,2174.77,East,UPI/Wallet
ORD210972,CUST00967,2024-06-06,877.28,Central,UPI/Wallet
ORD209803,CUST00694,2023-11-07,4015.01,Central,Credit Card
ORD202894,CUST00104,2023-11-27,5280.13,East,UPI/Wallet
ORD205364,CUST00245,2024-07-28,2089.25,West,UPI/Wallet
ORD208626,CUST00540,2024-10-03,3302.42,North,Cash on Delivery
ORD208878,CUST00571,2023-11-03,3888.14,Central,Credit Card
ORD208067,CUST00476,2024-07-19,3109.69,West,Debit Card
ORD200322,CUST00012,2023-09-27,6322.18,West,Credit Card
ORD201522,CUST00054,2024-12-19,3370.02,East,Cash on Delivery
ORD206137,CUST00294,2024-09-05,2902.31,West,Debit Card
ORD205986,CUST00284,2024-11-15,6339.61,South,Debit Card
ORD201146,CUST00040,2024-10-04,6340.91,South,UPI/Wallet
ORD203147,CUST00113,2023-10-11,3228.44,Central,Credit Card
ORD208362,CUST00511,2023-11-20,269.57,South,UPI/Wallet
ORD210258,CUST00760,2023-07-31,1852.9,Central,Cash on Delivery
ORD210093,CUST00735,2024-03-08,1079.04,East,UPI/Wallet
ORD210470,CUST00790,2023-12-31,5786.8,Central,Cash on Delivery
ORD200090,CUST00004,2023-04-08,-6561.54,West,Debit Card
ORD210365,CUST00776,2023-05-20,-1760.83,Central,Net Banking
ORD206094,CUST00292,2024-02-28,4206.5,South,UPI/Wallet
ORD200477,CUST00017,2024-02-06,3657.33,South,Debit Card
ORD201820,CUST00064,2024-12-29,3912.15,Central,Net Banking
ORD204970,CUST00220,2023-12-29,5017.9,West,UPI/Wallet
ORD209832,CUST00698,2023-06-24,4757.19,East,Credit Card
ORD202080,CUST00073,2024-04-20,2337.93,West,UPI/Wallet
ORD209175,CUST00608,2024-12-02,2298.61,South,Debit Card
ORD202280,CUST00081,2024-06-02,5528.24,West,Net Banking
ORD206346,CUST00308,2023-02-11,3212.04,South,UPI/Wallet
ORD208644,CUST00542,2023-12-10,1490.04,North,Cash on Delivery
ORD200485,CUST00017,2024-08-15,3554.41,South,Cash on Delivery
ORD200963,CUST00034,2023-12-31,9543.74,East,Cash on Delivery
ORD204564,CUST00193,2024-12-14,3050.5,South,Debit Card
ORD204193,CUST00168,2023-09-11,4160.21,West,Credit Card
ORD201991,CUST00070,2023-08-15,7245.56,North,UPI/Wallet
ORD209053,CUST00593,2023-07-06,2152.15,North,Debit Card
ORD200340,CUST00012,2024-04-28,5396.63,West,UPI/Wallet
ORD204855,CUST00213,2023-10-26,4740.18,South,UPI/Wallet
ORD210494,CUST00798,2023-04-07,1568.3,South,Net Banking
ORD210393,CUST00780,2023-03-18,4898.96,East,Credit Card
ORD204666,CUST00201,2024-04-21,3266.8,Central,Net Banking
ORD207319,CUST00385,2024-10-08,2491.71,Central,Cash on Delivery
ORD200524,CUST00019,2023-01-17,6277.56,North,UPI/Wallet
ORD200740,CUST00026,2024-06-17,4877.51,East,Cash on Delivery
ORD201667,CUST00059,2024-10-03,4398.1,South,UPI/Wallet
ORD203203,CUST00114,2024-09-25,5164.69,West,Credit Card
ORD209268,CUST00619,2024-06-14,3735.45,North,Debit Card
ORD209914,CUST00708,2024-02-21,959.82,East,Cash on Delivery
ORD203017,CUST00109,2023-04-11,4818.97,Central,UPI/Wallet
ORD200192,CUST00007,2023-07-12,10500.96,East,Credit Card
ORD209676,CUST00676,2023-03-09,1055.3,West,Credit Card
ORD202866,CUST00103,2024-01-11,3582.46,Central,Credit Card
ORD208114,CUST00482,2024-11-04,3004.45,Central,Cash on Delivery
ORD202038,CUST00072,2024-01-06,5857.08,Central,UPI/Wallet
ORD209908,CUST00707,2024-05-20,1715.09,South,Debit Card
ORD203626,CUST00129,2024-07-20,4368.24,Central,Cash on Delivery
ORD208694,CUST00548,2024-01-27,1675.33,West,Credit Card
ORD202576,CUST00093,2023-05-02,5664.44,East,Credit Card
ORD206486,CUST00317,2023-10-11,1722.99,South,Debit Card
ORD207024,CUST00352,2023-01-19,1761.53,West,UPI/Wallet
ORD200069,CUST00002,2024-12-07,5891.29,East,Cash on Delivery
ORD209739,CUST00684,2023-10-24,3086.64,Central,Net Banking
ORD210949,CUST00957,2024-02-03,2255.76,North,Cash on Delivery
ORD200927,CUST00033,2024-04-05,6800.38,East,Debit Card
ORD210613,CUST00838,2024-06-06,1393.86,West,Credit Card
ORD207939,CUST00463,2023-08-12,1391.73,North,Cash on Delivery
ORD206429,CUST00313,2024-10-21,4974.82,North,UPI/Wallet
ORD204140,CUST00165,2023-02-25,4484.82,Central,UPI/Wallet
ORD206175,CUST00297,2023-05-28,2039.67,East,Credit Card
ORD204716,CUST00204,2023-08-20,2769.83,North,Cash on Delivery
ORD201891,CUST00066,2024-09-11,6184.56,West,Credit Card
ORD201726,CUST00062,2023-10-05,6006.47,West,UPI/Wallet
ORD210221,CUST00755,2023-11-26,-4916.63,West,Credit Card
ORD203638,CUST00130,2023-03-21,8124.63,South,Debit Card
ORD207414,CUST00398,2024-06-17,1652.9,East,UPI/Wallet
ORD202657,CUST00095,2024-11-15,7778.34,East,Cash on Delivery
ORD203146,CUST00113,2023-10-08,4411.74,Central,Net Banking
ORD200514,CUST00018,2024-04-24,9730.3,East,Credit Card
ORD204026,CUST00157,2023-01-28,2803.87,West,Cash on Delivery
ORD200556,CUST00020,2023-04-23,6540.66,South,Cash on Delivery
ORD203067,CUST00111,2023-02-21,9144.59,South,Net Banking
ORD210741,CUST00883,2024-01-30,613.14,Central,Cash on Delivery
ORD208516,CUST00528,2023-05-30,1848.03,West,Credit Card
ORD206578,CUST00322,2023-10-05,2050.27,West,Credit Card
ORD200057,CUST00002,2024-07-02,9204.34,East,Debit Card
ORD209667,CUST00674,2023-11-20,2424.83,West,Credit Card
ORD203366,CUST00120,2024-05-19,4355.74,Central,Debit Card
ORD200373,CUST00014,2023-03-10,3931.67,West,Cash on Delivery
ORD209339,CUST00630,2023-08-19,2028.89,Central,Net Banking
ORD208183,CUST00490,2024-01-29,3130.77,North,Cash on Delivery
ORD206019,CUST00286,2024-11-24,4767.68,East,Cash on Delivery
ORD204615,CUST00197,2024-11-28,3280.89,South,Credit Card
ORD205707,CUST00267,2024-07-20,4105.0,Central,Net Banking
ORD204127,CUST00164,2023-05-17,6263.43,East,Cash on Delivery
ORD204915,CUST00216,2024-08-14,3466.48,South,Credit Card
ORD205747,CUST00269,2024-10-11,1861.21,West,Credit Card
ORD203679,CUST00132,2023-10-26,3518.5,West,UPI/Wallet
ORD210567,CUST00822,2023-08-19,1240.87,North,Cash on Delivery
ORD210146,CUST00742,2024-01-08,1988.78,Central,Credit Card
ORD206521,CUST00319,2023-10-07,5622.82,South,Credit Card
ORD203418,CUST00122,2023-03-19,4491.81,East,UPI/Wallet
ORD210447,CUST00787,2024-04-04,1605.47,Central,UPI/Wallet
ORD204415,CUST00183,2023-08-05,2744.58,South,UPI/Wallet
ORD209090,CUST00598,2024-08-15,2554.22,North,UPI/Wallet
ORD210331,CUST00771,2023-03-06,1880.78,East,
ORD203275,CUST00117,2023-12-19,5563.15,South,Credit Card
ORD204524,CUST00190,2024-11-11,3972.18,East,Cash on Delivery
ORD202857,CUST00103,2023-08-12,4839.67,Central,Cash on Delivery
ORD208958,CUST00580,2024-11-19,1509.0,South,
ORD208302,CUST00504,2024-01-23,1784.44,West,Credit Card
ORD209127,CUST00603,2023-02-09,1929.79,East,Net Banking
ORD201004,CUST00035,2024-07-16,4207.25,North,Debit Card
ORD202801,CUST00101,2023-07-17,2219.4,West,Credit Card
ORD203829,CUST00142,2024-08-02,4475.69,North,UPI/Wallet
ORD200194,CUST00007,2023-07-22,7855.92,East,Debit Card
ORD202950,CUST00106,2024-05-10,3082.01,Central,Cash on Delivery
ORD205349,CUST00245,2023-02-15,3599.01,West,UPI/Wallet
ORD207436,CUST00401,2024-06-12,2382.36,West,Cash on Delivery
ORD206051,CUST00289,2023-11-07,2948.51,West,Credit Card
ORD201389,CUST00049,2023-11-02,7063.1,South,Cash on Delivery
ORD200825,CUST00029,2024-08-20,3362.21,North,UPI/Wallet
ORD205269,CUST00240,2023-08-04,3307.6,West,UPI/Wallet
ORD202375,CUST00085,2023-09-08,5299.48,South,UPI/Wallet
ORD201836,CUST00065,2023-08-27,6189.33,South,Debit Card
ORD205157,CUST00232,2024-03-11,2951.67,South,Credit Card
ORD207763,CUST00440,2023-03-24,2485.98,West,Credit Card
ORD210679,CUST00862,2024-04-09,725.75,South,Credit Card
ORD210475,CUST00792,2023-12-27,1530.84,West,UPI/Wallet
ORD201982,CUST00069,2024-11-22,4036.18,Central,Net Banking
ORD206782,CUST00336,2023-06-05,3526.46,Central,UPI/Wallet
ORD206685,CUST00330,2023-07-18,2296.42,South,Credit Card
ORD209276,CUST00621,2023-01-07,2910.83,North,Debit Card
ORD206868,CUST00341,2024-09-03,1524.63,East,Debit Card
ORD209988,CUST00719,2023-08-02,1051.08,South,Credit Card
ORD203976,CUST00154,2023-01-18,1802.83,East,Credit Card
ORD204102,CUST00162,2024-04-08,2052.21,West,UPI/Wallet
ORD207645,CUST00425,2023-02-14,2464.81,South,Debit Card
ORD209800,CUST00693,2024-07-08,2634.02,East,Cash on Delivery
ORD201097,CUST00038,2024-08-24,7642.16,West,UPI/Wallet
ORD200461,CUST00016,2024-12-04,10556.15,East,Cash on Delivery
ORD202557,CUST00092,2023-12-25,9642.31,South,Cash on Delivery
ORD203787,CUST00139,2024-12-11,1875.85,Central,Debit Card
ORD211032,CUST00990,2023-10-25,1665.63,Central,Credit Card
ORD206664,CUST00328,2023-08-01,1282.98,South,Cash on Delivery
ORD201924,CUST00067,2024-04-15,6153.76,Central,Cash on Delivery
ORD203031,CUST00109,2024-06-22,10658.62,Central,Net Banking
ORD206232,CUST00300,2024-09-20,2582.64,South,Cash on Delivery
ORD200235,CUST00009,2023-05-12,4595.79,North,Cash on Delivery
ORD209563,CUST00660,2024-05-04,2892.1,Central,Credit Card
ORD200643,CUST00023,2024-11-21,5047.78,South,Credit Card
ORD210437,CUST00786,2023-04-25,3706.35,Central,UPI/Wallet
ORD207368,CUST00391,2024-10-07,2284.69,North,Debit Card
ORD205036,CUST00224,2024-05-26,3469.45,West,Cash on Delivery
ORD203877,CUST00146,2023-06-30,3704.07,East,Debit Card
ORD207077,CUST00357,2024-05-09,3784.48,North,UPI/Wallet
ORD207099,CUST00360,2023-10-20,3093.06,West,Credit Card
ORD200167,CUST00006,2024-02-25,6437.01,North,UPI/Wallet
ORD207497,CUST00408,2024-07-11,2330.26,North,Credit Card
ORD201159,CUST00041,2023-09-30,4739.14,South,Credit Card
ORD200183,CUST00006,2024-11-14,6299.51,North,Debit Card
ORD204842,CUST00212,2024-09-09,5914.66,Central,Debit Card
ORD203969,CUST00153,2024-03-15,4568.23,West,Credit Card
ORD206684,CUST00329,2024-11-24,2020.13,Central,Credit Card
ORD206014,CUST00286,2024-01-31,2970.67,East,UPI/Wallet
ORD204799,CUST00209,2024-10-17,3680.73,South,UPI/Wallet
ORD204908,CUST00216,2023-09-04,2626.61,South,UPI/Wallet
ORD209357,CUST00633,2023-01-27,2506.74,Central,Cash on Delivery
ORD209389,CUST00637,2024-01-01,2318.05,Central,Cash on Delivery
ORD209168,CUST00607,2024-09-25,-2549.41,Central,Debit Card
ORD203405,CUST00121,2024-08-02,3076.75,South,Debit Card
ORD208438,CUST00519,2024-09-14,3418.44,South,Net Banking
ORD201647,CUST00059,2023-01-18,4954.75,South,Cash on Delivery
ORD200542,CUST00019,2024-05-18,5664.61,North,Cash on Delivery
ORD207239,CUST00376,2024-03-11,1237.94,South,UPI/Wallet
ORD204290,CUST00174,2023-09-08,5761.83,East,Debit Card
ORD204658,CUST00201,2023-03-14,2550.41,Central,UPI/Wallet
ORD202908,CUST00105,2023-01-29,4086.7,South,UPI/Wallet
ORD202411,CUST00086,2024-08-08,4745.16,East,UPI/Wallet
ORD210026,CUST00725,2023-07-12,4526.04,East,Cash on Delivery
ORD200488,CUST00017,2024-10-19,4475.19,South,UPI/Wallet
ORD208600,CUST00537,2024-10-12,2251.33,East,UPI/Wallet
ORD207417,CUST00399,2023-08-07,1252.0,North,Cash on Delivery
ORD207959,CUST00465,2023-02-27,1767.81,Central,UPI/Wallet
ORD206087,CUST00292,2023-08-24,4588.99,South,Debit Card
ORD206024,CUST00287,2023-09-10,2255.07,West,UPI/Wallet
ORD210531,CUST00810,2023-08-02,1585.32,East,Debit Card
ORD205217,CUST00236,2024-11-30,2708.58,North,Credit Card
ORD207948,CUST00464,2023-01-12,2976.35,West,Cash on Delivery
ORD205419,CUST00249,2023-06-14,2423.23,Central,UPI/Wallet
ORD205369,CUST00246,2023-01-23,2502.37,East,UPI/Wallet
ORD206668,CUST00328,2024-05-16,4145.51,South,Cash on Delivery
ORD203820,CUST00142,2023-01-10,4430.13,North,UPI/Wallet
ORD202776,CUST00100,2023-06-15,6155.54,North,Credit Card
ORD203291,CUST00117,2024-11-16,3940.14,South,Net Banking
ORD204301,CUST00175,2023-05-20,2615.26,South,UPI/Wallet
ORD205304,CUST00242,2023-01-15,5085.58,East,Credit Card
ORD204298,CUST00175,2023-01-01,2561.74,South,Cash on Delivery
ORD204399,CUST00182,2023-10-14,2441.1,North,UPI/Wallet
ORD208470,CUST00523,2023-12-17,2870.29,East,Credit Card
ORD202980,CUST00107,2024-11-21,4409.38,East,UPI/Wallet
ORD203270,CUST00117,2023-06-01,5589.36,South,Credit Card
ORD201341,CUST00047,2024-06-07,4766.34,South,Credit Card
ORD207509,CUST00410,2023-03-28,2673.98,East,Cash on Delivery
ORD202376,CUST00085,2023-11-01,4414.75,South,Credit Card
ORD201251,CUST00044,2024-05-27,3352.21,East,Debit Card
ORD205634,CUST00263,2023-03-10,2737.55,West,Net Banking
ORD209738,CUST00684,2023-08-26,2308.35,Central,Debit Card
ORD206531,CUST00319,2024-08-22,4036.82,South,Net Banking
ORD209401,CUST00639,2023-09-11,1633.4,South,Cash on Delivery
ORD200958,CUST00034,2023-07-19,7226.32,East,Credit Card
ORD200218,CUST00008,2023-05-10,5000.48,West,Credit Card
ORD203760,CUST00137,2024-10-24,1598.13,West,Credit Card
ORD204220,CUST00169,2024-07-17,5633.13,North,Cash on Delivery
ORD209872,CUST00703,2023-03-22,3499.57,West,Debit Card
ORD208448,CUST00521,2023-08-26,1336.33,West,Credit Card
ORD202948,CUST00106,2024-01-17,2825.94,Central,Credit Card
ORD207502,CUST00409,2023-11-27,1280.2,East,Cash on Delivery
ORD206132,CUST00294,2024-03-02,4410.95,West,Cash on Delivery
ORD209052,CUST00593,2023-06-16,3912.31,North,Credit Card
ORD207660,CUST00426,2024-07-09,2020.29,South,UPI/Wallet
ORD202810,CUST00101,2024-06-20,5190.97,West,Cash on Delivery
ORD207125,CUST00363,2023-12-16,1648.97,North,UPI/Wallet
ORD200305,CUST00011,2024-12-02,8938.76,South,Net Banking
ORD206760,CUST00334,2024-02-25,2388.19,North,Credit Card
ORD206636,CUST00326,2023-09-15,6065.07,North,UPI/Wallet
ORD203783,CUST00139,2024-09-01,2225.36,Central,UPI/Wallet
ORD203874,CUST00146,2023-03-02,2832.13,East,Net Banking
ORD205963,CUST00283,2024-06-18,4497.05,West,Cash on Delivery
ORD209281,CUST00621,2024-06-12,3394.94,North,UPI/Wallet
ORD204420,CUST00183,2024-06-18,2990.33,South,Cash on Delivery
ORD202077,CUST00073,2024-01-25,4163.85,West,Cash on Delivery
ORD210032,CUST00726,2023-09-21,1678.68,North,Credit Card
ORD205753,CUST00270,2024-03-15,2615.31,Central,UPI/Wallet
ORD206496,CUST00317,2024-12-11,2446.85,South,UPI/Wallet
ORD204435,CUST00184,2024-11-24,3036.77,South,Debit Card
ORD208313,CUST00505,2024-03-22,3273.35,North,Cash on Delivery
ORD207534,CUST00413,2023-03-14,2806.14,West,Cash on Delivery
ORD208295,CUST00503,2024-05-26,1949.36,West,Debit Card
ORD205100,CUST00228,2024-09-24,4389.74,West,Credit Card
ORD207324,CUST00386,2024-12-14,2525.96,West,UPI/Wallet
ORD208717,CUST00551,2024-01-26,3867.78,South,UPI/Wallet
ORD204581,CUST00195,2024-05-18,3129.55,West,UPI/Wallet
ORD209847,CUST00700,2023-02-20,3884.1,Central,UPI/Wallet
ORD207038,CUST00353,2024-05-29,2557.73,North,UPI/Wallet
ORD208342,CUST00509,2023-08-08,2910.5,Central,Net Banking
ORD202406,CUST00086,2024-03-19,8293.61,East,Credit Card
ORD206266,CUST00302,2024-01-11,4630.49,South,Debit Card
ORD200812,CUST00029,2023-09-13,5035.09,North,UPI/Wallet
ORD204993,CUST00221,2024-06-25,2420.43,South,UPI/Wallet
ORD208471,CUST00523,2024-03-08,2548.53,East,UPI/Wallet
ORD201487,CUST00053,2024-10-22,7976.68,Central,UPI/Wallet
ORD206724,CUST00332,2024-04-17,2584.28,West,UPI/Wallet
ORD205633,CUST00263,2023-03-03,2949.16,West,Cash on Delivery
ORD205142,CUST00231,2024-01-06,4030.07,Central,Debit Card
ORD210353,CUST00774,2023-07-29,3847.61,East,Net Banking
ORD209336,CUST00629,2024-04-11,1555.72,East,Cash on Delivery
ORD206432,CUST00314,2023-01-23,3380.17,East,Debit Card
ORD202836,CUST00102,2024-04-10,12715.82,Central,Credit Card
ORD201645,CUST00059,2023-01-02,3561.62,South,Cash on Delivery
ORD209950,CUST00714,2023-05-19,3158.18,Central,Debit Card
ORD207638,CUST00424,2023-09-03,1730.01,West,Cash on Delivery
ORD200993,CUST00035,2023-12-14,7726.76,North,UPI/Wallet
ORD202023,CUST00071,2024-12-23,10427.58,South,Debit Card
ORD200590,CUST00021,2024-03-28,7154.67,East,Cash on Delivery
ORD210256,CUST00760,2023-06-02,1768.78,Central,Credit Card
ORD205605,CUST00260,2024-12-16,3398.82,West,Debit Card
ORD204104,CUST00162,2024-06-13,2183.28,West,Cash on Delivery
ORD210513,CUST00804,2023-04-27,1144.04,Central,Credit Card
ORD207699,CUST00431,2023-10-23,2155.33,South,Credit Card
ORD209295,CUST00624,2023-04-04,2690.1,North,Cash on Delivery
ORD207072,CUST00357,2023-03-24,3013.87,North,Credit Card
ORD208052,CUST00475,2023-08-16,2825.11,North,UPI/Wallet
ORD203478,CUST00124,2023-08-30,10274.53,East,UPI/Wallet
ORD203710,CUST00134,2023-10-26,5140.02,North,UPI/Wallet
ORD203872,CUST00145,2024-12-20,3341.55,North,Cash on Delivery
ORD204704,CUST00203,2024-03-04,4829.86,West,Debit Card
ORD200223,CUST00008,2023-12-25,2979.16,West,UPI/Wallet
ORD203131,CUST00112,2024-10-27,9122.12,Central,UPI/Wallet
ORD206164,CUST00296,2023-06-28,2837.73,West,Net Banking
ORD205897,CUST00278,2024-06-21,3790.78,East,Credit Card
ORD206826,CUST00339,2023-08-19,4456.79,North,Credit Card
ORD208000,CUST00468,2024-09-15,2561.99,Central,Debit Card
ORD203954,CUST00152,2023-11-30,3427.64,South,Cash on Delivery
ORD203816,CUST00141,2024-06-09,4989.17,Central,Cash on Delivery
ORD204734,CUST00205,2024-03-24,4926.08,East,Credit Card
ORD205596,CUST00260,2023-01-01,5365.46,West,Cash on Delivery
ORD208763,CUST00556,2024-10-16,2131.33,East,Credit Card
ORD207734,CUST00436,2023-10-04,3025.68,Central,UPI/Wallet
ORD208428,CUST00518,2023-12-03,2950.51,South,Net Banking
ORD210421,CUST00784,2023-02-24,2604.17,North,Credit Card
ORD207762,CUST00439,2024-12-03,2153.45,East,Cash on Delivery
ORD208205,CUST00493,2023-07-03,3698.76,South,Cash on Delivery
ORD207191,CUST00370,2024-08-12,1888.74,South,Cash on Delivery
ORD209192,CUST00610,2024-07-05,1477.09,South,Debit Card
ORD208786,CUST00560,2023-03-11,1107.91,East,UPI/Wallet
ORD201986,CUST00070,2023-02-19,7834.18,North,Credit Card
ORD210580,CUST00826,2023-03-20,1741.96,South,Debit Card
ORD201527,CUST00055,2023-03-09,3101.03,East,Credit Card
ORD207689,CUST00429,2024-07-13,1112.1,Central,Debit Card
ORD207688,CUST00429,2024-05-13,2032.84,Central,UPI/Wallet
ORD208206,CUST00493,2023-10-01,3345.19,South,Credit Card
ORD209022,CUST00589,2024-05-09,1687.25,West,Debit Card
ORD203330,CUST00119,2023-07-18,9949.32,West,Credit Card
ORD206769,CUST00335,2023-02-20,4519.74,East,Debit Card
ORD204989,CUST00221,2023-11-22,1961.52,South,Credit Card
ORD202537,CUST00091,2024-08-28,5098.11,East,UPI/Wallet
ORD202566,CUST00092,2024-07-23,7644.1,South,Debit Card
ORD208158,CUST00487,2024-05-24,4757.81,South,UPI/Wallet
ORD200295,CUST00011,2023-12-15,8463.52,South,Cash on Delivery
ORD208463,CUST00522,2024-07-01,2192.22,East,Credit Card
ORD205765,CUST00271,2023-08-07,4639.32,East,Credit Card
ORD207916,CUST00460,2024-05-29,2438.3,East,Debit Card
ORD200226,CUST00008,2024-08-20,6164.29,West,UPI/Wallet
ORD200577,CUST00020,2024-12-01,4545.01,South,Credit Card
ORD209538,CUST00657,2024-07-15,2387.98,West,Cash on Delivery
ORD208229,CUST00495,2024-10-02,1114.64,Central,UPI/Wallet
ORD209957,CUST00715,2023-03-07,1623.9,North,Credit Card
ORD208402,CUST00515,2024-08-01,3127.49,Central,Debit Card
ORD207646,CUST00425,2023-08-14,1945.59,South,Cash on Delivery
ORD206655,CUST00327,2024-04-28,3711.54,East,Net Banking
ORD203754,CUST00137,2023-06-30,2497.35,West,Credit Card
ORD204739,CUST00206,2023-03-03,2774.84,West,Debit Card
ORD204316,CUST00176,2023-06-14,2839.58,North,Debit Card
ORD201129,CUST00040,2023-03-22,9367.04,South,UPI/Wallet
ORD207590,CUST00419,2023-10-22,1886.22,East,Cash on Delivery
ORD205608,CUST00261,2023-06-02,5390.72,South,Credit Card
ORD202033,CUST00072,2023-10-23,6161.59,Central,Credit Card
ORD202177,CUST00077,2023-05-28,8053.92,West,UPI/Wallet
ORD200752,CUST00027,2023-04-11,10947.3,Central,UPI/Wallet
ORD210130,CUST00740,2023-02-05,4262.03,West,Cash on Delivery
ORD208265,CUST00500,2023-01-09,5044.92,East,Credit Card
ORD210835,CUST00917,2023-05-28,1135.12,West,UPI/Wallet
ORD206683,CUST00329,2024-06-13,2582.54,Central,UPI/Wallet
ORD206463,CUST00316,2023-09-29,2040.34,West,Debit Card
ORD210508,CUST00802,2024-03-19,955.77,South,Debit Card
ORD208509,CUST00527,2024-12-06,3602.62,North,UPI/Wallet
ORD203106,CUST00112,2023-12-17,8281.99,Central,Debit Card
ORD201424,CUST00051,2023-04-29,6815.09,East,Cash on Delivery
ORD210704,CUST00870,2024-06-01,1120.54,South,UPI/Wallet
ORD202082,CUST00073,2024-05-11,4075.55,West,UPI/Wallet
ORD205350,CUST00245,2023-05-01,3828.01,West,Credit Card
ORD202787,CUST00100,2024-05-19,6706.39,North,Credit Card
ORD207343,CUST00388,2024-11-12,1637.62,West,Debit Card
ORD205583,CUST00259,2023-05-16,3149.23,North,UPI/Wallet
ORD208065,CUST00476,2024-05-16,1505.44,West,UPI/Wallet
ORD205651,CUST00264,2023-09-11,6306.74,East,Credit Card
ORD203394,CUST00121,2024-02-14,4608.44,South,Credit Card
ORD210551,CUST00816,2024-01-11,1339.77,East,Cash on Delivery
ORD203416,CUST00122,2023-03-07,4395.66,East,Net Banking
ORD200659,CUST00024,2023-11-28,10638.26,North,Cash on Delivery
ORD210182,CUST00748,2023-06-03,1801.53,West,UPI/Wallet
ORD202485,CUST00090,2023-05-24,7233.12,Central,UPI/Wallet
ORD205006,CUST00222,2024-10-23,5210.61,West,Cash on Delivery
ORD209994,CUST00720,2023-08-03,2400.74,Central,Credit Card
ORD207454,CUST00403,2024-01-15,1411.75,North,Cash on Delivery
ORD209901,CUST00706,2024-06-16,2713.6,South,Debit Card
ORD207574,CUST00416,2024-10-03,3351.1,North,Net Banking
ORD208707,CUST00549,2024-12-06,2989.58,South,Cash on Delivery
ORD204274,CUST00173,2023-12-25,3808.52,South,Cash on Delivery
ORD201177,CUST00041,2024-08-15,2681.54,South,Debit Card
ORD203799,CUST00140,2024-09-23,3381.63,North,Credit Card
ORD210616,CUST00839,2024-03-15,565.91,Central,Cash on Delivery
ORD208113,CUST00482,2024-10-13,2774.14,Central,Credit Card
ORD208266,CUST00500,2023-05-13,4437.66,East,Credit Card
ORD203991,CUST00154,2024-11-01,1571.85,East,Debit Card
ORD209869,CUST00702,2024-02-16,2176.01,South,UPI/Wallet
ORD205937,CUST00281,2023-07-29,1589.86,East,Credit Card
ORD209194,CUST00610,2024-10-02,1945.74,South,UPI/Wallet
ORD205861,CUST00276,2023-10-03,4051.73,Central,UPI/Wallet
ORD200008,CUST00001,2023-07-15,5786.34,North,Credit Card
ORD206356,CUST00308,2024-09-27,1877.65,South,Debit Card
ORD207032,CUST00353,2023-01-31,2656.76,North,Debit Card
ORD204289,CUST00174,2023-06-10,4405.5,East,Debit Card
ORD200378,CUST00014,2023-08-22,5824.56,West,Net Banking
ORD202513,CUST00091,2023-07-24,4681.6,East,Cash on Delivery
ORD207995,CUST00468,2024-05-07,3435.99,Central,Credit Card
ORD209974,CUST00717,2023-11-29,4863.41,Central,Debit Card
ORD201833,CUST00065,2023-07-15,10561.2,South,Credit Card
ORD204189,CUST00168,2023-03-01,4714.82,West,Credit Card
ORD205709,CUST00267,2024-10-30,1871.74,Central,Debit Card
ORD200429,CUST00015,2024-12-24,10622.98,Central,Credit Card
ORD203995,CUST00155,2023-04-13,2760.76,East,Credit Card
ORD200174,CUST00006,2024-07-19,7489.76,North,UPI/Wallet
ORD209810,CUST00695,2023-06-05,1571.49,North,UPI/Wallet
ORD206204,CUST00298,2024-03-16,3348.02,South,Cash on Delivery
ORD204998,CUST00222,2023-04-18,2951.91,West,Cash on Delivery
ORD200129,CUST00005,2023-05-14,11962.95,South,Debit Card
ORD203319,CUST00118,2024-07-28,5195.42,West,Debit Card
ORD208062,CUST00476,2023-10-19,2378.69,West,Credit Card
ORD207885,CUST00457,2023-05-30,2246.56,East,UPI/Wallet
ORD205727,CUST00268,2024-11-25,3352.37,West,UPI/Wallet
ORD210676,CUST00861,2023-11-30,2029.17,North,Credit Card
ORD205568,CUST00258,2023-08-12,4507.69,East,Cash on Delivery
ORD203485,CUST00124,2024-02-29,4392.77,East,Debit Card
ORD206338,CUST00307,2024-02-14,4920.15,North,UPI/Wallet
ORD207860,CUST00453,2024-04-18,1318.44,Central,
ORD207698,CUST00431,2023-04-16,1505.33,South,Net Banking
ORD202699,CUST00097,2024-05-18,7224.39,North,Debit Card
ORD203234,CUST00116,2023-01-11,5731.11,South,Credit Card
ORD203003,CUST00108,2024-06-01,7465.81,East,Debit Card
ORD208379,CUST00513,2023-05-18,4417.96,South,Cash on Delivery
ORD209154,CUST00606,2024-08-07,1631.86,West,UPI/Wallet
ORD202828,CUST00102,2023-09-19,-8800.36,Central,Debit Card
ORD201675,CUST00060,2023-01-25,4443.18,Central,Credit Card
ORD204017,CUST00156,2024-05-19,1949.28,Central,Net Banking
ORD204519,CUST00190,2024-02-18,3098.82,East,UPI/Wallet
ORD202240,CUST00080,2023-03-22,8149.19,North,UPI/Wallet
ORD206165,CUST00296,2023-07-26,2211.9,West,Debit Card
ORD208939,CUST00578,2024-10-21,2871.27,East,Net Banking
ORD207374,CUST00392,2024-10-04,1865.91,South,Net Banking
ORD202438,CUST00088,2023-07-01,7432.81,North,UPI/Wallet
ORD207381,CUST00393,2024-02-21,2195.35,East,Debit Card
ORD210484,CUST00795,2023-06-27,648.68,Central,UPI/Wallet
ORD209791,CUST00692,2023-07-06,1664.93,North,Debit Card
ORD207697,CUST00430,2024-10-30,2349.92,North,Debit Card
ORD202887,CUST00104,2023-03-17,7620.21,East,UPI/Wallet
ORD208767,CUST00557,2024-02-11,1891.1,North,Cash on Delivery
ORD200757,CUST00027,2023-07-03,9701.7,Central,Cash on Delivery
ORD210758,CUST00889,2023-02-19,1137.42,Central,Credit Card
ORD206330,CUST00307,2023-01-18,3543.48,North,Credit Card
ORD210355,CUST00774,2023-09-27,3843.14,East,Debit Card
ORD205206,CUST00236,2023-07-18,3068.59,North,Debit Card
ORD203566,CUST00127,2024-04-20,10865.88,Central,Credit Card
ORD210690,CUST00866,2024-01-24,1049.51,South,UPI/Wallet
ORD202539,CUST00091,2024-10-14,4889.87,East,Credit Card
ORD207813,CUST00447,2024-04-08,1944.01,North,Cash on Delivery
ORD205257,CUST00239,2024-07-20,3296.5,North,Debit Card
ORD210359,CUST00775,2023-03-20,3412.28,West,UPI/Wallet
ORD201676,CUST00060,2023-02-26,3304.54,Central,Credit Card
ORD204854,CUST00213,2023-10-01,4218.96,South,Debit Card
ORD210895,CUST00938,2024-04-13,1616.07,Central,Net Banking
ORD202220,CUST00078,2024-11-28,4843.54,South,Debit Card
ORD201764,CUST00063,2023-09-16,6506.61,South,UPI/Wallet
ORD205145,CUST00231,2024-04-09,4342.67,Central,UPI/Wallet
ORD200465,CUST00017,2023-04-09,5816.02,South,UPI/Wallet
ORD210620,CUST00841,2024-04-23,1042.44,South,UPI/Wallet
ORD201766,CUST00063,2023-10-08,8516.68,South,Credit Card
ORD204912,CUST00216,2024-04-03,2943.69,South,UPI/Wallet
ORD210879,CUST00931,2023-06-28,1177.42,North,Credit Card
ORD209977,CUST00717,2024-02-18,4420.21,Central,UPI/Wallet
ORD206337,CUST00307,2024-01-15,3080.08,North,UPI/Wallet
ORD203734,CUST00135,2024-10-24,4952.76,Central,UPI/Wallet
ORD202690,CUST00097,2023-05-28,8796.58,North,Credit Card
ORD204259,CUST00172,2024-07-10,3101.69,Central,Credit Card
ORD206772,CUST00335,2023-07-17,4026.93,East,UPI/Wallet
ORD203889,CUST00147,2023-02-25,2538.17,North,Debit Card
ORD207853,CUST00453,2023-01-17,2663.38,Central,Credit Card
ORD201834,CUST00065,2023-07-18,7614.41,South,Credit Card
ORD211033,CUST00990,2024-04-09,1660.65,Central,UPI/Wallet
ORD206527,CUST00319,2024-04-12,3412.48,South,Debit Card
ORD209747,CUST00685,2024-02-03,1472.05,Central,Credit Card
ORD210196,CUST00751,2024-01-08,2343.97,Central,Debit Card
ORD203306,CUST00118,2023-08-31,6732.14,West,UPI/Wallet
ORD200291,CUST00011,2023-07-25,9759.92,South,Net Banking
ORD201001,CUST00035,2024-06-14,6351.74,North,Credit Card
ORD208425,CUST00518,2023-07-06,4401.06,South,UPI/Wallet
ORD202550,CUST00092,2023-03-20,6001.72,South,UPI/Wallet
ORD205640,CUST00263,2024-03-09,5524.57,West,Net Banking
ORD209125,CUST00602,2024-08-28,2123.74,Central,Credit Card
ORD207444,CUST00402,2024-04-24,1577.65,West,Net Banking
ORD203435,CUST00122,2024-01-31,4015.41,East,Credit Card
ORD203454,CUST00123,2023-03-26,10443.87,West,Cash on Delivery
ORD205504,CUST00254,2024-04-03,3297.39,West,Credit Card
ORD207809,CUST00446,2024-12-21,2903.59,East,Credit Card
ORD207848,CUST00452,2024-03-21,2236.64,Central,Debit Card
ORD207146,CUST00365,2023-09-27,1182.43,East,
ORD206535,CUST00320,2023-01-03,3689.52,West,UPI/Wallet
ORD206212,CUST00299,2024-01-27,4557.31,Central,Credit Card
ORD206822,CUST00338,2024-11-22,2400.47,Central,UPI/Wallet
ORD208871,CUST00570,2023-09-21,3771.61,Central,Credit Card
ORD208329,CUST00508,2023-10-26,2066.13,Central,Credit Card
ORD202924,CUST00105,2024-07-14,2899.16,South,Cash on Delivery
ORD203731,CUST00135,2024-05-30,4917.29,Central,Credit Card
ORD201173,CUST00041,2024-06-26,4149.97,South,Credit Card
ORD201456,CUST00052,2023-12-16,4730.1,South,UPI/Wallet
ORD207999,CUST00468,2024-09-07,2805.26,Central,Cash on Delivery
ORD204502,CUST00189,2023-04-24,5832.88,Central,Cash on Delivery
ORD210391,CUST00779,2023-12-18,2705.56,Central,UPI/Wallet
ORD201334,CUST00047,2023-10-17,3837.23,South,Credit Card
ORD201622,CUST00058,2023-09-27,3592.07,South,Debit Card
ORD204286,CUST00174,2023-02-18,5571.43,East,UPI/Wallet
ORD200350,CUST00012,2024-12-20,5246.65,West,Debit Card
ORD209433,CUST00642,2023-12-17,3457.76,Central,Cash on Delivery
ORD205267,CUST00240,2023-06-26,3996.44,West,Cash on Delivery
ORD202394,CUST00086,2023-04-25,5877.44,East,Debit Card
ORD205187,CUST00234,2024-08-26,3635.12,South,UPI/Wallet
ORD210526,CUST00808,2024-05-12,621.33,North,Cash on Delivery
ORD210367,CUST00776,2023-09-27,2014.66,Central,UPI/Wallet
ORD209753,CUST00686,2023-12-09,5304.48,North,Debit Card
ORD200515,CUST00018,2024-04-27,5573.4,East,Net Banking
ORD201915,CUST00067,2023-12-22,5923.92,Central,UPI/Wallet
ORD202593,CUST00093,2024-08-01,12953.46,East,Cash on Delivery
ORD206750,CUST00334,2023-03-30,2482.96,North,Debit Card
ORD208089,CUST00479,2023-03-31,2360.52,West,Cash on Delivery
ORD206882,CUST00342,2024-01-16,2511.26,East,Credit Card
ORD206586,CUST00323,2023-09-05,2922.3,South,UPI/Wallet
ORD209752,CUST00686,2023-05-03,3620.84,North,UPI/Wallet
ORD203625,CUST00129,2024-07-16,3302.85,Central,Cash on Delivery
ORD210529,CUST00809,2024-01-12,699.19,South,Cash on Delivery
ORD200676,CUST00025,2023-03-16,4383.66,North,Debit Card
ORD206701,CUST00331,2023-06-12,3061.88,West,Cash on Delivery
ORD204462,CUST00186,2024-01-23,3565.58,West,UPI/Wallet
ORD207121,CUST00363,2023-01-26,1999.12,North,Debit Card
ORD206280,CUST00303,2023-05-18,2347.1,North,UPI/Wallet
ORD201711,CUST00061,2024-08-08,4288.55,South,UPI/Wallet
ORD210113,CUST00737,2024-03-09,2021.35,West,Debit Card
ORD207477,CUST00406,2023-09-29,2260.36,North,Credit Card
ORD200929,CUST00033,2024-05-02,6185.6,East,Cash on Delivery
ORD203243,CUST00116,2023-08-08,7648.14,South,Debit Card
ORD201775,CUST00063,2024-05-14,6881.87,South,Cash on Delivery
ORD210405,CUST00782,2023-06-06,3839.55,South,Credit Card
ORD202388,CUST00085,2024-12-02,3959.83,South,Credit Card
ORD207308,CUST00384,2023-10-19,4188.18,East,Debit Card
ORD205896,CUST00278,2024-05-31,4876.59,East,Debit Card
ORD208684,CUST00547,2023-02-01,1621.14,Central,Credit Card
ORD204320,CUST00176,2023-12-08,2678.63,North,Credit Card
ORD208723,CUST00552,2024-10-08,3095.34,East,UPI/Wallet
ORD206948,CUST00346,2023-08-03,4750.06,East,Credit Card
ORD201567,CUST00057,2023-03-28,8401.28,South,Debit Card
ORD204480,CUST00187,2024-09-27,2799.88,Central,Cash on Delivery
ORD210907,CUST00944,2023-02-06,596.72,South,Credit Card
ORD202972,CUST00107,2024-02-12,5227.6,East,Credit Card
ORD210822,CUST00913,2023-10-02,679.76,North,Debit Card
ORD200064,CUST00002,2024-09-20,7986.16,East,UPI/Wallet
ORD205661,CUST00264,2024-06-19,6256.54,East,Debit Card
ORD202000,CUST00070,2024-11-13,9537.03,North,Credit Card
ORD200903,CUST00033,2023-01-14,5368.43,East,Debit Card
ORD207375,CUST00392,2024-10-07,3039.22,South,Cash on Delivery
ORD208512,CUST00528,2023-03-03,2041.23,West,UPI/Wallet
ORD203436,CUST00122,2024-02-15,3598.75,East,Credit Card
ORD203562,CUST00127,2023-11-01,8794.61,Central,Credit Card
ORD200206,CUST00007,2024-09-08,9222.96,East,Cash on Delivery
ORD209236,CUST00616,2023-02-27,2319.78,West,Debit Card
ORD206285,CUST00303,2024-10-01,2298.71,North,UPI/Wallet
ORD200425,CUST00015,2024-10-01,9630.93,Central,Credit Card
ORD210485,CUST00795,2023-09-13,738.35,Central,UPI/Wallet
ORD205338,CUST00244,2023-11-21,2485.72,West,Net Banking
ORD209383,CUST00636,2024-02-08,2503.04,Central,UPI/Wallet
ORD202842,CUST00102,2024-07-29,8548.94,Central,Net Banking
ORD209377,CUST00636,2023-03-16,2423.38,Central,Cash on Delivery
ORD203770,CUST00138,2024-09-26,4935.31,East,Debit Card
ORD205817,CUST00274,2023-07-29,1613.96,East,Debit Card
ORD207392,CUST00395,2024-04-12,2008.69,East,Credit Card
ORD200813,CUST00029,2023-10-01,4994.04,North,Cash on Delivery
ORD210155,CUST00744,2023-06-13,1937.56,East,Credit Card
ORD210207,CUST00753,2023-12-24,3351.97,South,Cash on Delivery
ORD208584,CUST00536,2024-05-10,2307.49,South,Debit Card
ORD206060,CUST00290,2023-04-24,6330.51,Central,Debit Card
ORD201222,CUST00043,2024-11-08,5312.73,North,Credit Card
ORD210298,CUST00766,2024-02-18,1793.36,South,Credit Card
ORD206495,CUST00317,2024-09-28,3485.39,South,Net Banking
ORD209149,CUST00605,2024-12-06,2485.0,West,Cash on Delivery
ORD204720,CUST00204,2024-05-21,3530.53,North,Debit Card
ORD200311,CUST00012,2023-04-11,4545.36,West,Credit Card
ORD208112,CUST00482,2024-05-19,2677.36,Central,Cash on Delivery
ORD206978,CUST00348,2023-10-16,3134.27,West,Cash on Delivery
ORD202482,CUST00090,2023-03-04,8625.0,Central,UPI/Wallet
ORD210798,CUST00904,2023-10-06,1003.45,South,Debit Card
ORD206435,CUST00314,2023-07-29,3350.18,East,Net Banking
ORD206113,CUST00293,2024-02-18,2626.01,North,UPI/Wallet
ORD207878,CUST00455,2024-10-22,3333.56,North,Credit Card
ORD201954,CUST00068,2024-06-20,7926.25,West,Debit Card
ORD205839,CUST00275,2023-07-17,3632.02,East,Debit Card
ORD205179,CUST00234,2023-09-23,2886.32,South,UPI/Wallet
ORD200673,CUST00025,2023-02-01,7882.18,North,Net Banking
ORD204767,CUST00207,2024-01-18,4366.52,East,Credit Card
ORD200368,CUST00013,2024-12-14,-4107.98,North,Credit Card
ORD210808,CUST00908,2023-02-25,775.56,West,Credit Card
ORD207346,CUST00389,2023-05-09,1942.47,South,UPI/Wallet
ORD202303,CUST00082,2024-04-15,9609.84,West,Debit Card
ORD200576,CUST00020,2024-11-29,7628.33,South,Credit Card
ORD209428,CUST00642,2023-06-24,3551.65,Central,UPI/Wallet
ORD208187,CUST00491,2023-02-16,1491.31,North,Debit Card
ORD200468,CUST00017,2023-06-26,5364.61,South,Cash on Delivery
ORD206295,CUST00304,2023-08-21,6945.07,South,Debit Card
ORD203085,CUST00111,2024-04-27,7508.81,South,Credit Card
ORD202501,CUST00090,2024-03-22,8573.31,Central,Net Banking
ORD203840,CUST00143,2024-05-20,3689.69,West,UPI/Wallet
ORD204482,CUST00187,2024-11-08,1982.65,Central,Debit Card
ORD200023,CUST00001,2024-03-05,6095.34,North,Credit Card
ORD201090,CUST00038,2024-02-05,7169.63,West,UPI/Wallet
ORD209253,CUST00618,2023-06-16,2928.45,East,Credit Card
ORD205101,CUST00228,2024-12-03,2903.31,West,Credit Card
ORD202990,CUST00108,2023-08-05,9686.3,East,Credit Card
ORD209580,CUST00662,2024-04-07,3633.93,West,Cash on Delivery
ORD203943,CUST00151,2024-05-08,5090.36,North,UPI/Wallet
ORD209766,CUST00688,2023-12-19,1896.69,East,Debit Card
ORD209244,CUST00617,2023-01-11,5165.51,East,UPI/Wallet
ORD200852,CUST00030,2024-04-24,5884.54,North,UPI/Wallet
ORD209417,CUST00641,2023-07-16,3180.68,East,Cash on Delivery
ORD207835,CUST00450,2024-10-09,1295.73,North,Cash on Delivery
ORD204754,CUST00206,2024-09-13,4290.95,West,UPI/Wallet
ORD204543,CUST00191,2024-11-06,2466.2,West,Cash on Delivery
ORD203827,CUST00142,2024-07-08,3777.49,North,UPI/Wallet
ORD204743,CUST00206,2023-07-14,4034.58,West,Debit Card
ORD210688,CUST00865,2023-07-05,1413.41,East,
ORD200131,CUST00005,2023-09-20,6724.5,South,UPI/Wallet
ORD201094,CUST00038,2024-04-22,5318.89,West,Cash on Delivery
ORD209775,CUST00690,2023-03-28,2782.1,Central,Credit Card
ORD210158,CUST00745,2023-02-21,3874.21,Central,Debit Card
ORD204187,CUST00167,2024-11-05,2013.44,Central,Debit Card
ORD203372,CUST00120,2024-07-31,-3902.47,Central,Credit Card
ORD203458,CUST00123,2023-12-11,11879.42,West,UPI/Wallet
ORD204448,CUST00185,2024-05-07,4342.18,North,Cash on Delivery
ORD205039,CUST00224,2024-12-01,3409.99,West,Credit Card
ORD205286,CUST00241,2023-01-17,3822.71,South,Debit Card
ORD200335,CUST00012,2023-12-28,5990.27,West,Cash on Delivery
ORD203323,CUST00119,2023-03-08,9867.97,West,Cash on Delivery
ORD210005,CUST00721,2023-07-23,2013.57,West,Credit Card
ORD200702,CUST00025,2024-09-17,5925.78,North,UPI/Wallet
ORD210839,CUST00918,2024-05-22,1212.11,Central,UPI/Wallet
ORD210918,CUST00948,2023-01-13,1923.57,West,Cash on Delivery
ORD208783,CUST00559,2024-08-16,2392.99,North,Cash on Delivery
ORD210956,CUST00961,2024-03-24,681.7,West,Debit Card
ORD206863,CUST00341,2023-08-05,2842.47,East,Net Banking
ORD204727,CUST00205,2023-04-14,2803.97,East,UPI/Wallet
ORD203141,CUST00113,2023-06-08,3711.95,Central,Cash on Delivery
ORD208171,CUST00489,2023-12-08,1611.2,South,Credit Card
ORD202278,CUST00081,2024-04-14,4431.25,West,UPI/Wallet
ORD208615,CUST00539,2024-06-10,3932.15,Central,Credit Card
ORD204219,CUST00169,2024-06-15,7011.6,North,Credit Card
ORD207968,CUST00465,2024-09-06,1633.15,Central,Debit Card
ORD210080,CUST00734,2023-03-19,4529.19,West,Debit Card
ORD204896,CUST00215,2024-09-15,3170.9,Central,Credit Card
ORD209375,CUST00635,2023-12-24,2770.44,West,Debit Card
ORD201781,CUST00063,2024-08-21,7693.7,South,Debit Card
ORD208935,CUST00578,2023-09-01,1761.7,East,Cash on Delivery
ORD206742,CUST00333,2024-04-07,3395.28,East,Credit Card
ORD202456,CUST00089,2023-02-04,6667.87,Central,UPI/Wallet
ORD205811,CUST00274,2023-01-14,3190.42,East,Debit Card
ORD208375,CUST00512,2024-08-17,1458.44,South,Debit Card
ORD204058,CUST00159,2023-07-30,1218.7,South,UPI/Wallet
ORD200561,CUST00020,2023-12-21,3402.07,South,UPI/Wallet
ORD207695,CUST00430,2024-03-17,952.25,North,
ORD202104,CUST00074,2023-07-22,9465.46,East,UPI/Wallet
ORD209116,CUST00602,2023-04-20,1260.99,Central,Credit Card
ORD206058,CUST00289,2024-12-09,3864.07,West,Cash on Delivery
ORD210672,CUST00859,2023-07-02,2026.61,North,UPI/Wallet
ORD204469,CUST00186,2024-10-13,5556.53,West,Cash on Delivery
ORD203641,CUST00130,2023-05-08,4290.74,South,Debit Card
ORD207540,CUST00413,2024-02-19,2865.51,West,Net Banking
ORD207969,CUST00465,2024-10-25,1234.33,Central,Credit Card
ORD210550,CUST00816,2023-04-02,1061.49,East,UPI/Wallet
ORD202343,CUST00083,2024-12-25,6173.35,South,Credit Card
ORD209197,CUST00611,2023-08-10,3477.54,East,Net Banking
ORD201916,CUST00067,2023-12-25,9080.91,Central,
ORD205121,CUST00230,2023-04-17,2538.14,East,Cash on Delivery
ORD203862,CUST00145,2023-05-31,2731.15,North,Debit Card
ORD209975,CUST00717,2023-12-31,5815.46,Central,Cash on Delivery
ORD200872,CUST00031,2023-11-15,6599.17,West,Credit Card
ORD201646,CUST00059,2023-01-03,5538.28,South,Cash on Delivery
ORD205148,CUST00231,2024-11-09,4234.63,Central,Credit Card
ORD210563,CUST00820,2024-02-28,619.39,East,Net Banking
ORD200463,CUST00017,2023-02-14,4451.6,South,UPI/Wallet
ORD209413,CUST00640,2024-03-19,4915.42,North,UPI/Wallet
ORD206008,CUST00286,2023-04-11,3032.95,East,UPI/Wallet
ORD204322,CUST00176,2024-02-26,1341.23,North,UPI/Wallet
ORD200806,CUST00029,2023-06-12,3850.78,North,UPI/Wallet
ORD203752,CUST00137,2023-04-25,2683.51,West,UPI/Wallet
ORD200028,CUST00001,2024-07-09,4302.0,North,Credit Card
ORD207101,CUST00360,2024-12-03,2737.04,West,Credit Card
ORD207639,CUST00424,2023-09-25,-1466.03,West,UPI/Wallet
ORD200596,CUST00021,2024-12-04,5486.71,East,Cash on Delivery
ORD204656,CUST00200,2024-12-10,1845.43,West,Debit Card
ORD205666,CUST00265,2023-05-01,3618.46,North,Cash on Delivery
ORD207626,CUST00422,2024-10-10,1188.72,Central,Cash on Delivery
ORD208433,CUST00519,2023-09-18,2310.4,South,Cash on Delivery
ORD207361,CUST00390,2024-10-09,1653.66,East,Debit Card
ORD203983,CUST00154,2023-06-02,1197.85,East,Cash on Delivery
ORD207012,CUST00350,2024-11-12,2483.55,North,Debit Card
ORD204660,CUST00201,2023-05-05,3055.96,Central,Debit Card
ORD204718,CUST00204,2024-02-25,4619.0,North,UPI/Wallet
ORD205650,CUST00264,2023-08-11,4165.59,East,Credit Card
ORD204582,CUST00195,2024-05-26,2350.53,West,Cash on Delivery
ORD204884,CUST00215,2023-03-29,4636.83,Central,Credit Card
ORD200994,CUST00035,2023-12-19,5382.35,North,Credit Card
ORD210188,CUST00749,2023-10-07,1261.34,North,Debit Card
ORD208264,CUST00499,2024-10-20,1673.91,North,UPI/Wallet
ORD200366,CUST00013,2024-10-06,4031.88,North,Debit Card
ORD209162,CUST00607,2023-05-25,2195.52,Central,Credit Card
ORD200175,CUST00006,2024-08-09,9527.54,North,Cash on Delivery
ORD203683,CUST00132,2024-11-15,3763.16,West,Debit Card
ORD208195,CUST00492,2023-01-04,1560.01,Central,Credit Card
ORD203720,CUST00135,2023-03-23,6199.25,Central,Cash on Delivery
ORD204202,CUST00168,2024-10-21,4387.89,West,Debit Card
ORD200924,CUST00033,2024-02-23,5581.33,East,UPI/Wallet
ORD202135,CUST00075,2023-09-07,3435.02,South,Net Banking
ORD205445,CUST00250,2024-07-21,5211.61,East,UPI/Wallet
ORD201364,CUST00048,2024-04-23,6023.03,South,UPI/Wallet
ORD208367,CUST00511,2024-11-28,1765.34,South,Credit Card
ORD210731,CUST00880,2024-05-03,351.1,East,Cash on Delivery
ORD209960,CUST00715,2023-09-09,1665.35,North,Credit Card
ORD208699,CUST00548,2024-11-15,1818.08,West,UPI/Wallet
ORD204131,CUST00164,2024-01-23,4433.6,East,UPI/Wallet
ORD210426,CUST00784,2024-06-28,3674.91,North,UPI/Wallet
ORD208590,CUST00537,2023-05-23,1165.79,East,UPI/Wallet
ORD210804,CUST00907,2023-04-27,2405.39,North,Debit Card
ORD201295,CUST00046,2023-12-03,5375.76,West,Cash on Delivery
ORD207694,CUST00430,2024-01-03,1311.82,North,Net Banking
ORD204421,CUST00183,2024-08-31,2844.42,South,Credit Card
ORD205185,CUST00234,2024-01-26,3446.63,South,Credit Card
ORD201635,CUST00058,2024-07-01,3300.7,South,Cash on Delivery
ORD205938,CUST00281,2023-09-08,2270.43,East,Credit Card
ORD207172,CUST00368,2023-08-29,2807.93,Central,Cash on Delivery
ORD205391,CUST00247,2023-02-23,1254.73,Central,Net Banking
ORD203572,CUST00127,2024-09-14,-6391.25,Central,Net Banking
ORD204944,CUST00218,2024-09-13,2278.47,Central,Credit Card
ORD208005,CUST00469,2024-01-01,1949.55,East,Debit Card
ORD205067,CUST00226,2024-04-26,3916.99,West,Credit Card
ORD204668,CUST00201,2024-08-15,4094.43,Central,UPI/Wallet
ORD206398,CUST00312,2023-02-15,1892.77,West,Cash on Delivery
ORD204789,CUST00208,2024-11-11,2028.26,South,Cash on Delivery
ORD207637,CUST00424,2023-06-17,1470.47,West,Cash on Delivery
ORD205901,CUST00278,2024-11-07,5381.06,East,Credit Card
ORD203993,CUST00154,2024-11-28,2371.93,East,UPI/Wallet
ORD201636,CUST00058,2024-08-03,3504.03,South,Cash on Delivery
ORD210793,CUST00902,2024-02-25,596.77,South,Credit Card
ORD201785,CUST00063,2024-12-19,8046.39,South,Debit Card
ORD201812,CUST00064,2024-06-02,4099.45,Central,Debit Card
ORD207046,CUST00354,2023-09-14,2149.73,Central,Credit Card
ORD204410,CUST00183,2023-04-14,3921.97,South,Credit Card
ORD206938,CUST00345,2024-02-14,3439.17,North,UPI/Wallet
ORD204161,CUST00166,2024-01-14,2760.03,East,Credit Card
ORD209145,CUST00605,2024-05-08,2434.08,West,Debit Card
ORD203795,CUST00140,2024-01-12,3605.96,North,UPI/Wallet
ORD206989,CUST00349,2023-05-18,2591.44,South,Cash on Delivery
ORD202688,CUST00097,2023-04-28,9655.0,North,Cash on Delivery
ORD209137,CUST00604,2023-09-01,2315.43,North,Debit Card
ORD200182,CUST00006,2024-11-10,8414.94,North,Debit Card
ORD204042,CUST00158,2023-08-17,4489.3,North,Debit Card
ORD203214,CUST00115,2023-03-17,3051.36,West,Cash on Delivery
ORD201085,CUST00038,2023-10-05,4446.87,West,Credit Card
ORD207840,CUST00451,2023-10-04,1382.25,East,Debit Card
ORD210894,CUST00938,2024-01-16,636.64,Central,Cash on Delivery
ORD202443,CUST00088,2024-01-17,7126.16,North,Credit Card
ORD208489,CUST00525,2023-07-20,4805.18,South,
ORD200778,CUST00027,2024-09-30,8367.02,Central,Credit Card
ORD209831,CUST00698,2023-04-26,3502.71,East,Debit Card
ORD200176,CUST00006,2024-08-12,7610.31,North,Cash on Delivery
ORD205225,CUST00237,2023-11-21,3266.17,East,Credit Card
ORD202834,CUST00102,2024-03-19,5679.63,Central,Net Banking
ORD204532,CUST00191,2023-08-27,2831.17,West,UPI/Wallet
ORD201588,CUST00057,2024-03-30,9269.72,South,UPI/Wallet
ORD207629,CUST00423,2023-10-25,3731.45,Central,Credit Card
ORD201662,CUST00059,2024-01-14,5106.59,South,Credit Card
ORD200557,CUST00020,2023-09-04,4184.32,South,UPI/Wallet
ORD204982,CUST00221,2023-02-23,2085.33,South,Debit Card
ORD207083,CUST00358,2023-05-12,1998.99,North,Net Banking
ORD205056,CUST00226,2023-08-10,2947.96,West,Debit Card
ORD202812,CUST00101,2024-07-25,8363.6,West,Debit Card
ORD202273,CUST00081,2023-12-03,5310.14,West,Debit Card
ORD204905,CUST00216,2023-05-15,4621.06,South,Credit Card
ORD203176,CUST00114,2023-03-21,4112.33,West,Credit Card
ORD209650,CUST00672,2024-03-15,3513.45,South,Cash on Delivery
ORD209688,CUST00677,2024-02-21,3711.5,South,Debit Card
ORD204677,CUST00202,2023-12-08,3614.34,West,Credit Card
ORD206442,CUST00314,2024-05-06,3424.59,East,UPI/Wallet
ORD207272,CUST00380,2023-12-04,2543.8,West,UPI/Wallet
ORD204528,CUST00191,2023-04-17,3334.35,West,Debit Card
ORD207362,CUST00391,2023-02-01,973.17,North,Cash on Delivery
ORD202404,CUST00086,2024-03-07,9020.2,East,Credit Card
ORD207403,CUST00397,2023-01-05,2712.39,Central,Cash on Delivery
ORD205331,CUST00243,2024-09-17,4526.58,West,UPI/Wallet
ORD209559,CUST00660,2023-12-04,2814.2,Central,Credit Card
ORD200451,CUST00016,2024-04-05,9708.73,East,Debit Card
ORD210354,CUST00774,2023-08-03,4678.05,East,UPI/Wallet
ORD209537,CUST00657,2024-06-07,2003.36,West,UPI/Wallet
ORD203676,CUST00132,2023-04-07,4919.55,West,Debit Card
ORD209110,CUST00601,2023-03-30,1964.9,West,Debit Card
ORD204414,CUST00183,2023-07-11,4139.64,South,Debit Card
ORD201181,CUST00041,2024-12-04,4141.72,South,Debit Card
ORD208303,CUST00504,2024-02-26,1324.41,West,Cash on Delivery
ORD206260,CUST00302,2023-06-04,4208.42,South,Debit Card
ORD203047,CUST00110,2023-07-18,8764.06,West,Debit Card
ORD209573,CUST00662,2023-02-25,3443.26,West,Credit Card
ORD210962,CUST00963,2023-05-30,607.57,East,Debit Card
ORD210848,CUST00922,2023-01-10,2167.28,Central,
ORD200600,CUST00022,2023-02-17,6773.35,South,UPI/Wallet
ORD203294,CUST00118,2023-01-02,6556.59,West,UPI/Wallet
ORD206063,CUST00290,2023-09-29,5791.29,Central,UPI/Wallet
ORD209788,CUST00691,2024-05-19,2105.69,East,UPI/Wallet
ORD207140,CUST00364,2024-08-22,1287.71,North,UPI/Wallet
ORD202403,CUST00086,2024-02-14,4869.64,East,UPI/Wallet
ORD209205,CUST00612,2023-05-17,1467.83,North,Net Banking
ORD206632,CUST00326,2023-06-13,3462.81,North,Debit Card
ORD204761,CUST00207,2023-08-08,5878.32,East,UPI/Wallet
ORD200736,CUST00026,2024-03-06,4838.08,East,Debit Card
ORD202055,CUST00073,2023-02-19,2367.73,West,Credit Card
ORD208528,CUST00529,2024-03-24,2074.09,East,Credit Card
ORD206350,CUST00308,2023-05-25,2231.24,South,Net Banking
ORD210941,CUST00954,2024-04-19,1392.34,North,Debit Card
ORD206248,CUST00301,2024-03-25,4955.2,Central,Cash on Delivery
ORD208142,CUST00486,2023-05-25,3762.33,East,Credit Card
ORD207690,CUST00429,2024-12-04,807.16,Central,Net Banking
ORD210119,CUST00738,2024-03-11,3771.15,North,Cash on Delivery
ORD208913,CUST00575,2023-09-01,3280.05,South,Credit Card
ORD210197,CUST00751,2024-06-15,3100.62,Central,Credit Card
ORD207498,CUST00408,2024-10-05,2326.71,North,Cash on Delivery
ORD201889,CUST00066,2024-08-06,6181.64,West,Debit Card
ORD201459,CUST00052,2024-03-31,4272.44,South,Credit Card
ORD202440,CUST00088,2023-10-04,3153.57,North,UPI/Wallet
ORD204223,CUST00170,2024-01-10,2522.81,North,Cash on Delivery
ORD210349,CUST00773,2024-04-14,3771.61,Central,Debit Card
ORD203531,CUST00126,2023-11-13,5486.74,East,UPI/Wallet
ORD201455,CUST00052,2023-12-08,4805.16,South,UPI/Wallet
ORD206104,CUST00293,2023-05-20,3633.33,North,Credit Card
ORD210964,CUST00964,2023-07-01,526.24,North,Cash on Delivery
ORD204800,CUST00209,2024-11-30,2828.64,South,UPI/Wallet
ORD200950,CUST00034,2023-04-15,3773.84,East,UPI/Wallet
ORD208940,CUST00579,2023-03-02,970.19,East,UPI/Wallet
ORD208042,CUST00473,2024-09-16,2251.88,Central,Net Banking
ORD205956,CUST00282,2024-11-08,1274.19,North,UPI/Wallet
ORD206564,CUST00321,2024-02-27,2434.39,West,Net Banking
ORD203310,CUST00118,2023-11-25,7145.94,West,Cash on Delivery
ORD204015,CUST00156,2024-03-19,2941.8,Central,Credit Card
ORD209201,CUST00611,2024-03-21,3537.42,East,Net Banking
ORD208826,CUST00564,2024-11-18,2842.09,East,UPI/Wallet
ORD204516,CUST00190,2023-10-27,2532.71,East,Cash on Delivery
ORD200982,CUST00035,2023-02-04,7173.41,North,Net Banking
ORD209064,CUST00594,2023-10-24,1846.15,East,Credit Card
ORD208326,CUST00507,2024-11-19,1243.03,West,Credit Card
ORD200742,CUST00026,2024-07-05,4962.12,East,Debit Card
ORD209715,CUST00681,2024-08-03,5542.14,West,Net Banking
ORD209458,CUST00645,2024-05-20,2649.43,South,Credit Card
ORD202961,CUST00106,2024-12-28,5128.57,Central,Debit Card
ORD206480,CUST00317,2023-04-23,2898.15,South,UPI/Wallet
ORD206105,CUST00293,2023-06-14,2408.92,North,UPI/Wallet
ORD208884,CUST00571,2024-12-09,4163.05,Central,UPI/Wallet
ORD209500,CUST00652,2023-11-13,3661.36,South,Credit Card
ORD203773,CUST00139,2023-01-10,3117.9,Central,Credit Card
ORD209173,CUST00608,2024-09-08,3214.0,South,UPI/Wallet
ORD207548,CUST00414,2023-02-13,4303.88,South,Credit Card
ORD210845,CUST00921,2023-09-10,916.62,North,Credit Card
ORD207831,CUST00450,2023-11-17,1245.06,North,Cash on Delivery
ORD202667,CUST00096,2023-08-04,3278.86,North,UPI/Wallet
ORD204588,CUST00196,2023-04-03,3104.64,Central,Debit Card
ORD207152,CUST00366,2023-04-10,1728.89,North,Credit Card
ORD200578,CUST00020,2024-12-06,3602.87,South,UPI/Wallet
ORD202276,CUST00081,2024-03-02,5976.48,West,UPI/Wallet
ORD203030,CUST00109,2024-04-12,5610.43,Central,UPI/Wallet
ORD205248,CUST00239,2023-05-24,4849.74,North,UPI/Wallet
ORD209890,CUST00704,2024-07-08,6006.64,West,Debit Card
ORD201037,CUST00037,2023-04-21,3782.61,Central,Cash on Delivery
ORD202370,CUST00085,2023-05-04,4096.31,South,Credit Card
ORD207244,CUST00377,2023-07-28,2930.64,Central,Cash on Delivery
ORD203290,CUST00117,2024-11-08,5798.53,South,Cash on Delivery
ORD203543,CUST00126,2024-08-12,7244.42,East,UPI/Wallet
ORD207833,CUST00450,2024-02-12,1539.15,North,Cash on Delivery
ORD204594,CUST00196,2024-06-22,4214.86,Central,UPI/Wallet
ORD201510,CUST00054,2024-04-17,3070.34,East,Credit Card
ORD207691,CUST00430,2023-02-24,2986.33,North,Credit Card
ORD201585,CUST00057,2024-02-18,8553.08,South,UPI/Wallet
ORD210968,CUST00965,2024-03-10,1185.52,East,Credit Card
ORD206809,CUST00338,2023-02-28,2331.31,Central,UPI/Wallet
ORD202942,CUST00106,2023-10-20,4959.43,Central,Cash on Delivery
ORD207169,CUST00368,2023-01-14,1724.03,Central,Debit Card
ORD208709,CUST00550,2023-01-19,3215.53,North,Cash on Delivery
ORD205457,CUST00251,2023-11-15,3140.04,South,Credit Card
ORD204217,CUST00169,2024-02-22,5657.21,North,Credit Card
ORD207021,CUST00351,2024-10-06,2218.41,Central,Debit Card
ORD209407,CUST00640,2023-02-21,3133.32,North,Credit Card
ORD206293,CUST00304,2023-05-24,6812.11,South,Credit Card
ORD208241,CUST00497,2023-11-29,3928.5,West,Credit Card
ORD205138,CUST00231,2023-06-08,6060.93,Central,Credit Card
ORD203406,CUST00121,2024-08-25,3373.21,South,Debit Card
ORD208286,CUST00502,2024-07-08,3075.06,South,Net Banking
ORD210496,CUST00798,2024-05-11,1851.03,South,UPI/Wallet
ORD209135,CUST00603,2024-11-11,2647.08,East,Net Banking
ORD204962,CUST00219,2024-08-16,4551.49,South,UPI/Wallet
ORD210569,CUST00822,2024-03-09,1494.14,North,UPI/Wallet
ORD207787,CUST00444,2023-08-31,3163.62,Central,Credit Card
ORD204272,CUST00173,2023-08-19,3751.98,South,UPI/Wallet
ORD207775,CUST00442,2023-12-18,3484.54,South,Credit Card
ORD207933,CUST00462,2024-01-15,1481.28,Central,Credit Card
ORD201673,CUST00060,2023-01-08,-2263.66,Central,UPI/Wallet
ORD205377,CUST00246,2023-07-27,1802.03,East,Credit Card
ORD206886,CUST00342,2024-05-26,3836.91,East,Credit Card
ORD204913,CUST00216,2024-05-13,4203.12,South,Debit Card
ORD206071,CUST00291,2023-02-11,1637.43,North,Cash on Delivery
ORD210253,CUST00760,2023-02-25,1635.16,Central,Cash on Delivery
ORD201607,CUST00058,2023-02-13,3757.8,South,Debit Card
ORD200113,CUST00004,2024-04-27,8345.95,West,Credit Card
ORD204088,CUST00161,2023-10-27,2785.33,South,Cash on Delivery
ORD208705,CUST00549,2024-08-01,4148.53,South,Debit Card
ORD206596,CUST00323,2024-06-16,3332.5,South,Cash on Delivery
ORD204838,CUST00212,2024-01-01,5394.02,Central,Credit Card
ORD210556,CUST00818,2024-03-28,848.15,West,Debit Card
ORD201405,CUST00050,2023-08-31,9127.49,North,Credit Card
ORD202697,CUST00097,2024-02-14,4591.64,North,Cash on Delivery
ORD207672,CUST00428,2023-04-26,3087.54,North,Net Banking
ORD203322,CUST00118,2024-12-19,5314.35,West,Debit Card
ORD210914,CUST00946,2024-04-20,1408.67,Central,Cash on Delivery
ORD204792,CUST00209,2023-07-13,3674.44,South,UPI/Wallet
ORD203610,CUST00129,2023-07-15,5314.82,Central,Credit Card
ORD210916,CUST00947,2023-11-03,1833.3,Central,Credit Card
ORD202962,CUST00107,2023-01-18,5464.96,East,Net Banking
ORD210183,CUST00748,2023-12-02,2695.79,West,Cash on Delivery
ORD202301,CUST00082,2024-04-01,7274.34,West,Debit Card
ORD208552,CUST00532,2024-10-13,2816.32,South,Debit Card
ORD210507,CUST00802,2023-07-19,1608.78,South,UPI/Wallet
ORD201197,CUST00042,2024-09-16,4953.34,South,Debit Card
ORD204496,CUST00188,2024-02-27,3792.79,East,UPI/Wallet
ORD205720,CUST00268,2024-03-06,1905.58,West,Credit Card
ORD202321,CUST00083,2023-01-11,6683.8,South,Credit Card
ORD205321,CUST00243,2023-03-26,2132.86,West,Credit Card
ORD209075,CUST00596,2023-04-13,1234.26,North,Cash on Delivery
ORD200073,CUST00003,2023-03-18,5906.4,North,Cash on Delivery
ORD201273,CUST00045,2023-09-19,6130.1,East,UPI/Wallet
ORD202870,CUST00103,2024-01-19,5644.95,Central,UPI/Wallet
ORD210315,CUST00769,2023-12-05,3588.18,East,UPI/Wallet
ORD210342,CUST00772,2023-08-28,1727.78,West,Net Banking
ORD208882,CUST00571,2024-10-30,3573.49,Central,UPI/Wallet
ORD201669,CUST00059,2024-11-22,6224.86,South,Debit Card
ORD210232,CUST00757,2023-07-19,2279.77,North,Net Banking
ORD200763,CUST00027,2023-10-31,9301.97,Central,Credit Card
ORD206817,CUST00338,2024-05-15,3072.06,Central,UPI/Wallet
ORD210217,CUST00755,2023-07-17,2760.51,West,Net Banking
ORD204056,CUST00159,2023-03-14,-1878.86,South,Net Banking
ORD209294,CUST00623,2024-05-15,1784.8,North,UPI/Wallet
ORD209256,CUST00618,2024-03-12,2272.74,East,Cash on Delivery
ORD205112,CUST00229,2024-06-08,4217.6,North,Credit Card
ORD206090,CUST00292,2024-01-23,4096.78,South,Cash on Delivery
ORD202481,CUST00090,2023-02-21,5815.8,Central,Cash on Delivery
ORD205053,CUST00225,2024-10-27,4715.28,North,Net Banking
ORD205840,CUST00275,2023-12-16,4541.51,East,UPI/Wallet
ORD206226,CUST00300,2023-12-31,2893.97,South,Credit Card
ORD205757,CUST00270,2024-09-10,2354.98,Central,UPI/Wallet
ORD202076,CUST00073,2024-01-21,3863.49,West,UPI/Wallet
ORD206172,CUST00296,2024-11-10,2661.81,West,UPI/Wallet
ORD208592,CUST00537,2023-08-19,2407.08,East,Credit Card
ORD208343,CUST00509,2023-11-05,3068.49,Central,UPI/Wallet
ORD206763,CUST00334,2024-08-06,2760.27,North,UPI/Wallet
ORD207849,CUST00452,2024-05-14,1733.76,Central,UPI/Wallet
ORD205136,CUST00231,2023-05-18,5355.92,Central,UPI/Wallet
ORD201447,CUST00052,2023-05-17,-3930.96,South,Cash on Delivery
ORD204874,CUST00214,2024-04-14,3242.87,North,Credit Card
ORD207201,CUST00371,2024-12-14,1993.03,North,Debit Card
ORD202392,CUST00086,2023-04-07,7906.21,East,Credit Card
ORD201521,CUST00054,2024-11-17,4115.04,East,Credit Card
ORD200099,CUST00004,2023-08-27,5402.86,West,Cash on Delivery
ORD207196,CUST00371,2023-04-04,2624.55,North,Cash on Delivery
ORD204965,CUST00220,2023-01-30,-3155.59,West,Net Banking
ORD204522,CUST00190,2024-04-04,5117.53,East,UPI/Wallet
ORD208657,CUST00544,2024-03-25,1076.78,South,Credit Card
ORD206353,CUST00308,2024-04-13,2946.71,South,Cash on Delivery
ORD205574,CUST00258,2024-04-22,3581.03,East,UPI/Wallet
ORD208788,CUST00560,2023-06-18,2597.37,East,UPI/Wallet
ORD206122,CUST00293,2024-08-15,1871.03,North,Credit Card
ORD205261,CUST00240,2023-01-09,5407.01,West,Credit Card
ORD205865,CUST00276,2024-01-25,3495.15,Central,Debit Card
ORD203015,CUST00109,2023-03-14,8072.22,Central,Credit Card
ORD205253,CUST00239,2024-02-01,4500.21,North,UPI/Wallet
ORD207406,CUST00397,2023-12-17,2238.69,Central,Debit Card
ORD205828,CUST00274,2024-07-29,1913.59,East,Debit Card
ORD201427,CUST00051,2023-08-11,4476.65,East,Credit Card
ORD204897,CUST00215,2024-09-22,4085.96,Central,Credit Card
ORD200906,CUST00033,2023-05-11,6253.87,East,Debit Card
ORD205741,CUST00269,2024-03-28,3277.38,West,UPI/Wallet
ORD204082,CUST00160,2024-12-03,3060.6,West,UPI/Wallet
ORD201800,CUST00064,2023-08-24,7240.35,Central,UPI/Wallet
ORD202226,CUST00079,2023-11-30,2365.22,Central,UPI/Wallet
ORD201520,CUST00054,2024-11-09,2243.01,East,Credit Card
ORD206993,CUST00349,2023-08-10,2361.01,South,Credit Card
ORD206360,CUST00309,2023-03-01,2257.83,West,Credit Card
ORD206279,CUST00303,2023-02-10,1432.89,North,UPI/Wallet
ORD202940,CUST00106,2023-08-27,2066.16,Central,Cash on Delivery
ORD210991,CUST00975,2023-07-11,890.31,South,UPI/Wallet
ORD209461,CUST00646,2024-03-11,3668.91,South,Credit Card
ORD209490,CUST00650,2024-03-03,2145.1,North,UPI/Wallet
ORD210786,CUST00900,2023-07-20,1316.72,South,UPI/Wallet
ORD208458,CUST00522,2023-04-22,3373.39,East,Cash on Delivery
ORD209897,CUST00706,2023-04-15,3074.84,South,Cash on Delivery
ORD208595,CUST00537,2023-10-15,2043.62,East,Credit Card
ORD207340,CUST00388,2024-08-17,1200.01,West,UPI/Wallet
ORD210761,CUST00890,2024-02-07,555.59,East,UPI/Wallet
ORD202408,CUST00086,2024-07-02,11101.92,East,Cash on Delivery
ORD209044,CUST00592,2023-09-19,1425.01,South,Debit Card
ORD203054,CUST00110,2023-12-16,5521.94,West,UPI/Wallet
ORD201237,CUST00044,2023-09-05,6715.76,East,Cash on Delivery
ORD208761,CUST00556,2024-06-09,1888.22,East,Debit Card
ORD205144,CUST00231,2024-03-13,5254.85,Central,Debit Card
ORD201191,CUST00042,2024-01-03,6091.95,South,UPI/Wallet
ORD205077,CUST00227,2023-04-25,4247.02,North,UPI/Wallet
ORD202458,CUST00089,2023-06-21,3597.52,Central,UPI/Wallet
ORD201540,CUST00055,2024-05-22,5351.86,East,UPI/Wallet
ORD209821,CUST00697,2023-06-09,5086.03,North,Debit Card
ORD209668,CUST00674,2024-01-11,4574.78,West,Credit Card
ORD201966,CUST00069,2023-06-20,12094.92,Central,UPI/Wallet
ORD201832,CUST00065,2023-06-24,9185.63,South,UPI/Wallet
ORD206805,CUST00337,2024-11-13,2436.55,East,Credit Card
ORD200393,CUST00014,2024-03-20,4814.82,West,Credit Card
ORD210990,CUST00975,2023-05-12,1069.42,South,Credit Card
ORD204201,CUST00168,2024-10-14,4523.73,West,Debit Card
ORD210988,CUST00974,2024-03-29,617.13,Central,Credit Card
ORD202646,CUST00095,2024-05-03,6344.56,East,Net Banking
ORD201234,CUST00044,2023-07-20,5986.92,East,UPI/Wallet
ORD210438,CUST00786,2023-04-29,2638.99,Central,Cash on Delivery
ORD204802,CUST00210,2023-04-29,5672.06,Central,Credit Card
ORD207687,CUST00429,2024-04-30,516.16,Central,Net Banking
ORD206466,CUST00316,2024-04-16,2678.38,West,Debit Card
ORD204268,CUST00173,2023-05-27,4731.94,South,Net Banking
ORD202213,CUST00078,2024-06-23,3474.17,South,Credit Card
ORD208952,CUST00580,2023-10-18,923.73,South,Credit Card
ORD207575,CUST00417,2023-03-08,1854.64,East,Credit Card
ORD208410,CUST00516,2023-10-28,3571.98,Central,Credit Card
ORD208304,CUST00504,2024-06-26,1834.42,West,Debit Card
ORD203462,CUST00123,2024-04-20,10910.75,West,Net Banking
ORD203680,CUST00132,2023-12-15,4007.34,West,Credit Card
ORD204304,CUST00175,2023-10-26,2511.94,South,Credit Card
ORD203944,CUST00151,2024-05-31,5243.42,North,Cash on Delivery
ORD201817,CUST00064,2024-11-23,5494.61,Central,Debit Card
ORD203793,CUST00140,2023-11-23,3131.2,North,Debit Card
ORD204229,CUST00170,2024-06-14,3481.51,North,Credit Card
ORD200233,CUST00009,2023-04-04,4669.08,North,Credit Card
ORD201247,CUST00044,2024-04-09,6001.29,East,UPI/Wallet
ORD201156,CUST00041,2023-04-10,5122.73,South,UPI/Wallet
ORD201491,CUST00054,2023-01-17,3750.27,East,Cash on Delivery
ORD207937,CUST00463,2023-04-09,1378.91,North,Cash on Delivery
ORD201628,CUST00058,2023-12-16,4734.07,South,UPI/Wallet
ORD205064,CUST00226,2024-01-25,5865.15,West,Credit Card
ORD204074,CUST00160,2023-11-08,3934.63,West,Debit Card
ORD201245,CUST00044,2024-03-28,7932.62,East,Debit Card
ORD208426,CUST00518,2023-09-14,2933.79,South,Credit Card
ORD202225,CUST00079,2023-11-09,2746.49,Central,UPI/Wallet
ORD201823,CUST00065,2023-02-26,6492.09,South,Debit Card
ORD207547,CUST00414,2023-02-04,2934.38,South,Debit Card
ORD210159,CUST00745,2023-04-13,4419.01,Central,Debit Card
ORD206741,CUST00333,2024-04-06,2810.53,East,Credit Card
ORD202544,CUST00091,2024-12-09,4218.16,East,UPI/Wallet
ORD203062,CUST00110,2024-09-27,10727.6,West,Credit Card
ORD209857,CUST00701,2023-01-28,1255.44,South,UPI/Wallet
ORD206163,CUST00296,2023-05-05,2275.25,West,Credit Card
ORD200519,CUST00018,2024-07-30,5986.6,East,UPI/Wallet
ORD200104,CUST00004,2023-11-29,8415.07,West,UPI/Wallet
ORD210700,CUST00869,2024-02-11,1588.89,South,UPI/Wallet
ORD204570,CUST00194,2024-05-29,2742.89,North,Credit Card
ORD210846,CUST00921,2023-12-02,898.21,North,Cash on Delivery
ORD205659,CUST00264,2024-04-10,6219.96,East,Credit Card
ORD209926,CUST00710,2024-04-27,2343.53,North,UPI/Wallet
ORD200948,CUST00034,2023-01-26,5282.02,East,Debit Card
ORD206756,CUST00334,2023-09-17,3661.95,North,Cash on Delivery
ORD202423,CUST00087,2024-03-02,7061.52,North,UPI/Wallet
ORD205924,CUST00280,2023-11-27,5149.74,East,UPI/Wallet
ORD201404,CUST00050,2023-06-20,10366.69,North,UPI/Wallet
ORD204725,CUST00205,2023-03-06,4180.49,East,UPI/Wallet
ORD202032,CUST00072,2023-09-22,9033.39,Central,UPI/Wallet
ORD205156,CUST00232,2024-03-09,2511.62,South,UPI/Wallet
ORD200937,CUST00033,2024-10-08,4782.78,East,UPI/Wallet
ORD206661,CUST00328,2023-01-08,3859.87,South,Cash on Delivery
ORD201670,CUST00059,2024-12-06,4608.58,South,Net Banking
ORD207683,CUST00429,2023-08-13,2686.51,Central,Credit Card
ORD210276,CUST00762,2023-12-22,5208.42,North,Cash on Delivery
ORD203608,CUST00129,2023-07-02,5684.46,Central,Cash on Delivery
ORD203226,CUST00115,2024-09-22,4415.35,West,Cash on Delivery
ORD200606,CUST00022,2023-06-23,7685.78,South,Debit Card
ORD207301,CUST00383,2023-06-08,1545.36,North,UPI/Wallet
ORD206352,CUST00308,2023-09-28,2144.99,South,Net Banking
ORD208066,CUST00476,2024-06-21,2224.82,West,Cash on Delivery
ORD202433,CUST00087,2024-11-21,7291.74,North,Debit Card
ORD206383,CUST00310,2024-03-10,2190.4,West,UPI/Wallet
ORD202348,CUST00084,2023-07-05,8761.84,North,Debit Card
ORD204433,CUST00184,2024-10-11,5118.45,South,UPI/Wallet
ORD205176,CUST00234,2023-05-08,3018.35,South,Credit Card
ORD209825,CUST00697,2023-12-10,3994.07,North,UPI/Wallet
ORD210684,CUST00864,2024-05-10,648.17,West,Credit Card
ORD200336,CUST00012,2023-12-31,4022.79,West,Debit Card
ORD206605,CUST00324,2023-07-10,3798.95,West,Cash on Delivery
ORD207322,CUST00386,2023-10-05,2147.28,West,Credit Card
ORD201034,CUST00037,2023-02-09,5041.3,Central,UPI/Wallet
ORD209761,CUST00687,2024-02-20,2061.86,West,Cash on Delivery
ORD204545,CUST00192,2023-08-15,2377.34,East,Credit Card
ORD205069,CUST00226,2024-06-22,4180.92,West,Debit Card
ORD202158,CUST00076,2023-10-10,3739.71,South,Debit Card
ORD210096,CUST00736,2023-04-22,3530.68,East,Cash on Delivery
ORD201265,CUST00045,2023-03-23,6364.77,East,UPI/Wallet
ORD208839,CUST00566,2023-11-21,2258.83,West,Debit Card
ORD204567,CUST00194,2023-08-16,3162.55,North,Net Banking
ORD200832,CUST00030,2023-03-16,9125.72,North,Net Banking
ORD209298,CUST00624,2023-10-23,4562.87,North,Cash on Delivery
ORD200732,CUST00026,2024-02-03,5140.1,East,Debit Card
ORD204365,CUST00179,2023-12-22,1884.47,South,Credit Card
ORD207363,CUST00391,2023-11-02,2257.44,North,Net Banking
ORD207640,CUST00424,2023-11-15,1480.65,West,Debit Card
ORD209043,CUST00592,2023-08-18,2035.49,South,Credit Card
ORD202778,CUST00100,2023-11-18,8866.92,North,UPI/Wallet
ORD201518,CUST00054,2024-10-06,2588.68,East,Credit Card
ORD206421,CUST00313,2023-02-24,4695.8,North,Cash on Delivery
ORD208702,CUST00549,2023-09-01,3671.2,South,Debit Card
ORD206362,CUST00309,2023-06-01,2820.75,West,Cash on Delivery
ORD207457,CUST00404,2023-05-10,-1947.42,West,Debit Card
ORD206367,CUST00309,2024-02-12,2854.07,West,
ORD205394,CUST00247,2023-08-29,4102.97,Central,Cash on Delivery
ORD210554,CUST00817,2024-01-07,935.2,East,Debit Card
ORD201970,CUST00069,2023-11-20,9291.43,Central,Credit Card
ORD210193,CUST00750,2023-07-05,1799.95,South,Credit Card
ORD208090,CUST00479,2023-06-26,1577.61,West,Debit Card
ORD202505,CUST00090,2024-10-19,7391.32,Central,UPI/Wallet
ORD204537,CUST00191,2024-06-02,3712.81,West,Debit Card
ORD201745,CUST00062,2024-10-23,3705.52,West,Cash on Delivery
ORD210864,CUST00927,2023-05-21,741.86,West,UPI/Wallet
ORD200705,CUST00025,2024-10-24,4656.33,North,Net Banking
ORD203205,CUST00114,2024-10-25,7694.59,West,UPI/Wallet
ORD204454,CUST00186,2023-04-08,5122.44,West,Debit Card
ORD206001,CUST00285,2024-06-01,2665.24,South,UPI/Wallet
ORD209989,CUST00719,2023-11-25,2856.51,South,Cash on Delivery
ORD207921,CUST00461,2023-08-19,1908.62,West,UPI/Wallet
ORD205906,CUST00279,2023-06-22,3180.38,West,Credit Card
ORD204612,CUST00197,2024-09-25,3633.02,South,UPI/Wallet
ORD202363,CUST00084,2024-11-25,12001.37,North,Credit Card
ORD200287,CUST00011,2023-04-30,7389.79,South,Cash on Delivery
ORD210011,CUST00722,2024-06-30,3573.56,East,Debit Card
ORD204258,CUST00172,2024-06-13,3736.92,Central,UPI/Wallet
ORD204715,CUST00204,2023-07-11,3644.91,North,Cash on Delivery
ORD204500,CUST00188,2024-11-19,4291.1,East,Cash on Delivery
ORD210104,CUST00736,2024-02-28,1588.39,East,Debit Card
ORD202512,CUST00091,2023-06-01,6472.16,East,Cash on Delivery
ORD207440,CUST00402,2023-04-13,1643.21,West,Cash on Delivery
ORD201732,CUST00062,2024-01-01,5892.67,West,UPI/Wallet
ORD210291,CUST00765,2023-11-25,1205.47,South,Debit Card
ORD204078,CUST00160,2024-08-05,4179.69,West,Debit Card
ORD206288,CUST00303,2024-12-02,2250.23,North,Debit Card
ORD209438,CUST00643,2023-10-24,1531.51,East,Cash on Delivery
ORD202529,CUST00091,2024-03-07,3969.03,East,Debit Card
ORD200363,CUST00013,2024-09-16,5064.57,North,Debit Card
ORD203644,CUST00130,2023-08-03,7660.65,South,Credit Card
ORD200290,CUST00011,2023-06-26,7797.24,South,Debit Card
ORD200061,CUST00002,2024-08-16,7315.55,East,Debit Card
ORD203791,CUST00140,2023-09-21,1027.34,North,UPI/Wallet
ORD206317,CUST00306,2023-05-23,1737.99,West,Credit Card
ORD210574,CUST00824,2024-02-25,1153.29,East,Credit Card
ORD205434,CUST00250,2023-06-21,4433.89,East,Debit Card
ORD207059,CUST00356,2023-01-20,3259.32,North,Credit Card
ORD204144,CUST00165,2023-08-25,4573.37,Central,Credit Card
ORD201759,CUST00063,2023-08-02,9417.84,South,UPI/Wallet
ORD203408,CUST00121,2024-09-22,3499.2,South,UPI/Wallet
ORD204843,CUST00212,2024-10-11,4385.33,Central,Cash on Delivery
ORD207796,CUST00445,2023-06-22,1294.58,South,Debit Card
ORD201184,CUST00042,2023-01-26,4061.52,South,Credit Card
ORD206697,CUST00331,2023-04-11,5228.48,West,UPI/Wallet
ORD209089,CUST00598,2023-09-15,2008.23,North,Debit Card
ORD202747,CUST00099,2023-10-19,9867.8,East,UPI/Wallet
ORD202369,CUST00085,2023-03-26,7525.49,South,Credit Card
ORD202661,CUST00096,2023-03-26,3588.42,North,Debit Card
ORD204999,CUST00222,2023-06-18,4085.68,West,Cash on Delivery
ORD205508,CUST00254,2024-10-24,2729.4,West,Credit Card
ORD200332,CUST00012,2023-12-05,4872.04,West,Credit Card
ORD205940,CUST00281,2023-11-17,1989.96,East,Net Banking
ORD201111,CUST00039,2023-09-27,8299.89,East,Cash on Delivery
ORD204276,CUST00173,2024-01-14,2116.0,South,UPI/Wallet
ORD202929,CUST00105,2024-11-17,3984.02,South,Net Banking
ORD209653,CUST00673,2023-07-26,2242.72,South,UPI/Wallet
ORD205127,CUST00230,2024-04-09,4258.28,East,UPI/Wallet
ORD211055,CUST00997,2023-02-05,1130.88,East,Debit Card
ORD210124,CUST00739,2023-11-17,2682.91,Central,UPI/Wallet
ORD200555,CUST00020,2023-04-14,3503.59,South,UPI/Wallet
ORD210227,CUST00756,2023-06-11,1775.17,West,Debit Card
ORD205603,CUST00260,2023-12-20,4111.37,West,Debit Card
ORD200493,CUST00018,2023-01-11,5214.29,East,Debit Card
ORD201719,CUST00062,2023-03-13,13792.99,West,Cash on Delivery
ORD209655,CUST00673,2023-10-26,1980.55,South,UPI/Wallet
ORD205697,CUST00267,2023-12-23,2406.02,Central,Credit Card
ORD204613,CUST00197,2024-11-06,3120.36,South,Cash on Delivery
ORD203050,CUST00110,2023-09-16,8530.46,West,UPI/Wallet
ORD210589,CUST00829,2023-12-14,555.16,West,UPI/Wallet
ORD200159,CUST00006,2023-08-20,5280.69,North,UPI/Wallet
ORD200941,CUST00033,2024-11-06,8859.45,East,UPI/Wallet
ORD205611,CUST00261,2023-10-13,6819.69,South,UPI/Wallet
ORD209277,CUST00621,2023-12-23,2199.27,North,Net Banking
ORD208210,CUST00493,2024-01-16,4238.71,South,UPI/Wallet
ORD209935,CUST00712,2023-07-31,2327.2,Central,Debit Card
ORD203077,CUST00111,2023-08-10,8469.37,South,Cash on Delivery
ORD205383,CUST00246,2024-05-15,1864.76,East,Cash on Delivery
ORD201792,CUST00064,2023-04-09,4839.26,Central,Debit Card
ORD209323,CUST00628,2023-02-27,2407.52,West,Cash on Delivery
ORD206282,CUST00303,2024-01-31,1449.32,North,Debit Card
ORD200383,CUST00014,2023-12-13,4042.85,West,UPI/Wallet
ORD208587,CUST00536,2024-10-03,1309.82,South,Credit Card
ORD211003,CUST00978,2023-07-05,1423.7,North,Credit Card
ORD207320,CUST00386,2023-02-01,1844.75,West,Debit Card
ORD209614,CUST00667,2024-02-21,2845.86,Central,UPI/Wallet
ORD202258,CUST00080,2024-09-12,5071.14,North,Debit Card
ORD204198,CUST00168,2024-04-19,4691.5,West,Debit Card
ORD201346,CUST00047,2024-11-12,3266.05,South,Cash on Delivery
ORD210334,CUST00771,2023-07-16,2229.11,East,Credit Card
ORD211056,CUST00997,2023-08-04,1704.7,East,Cash on Delivery
ORD206748,CUST00334,2023-03-08,2294.55,North,Credit Card
ORD206343,CUST00307,2024-11-02,5085.95,North,Cash on Delivery
ORD202036,CUST00072,2023-12-16,10374.44,Central,Credit Card
ORD206417,CUST00312,2024-11-05,2187.71,West,Debit Card
ORD204023,CUST00156,2024-11-06,2765.19,Central,Net Banking
ORD204809,CUST00210,2024-06-18,4684.59,Central,
ORD207681,CUST00429,2023-05-27,1320.36,Central,Debit Card
ORD203861,CUST00145,2023-04-19,2804.99,North,Credit Card
ORD207718,CUST00434,2023-07-10,2228.23,West,Credit Card
ORD200544,CUST00019,2024-07-30,8210.11,North,Debit Card
ORD200686,CUST00025,2023-08-28,6827.88,North,Cash on Delivery
ORD206483,CUST00317,2023-09-08,2730.47,South,Cash on Delivery
ORD210608,CUST00836,2024-02-11,2059.24,North,Debit Card
ORD200247,CUST00009,2024-01-29,3279.69,North,Cash on Delivery
ORD207936,CUST00463,2023-03-16,1325.31,North,Credit Card
ORD200021,CUST00001,2024-01-24,3332.22,North,Credit Card
ORD205695,CUST00267,2023-10-03,4684.63,Central,Credit Card
ORD204230,CUST00170,2024-09-11,2749.34,North,Debit Card
ORD207791,CUST00444,2024-07-12,4273.52,Central,Cash on Delivery
ORD207056,CUST00355,2024-05-30,4201.99,North,Credit Card
ORD202266,CUST00081,2023-01-17,5756.38,West,Net Banking
ORD209418,CUST00641,2023-08-03,3885.67,East,UPI/Wallet
ORD200172,CUST00006,2024-06-16,7388.09,North,UPI/Wallet
ORD201081,CUST00038,2023-07-08,7487.97,West,UPI/Wallet
ORD201555,CUST00056,2023-11-30,6250.0,West,Cash on Delivery
ORD203537,CUST00126,2024-03-07,7868.0,East,Debit Card
ORD205831,CUST00274,2024-11-10,2734.47,East,Debit Card
ORD206490,CUST00317,2023-12-05,1497.02,South,Credit Card
ORD205563,CUST00258,2023-03-18,3870.29,East,Credit Card
ORD203796,CUST00140,2024-05-28,4541.01,North,Cash on Delivery
ORD202532,CUST00091,2024-05-17,3373.31,East,UPI/Wallet
ORD209534,CUST00657,2023-02-22,2403.24,West,Credit Card
ORD210930,CUST00952,2023-04-06,1816.74,East,Credit Card
ORD202973,CUST00107,2024-03-01,7579.19,East,Credit Card
ORD202949,CUST00106,2024-02-07,3912.17,Central,Credit Card
ORD204090,CUST00161,2023-12-18,4635.48,South,UPI/Wallet
ORD200914,CUST00033,2023-07-28,7205.16,East,Debit Card
ORD203136,CUST00112,2024-12-20,7383.67,Central,UPI/Wallet
ORD208988,CUST00584,2024-10-08,1573.16,North,Debit Card
ORD207798,CUST00445,2024-05-22,2441.79,South,UPI/Wallet
ORD210160,CUST00745,2023-05-12,3027.41,Central,Debit Card
ORD206239,CUST00301,2023-08-30,4609.22,Central,UPI/Wallet
ORD203812,CUST00141,2024-01-21,5715.5,Central,UPI/Wallet
ORD207919,CUST00461,2023-04-12,3714.09,West,Debit Card
ORD201382,CUST00049,2023-04-16,3819.2,South,UPI/Wallet
ORD204937,CUST00218,2023-10-25,2238.98,Central,UPI/Wallet
ORD205941,CUST00281,2024-02-21,2135.2,East,Debit Card
ORD201563,CUST00056,2024-12-13,6139.21,West,UPI/Wallet
ORD205340,CUST00244,2023-12-30,4562.75,West,UPI/Wallet
ORD201423,CUST00051,2023-01-13,7697.63,East,Cash on Delivery
ORD209029,CUST00590,2023-10-19,1514.47,North,Debit Card
ORD208115,CUST00482,2024-11-08,2895.19,Central,Credit Card
ORD208227,CUST00495,2024-06-26,1671.15,Central,UPI/Wallet
ORD203559,CUST00127,2023-08-31,9252.55,Central,Credit Card
ORD206433,CUST00314,2023-04-24,3018.0,East,Credit Card
ORD201545,CUST00055,2024-10-06,4403.47,East,Debit Card
ORD201573,CUST00057,2023-07-20,8979.32,South,Credit Card
ORD208140,CUST00485,2024-10-28,1959.28,West,Credit Card
ORD200969,CUST00034,2024-04-16,3134.18,East,UPI/Wallet
ORD210497,CUST00799,2023-05-19,1294.17,Central,Credit Card
ORD203844,CUST00143,2024-08-13,1808.77,West,UPI/Wallet
ORD204110,CUST00162,2024-12-19,2339.83,West,UPI/Wallet
ORD200217,CUST00008,2023-04-25,4635.55,West,UPI/Wallet
ORD204664,CUST00201,2024-01-08,2949.32,Central,Cash on Delivery
ORD201882,CUST00066,2024-01-28,5944.95,West,UPI/Wallet
ORD209524,CUST00655,2024-03-25,3306.12,West,Cash on Delivery
ORD206537,CUST00320,2023-07-07,1294.27,West,UPI/Wallet
ORD210347,CUST00773,2023-08-21,3452.4,Central,UPI/Wallet
ORD202750,CUST00099,2023-11-30,8885.67,East,Debit Card
ORD200767,CUST00027,2024-03-03,8191.84,Central,Credit Card
ORD205461,CUST00251,2024-03-19,5001.18,South,UPI/Wallet
ORD204918,CUST00217,2023-06-02,3418.89,Central,Debit Card
ORD204423,CUST00183,2024-12-01,5452.46,South,UPI/Wallet
ORD206905,CUST00343,2024-01-17,2959.38,East,UPI/Wallet
ORD203452,CUST00122,2024-12-13,-5515.43,East,UPI/Wallet
ORD203615,CUST00129,2023-10-24,3807.91,Central,Cash on Delivery
ORD200029,CUST00001,2024-07-12,6543.5,North,Net Banking
ORD206874,CUST00342,2023-07-17,2563.54,East,Credit Card
ORD205420,CUST00249,2023-07-10,2171.0,Central,Cash on Delivery
ORD206478,CUST00317,2023-01-26,2483.12,South,Credit Card
ORD210269,CUST00761,2024-05-16,1701.35,North,Credit Card
ORD202846,CUST00102,2024-12-08,8411.26,Central,Credit Card
ORD209056,CUST00593,2024-02-20,2724.79,North,UPI/Wallet
ORD203100,CUST00112,2023-06-10,9766.08,Central,UPI/Wallet
ORD206839,CUST00340,2023-09-28,5518.62,South,Debit Card
ORD203582,CUST00128,2023-06-06,4814.26,West,UPI/Wallet
ORD210301,CUST00767,2023-11-12,4987.53,East,Debit Card
ORD207456,CUST00403,2024-10-04,455.09,North,Debit Card
ORD202745,CUST00099,2023-09-20,10255.32,East,Cash on Delivery
ORD201694,CUST00061,2023-05-22,3178.35,South,Debit Card
ORD209440,CUST00643,2024-03-04,1629.76,East,UPI/Wallet
ORD206394,CUST00311,2024-06-16,2909.37,West,Cash on Delivery
ORD210024,CUST00725,2023-03-05,3329.0,East,Credit Card
ORD208204,CUST00492,2024-12-19,982.83,Central,Debit Card
ORD208725,CUST00552,2024-12-04,1218.38,East,Debit Card
ORD200764,CUST00027,2023-12-28,11503.59,Central,Debit Card
ORD206041,CUST00288,2023-10-10,3701.69,West,Debit Card
ORD203390,CUST00121,2023-08-18,4448.59,South,UPI/Wallet
ORD205573,CUST00258,2024-04-17,4719.58,East,UPI/Wallet
ORD207510,CUST00410,2023-04-24,2864.51,East,Credit Card
ORD208133,CUST00484,2024-10-14,1986.46,North,UPI/Wallet
ORD202564,CUST00092,2024-07-08,7206.01,South,Cash on Delivery
ORD205743,CUST00269,2024-08-30,2149.52,West,UPI/Wallet
ORD207055,CUST00355,2024-05-10,3905.29,North,Cash on Delivery
ORD200745,CUST00026,2024-08-17,4573.72,East,Debit Card
ORD208880,CUST00571,2024-08-27,3593.18,Central,Cash on Delivery
ORD204313,CUST00175,2024-10-11,3471.43,South,Cash on Delivery
ORD209193,CUST00610,2024-09-18,2687.01,South,Debit Card
ORD207675,CUST00428,2023-08-22,1551.21,North,Debit Card
ORD210270,CUST00762,2023-01-20,4694.61,North,Credit Card
ORD202180,CUST00077,2023-08-05,8189.72,West,
ORD208602,CUST00538,2023-03-19,4372.66,West,Cash on Delivery
ORD200279,CUST00010,2024-11-24,2691.86,North,Debit Card
ORD200421,CUST00015,2024-07-17,6913.85,Central,UPI/Wallet
ORD203080,CUST00111,2023-11-25,8300.78,South,Credit Card
ORD205040,CUST00225,2023-01-01,1963.23,North,UPI/Wallet
ORD200954,CUST00034,2023-06-01,7175.91,East,Debit Card
ORD202157,CUST00076,2023-08-28,9051.54,South,Credit Card
ORD208865,CUST00569,2024-10-02,2063.51,West,Debit Card
ORD204877,CUST00214,2024-10-09,3036.74,North,Credit Card
ORD204248,CUST00172,2023-08-16,3370.66,Central,Net Banking
ORD207481,CUST00406,2024-07-24,2870.38,North,Credit Card
ORD209454,CUST00645,2023-07-23,2198.52,South,Cash on Delivery
ORD207544,CUST00413,2024-05-13,4228.98,West,UPI/Wallet
ORD205890,CUST00278,2023-11-08,4460.12,East,UPI/Wallet
ORD207726,CUST00435,2023-11-28,2128.31,North,Cash on Delivery
ORD209079,CUST00597,2024-01-23,1806.05,Central,UPI/Wallet
ORD206973,CUST00348,2023-04-27,3100.98,West,UPI/Wallet
ORD209352,CUST00632,2023-11-08,3510.14,Central,Cash on Delivery
ORD207222,CUST00374,2024-06-23,2877.04,East,Debit Card
ORD200227,CUST00008,2024-11-05,4141.62,West,UPI/Wallet
ORD200979,CUST00034,2024-11-26,6526.67,East,UPI/Wallet
ORD205191,CUST00235,2023-09-21,4179.07,West,Debit Card
ORD201943,CUST00068,2023-04-14,5160.19,West,Cash on Delivery
ORD209337,CUST00630,2023-01-15,2136.67,Central,Debit Card
ORD205935,CUST00281,2023-03-19,1507.28,East,Credit Card
ORD209629,CUST00669,2023-12-13,4585.08,West,UPI/Wallet
ORD204723,CUST00205,2023-01-01,5229.28,East,UPI/Wallet
ORD202774,CUST00100,2023-05-31,5479.41,North,Net Banking
ORD204667,CUST00201,2024-04-30,4240.05,Central,Cash on Delivery
ORD200161,CUST00006,2023-09-27,6722.08,North,Debit Card
ORD205793,CUST00273,2023-04-03,6483.96,East,UPI/Wallet
ORD203379,CUST00120,2024-10-21,3266.07,Central,Credit Card
ORD206747,CUST00334,2023-02-12,3064.27,North,Debit Card
ORD208207,CUST00493,2023-11-21,3965.32,South,Credit Card
ORD203208,CUST00114,2024-11-12,7032.76,West,Net Banking
ORD205171,CUST00233,2024-09-05,4002.59,North,Credit Card
ORD209954,CUST00714,2024-04-19,3973.39,Central,UPI/Wallet
ORD200056,CUST00002,2024-06-24,5801.69,East,UPI/Wallet
ORD208436,CUST00519,2024-02-12,2842.52,South,Cash on Delivery
ORD208729,CUST00553,2024-02-29,959.04,Central,Credit Card
ORD202684,CUST00097,2023-03-11,12631.67,North,Credit Card
ORD205552,CUST00257,2023-09-16,4048.78,North,Credit Card
ORD200005,CUST00001,2023-04-23,4912.53,North,Credit Card
ORD205380,CUST00246,2023-09-19,2605.94,East,UPI/Wallet
ORD203252,CUST00116,2024-05-20,9508.26,South,Credit Card
ORD201804,CUST00064,2023-10-23,5670.65,Central,Credit Card
ORD201701,CUST00061,2023-11-28,2580.96,South,Credit Card
ORD208909,CUST00574,2024-10-18,2327.16,Central,Cash on Delivery
ORD208680,CUST00546,2024-07-25,2636.63,West,Net Banking
ORD210317,CUST00769,2024-01-16,2612.89,East,UPI/Wallet
ORD210998,CUST00977,2023-05-17,1588.79,North,Credit Card
ORD206714,CUST00331,2024-10-21,3131.63,West,Debit Card
ORD200343,CUST00012,2024-06-22,5717.98,West,Cash on Delivery
ORD200856,CUST00030,2024-07-03,6945.32,North,Cash on Delivery
ORD200779,CUST00027,2024-10-28,10479.58,Central,UPI/Wallet
ORD207281,CUST00381,2023-06-04,3422.67,East,UPI/Wallet
ORD207353,CUST00389,2024-11-01,-2103.46,South,Credit Card
ORD201373,CUST00048,2024-11-10,5600.78,South,Cash on Delivery
ORD206379,CUST00310,2023-09-06,3607.38,West,Credit Card
ORD208010,CUST00470,2023-01-05,1917.68,North,UPI/Wallet
ORD202201,CUST00078,2023-11-02,5536.76,South,Credit Card
ORD210646,CUST00850,2024-04-03,1464.33,West,Debit Card
ORD210683,CUST00864,2024-04-18,533.44,West,Credit Card
ORD208739,CUST00554,2024-10-13,2712.6,North,Credit Card
ORD200010,CUST00001,2023-07-30,4814.2,North,Cash on Delivery
ORD210854,CUST00923,2024-05-01,1265.33,South,Cash on Delivery
ORD209622,CUST00668,2024-01-23,4436.8,North,Credit Card
ORD202185,CUST00077,2023-12-18,7691.65,West,Credit Card
ORD203740,CUST00136,2023-08-28,3746.54,North,Credit Card
ORD206976,CUST00348,2023-08-05,4684.85,West,Cash on Delivery
ORD200261,CUST00010,2023-06-17,8171.65,North,Cash on Delivery
ORD210649,CUST00851,2024-04-04,640.81,South,UPI/Wallet
ORD202624,CUST00094,2024-11-17,3332.99,Central,Cash on Delivery
ORD206411,CUST00312,2024-03-12,2720.88,West,Credit Card
ORD202649,CUST00095,2024-07-06,9371.93,East,UPI/Wallet
ORD202450,CUST00088,2024-05-08,5732.82,North,Credit Card
ORD201387,CUST00049,2023-08-15,7298.76,South,UPI/Wallet
ORD203942,CUST00151,2024-02-28,5790.88,North,UPI/Wallet
ORD210422,CUST00784,2023-04-13,5514.93,North,Credit Card
ORD205318,CUST00242,2024-10-27,4409.96,East,Net Banking
ORD209449,CUST00645,2023-02-17,2690.21,South,Credit Card
ORD206460,CUST00316,2023-06-29,3204.77,West,Cash on Delivery
ORD209138,CUST00604,2023-09-25,2566.74,North,Debit Card
ORD200460,CUST00016,2024-10-05,9112.23,East,Net Banking
ORD201825,CUST00065,2023-03-18,9143.55,South,UPI/Wallet
ORD207984,CUST00467,2023-09-17,1556.96,Central,Credit Card
ORD203013,CUST00108,2024-12-27,11042.07,East,UPI/Wallet
ORD201398,CUST00049,2024-12-29,6323.45,South,Credit Card
ORD203183,CUST00114,2023-07-14,10687.52,West,Credit Card
ORD208454,CUST00521,2024-11-26,1671.56,West,Credit Card
ORD206610,CUST00324,2024-02-28,4439.93,West,Debit Card
ORD208620,CUST00540,2023-06-06,4244.98,North,Net Banking
ORD206773,CUST00335,2023-08-01,6542.11,East,Debit Card
ORD209887,CUST00704,2023-12-08,4326.51,West,Debit Card
ORD209852,CUST00700,2023-12-08,2085.54,Central,Credit Card
ORD204893,CUST00215,2024-07-05,3415.38,Central,Debit Card
ORD204661,CUST00201,2023-05-14,4004.27,Central,Debit Card
ORD208074,CUST00477,2024-04-21,1405.55,Central,Cash on Delivery
ORD206987,CUST00349,2023-03-14,3040.51,South,Credit Card
ORD204738,CUST00206,2023-02-10,4824.42,West,UPI/Wallet
ORD210390,CUST00779,2023-07-23,909.79,Central,Cash on Delivery
ORD208535,CUST00530,2023-12-17,1855.79,North,UPI/Wallet
ORD210499,CUST00799,2024-02-11,778.63,Central,Credit Card
ORD208929,CUST00577,2024-09-18,2238.07,East,UPI/Wallet
ORD209292,CUST00623,2024-03-04,1603.98,North,Credit Card
ORD202804,CUST00101,2024-01-11,8756.82,West,Credit Card
ORD204629,CUST00198,2024-10-25,4020.86,South,Debit Card
ORD206916,CUST00344,2023-03-09,4599.96,East,Credit Card
ORD201869,CUST00066,2023-04-25,6187.15,West,UPI/Wallet
ORD203505,CUST00125,2024-01-30,8868.93,South,UPI/Wallet
ORD203004,CUST00108,2024-06-07,8556.91,East,UPI/Wallet
ORD207106,CUST00361,2024-01-08,2145.53,North,Cash on Delivery
ORD209051,CUST00593,2023-04-08,2697.88,North,Cash on Delivery
ORD204694,CUST00203,2023-01-18,2974.99,West,Debit Card
ORD200204,CUST00007,2024-05-09,7129.22,East,Net Banking
ORD201543,CUST00055,2024-09-07,5704.93,East,Cash on Delivery
ORD209756,CUST00686,2024-05-26,3460.44,North,Credit Card
ORD205564,CUST00258,2023-03-23,2559.21,East,UPI/Wallet
ORD203331,CUST00119,2023-10-29,6538.89,West,Credit Card
ORD202625,CUST00094,2024-11-22,3330.92,Central,Cash on Delivery
ORD200017,CUST00001,2023-12-02,5547.66,North,Debit Card
ORD210880,CUST00931,2024-01-08,1083.76,North,UPI/Wallet
ORD208672,CUST00546,2023-08-05,2134.41,West,Credit Card
ORD207568,CUST00416,2023-08-24,2069.21,North,Credit Card
ORD202296,CUST00082,2024-02-12,9044.63,West,Debit Card
ORD210491,CUST00796,2024-02-10,770.73,South,Debit Card
ORD208970,CUST00582,2024-01-22,4062.69,East,Cash on Delivery
ORD205672,CUST00265,2024-12-18,3110.16,North,Debit Card
ORD209126,CUST00602,2024-10-11,1682.05,Central,UPI/Wallet
ORD209442,CUST00644,2023-01-01,1211.78,North,Debit Card
ORD204055,CUST00159,2023-01-28,2997.59,South,Debit Card
ORD200438,CUST00016,2023-07-23,13910.39,East,UPI/Wallet
ORD200510,CUST00018,2024-01-18,10039.83,East,UPI/Wallet
ORD202693,CUST00097,2023-09-30,7528.57,North,UPI/Wallet
ORD204987,CUST00221,2023-09-24,2739.26,South,UPI/Wallet
ORD206303,CUST00305,2023-03-30,3636.68,North,Debit Card
ORD201308,CUST00046,2024-05-01,5832.63,West,Credit Card
ORD207973,CUST00466,2023-06-25,2666.66,West,Credit Card
ORD200777,CUST00027,2024-09-25,9310.2,Central,UPI/Wallet
ORD205607,CUST00261,2023-02-16,6395.99,South,Debit Card
ORD200003,CUST00001,2023-03-25,4681.18,North,UPI/Wallet
ORD209319,CUST00627,2024-04-03,3349.96,South,UPI/Wallet
ORD202265,CUST00081,2023-01-05,6057.13,West,Net Banking
ORD209894,CUST00705,2024-01-06,1927.07,Central,Credit Card
ORD208848,CUST00567,2023-09-11,1780.18,South,UPI/Wallet
ORD210863,CUST00927,2023-02-02,789.85,West,Credit Card
ORD206845,CUST00340,2023-12-29,4023.7,South,UPI/Wallet
ORD205926,CUST00280,2024-01-06,2573.46,East,Credit Card
ORD200092,CUST00004,2023-04-28,5597.88,West,Debit Card
ORD203036,CUST00109,2024-11-19,10480.43,Central,Credit Card
ORD210663,CUST00856,2023-04-06,1481.11,East,Net Banking
ORD200631,CUST00023,2024-01-14,5650.68,South,Net Banking
ORD208730,CUST00553,2024-04-12,1648.51,Central,UPI/Wallet
ORD207564,CUST00415,2024-09-28,2022.72,West,Credit Card
ORD202845,CUST00102,2024-11-23,9592.69,Central,Debit Card
ORD203119,CUST00112,2024-04-21,7209.56,Central,UPI/Wallet
ORD207674,CUST00428,2023-06-21,2406.59,North,UPI/Wallet
ORD203073,CUST00111,2023-05-19,7511.0,South,UPI/Wallet
ORD201476,CUST00053,2023-07-04,8125.88,Central,Cash on Delivery
ORD203486,CUST00124,2024-05-27,4945.72,East,UPI/Wallet
ORD203094,CUST00112,2023-03-04,9467.4,Central,Cash on Delivery
ORD201789,CUST00064,2023-02-04,6448.66,Central,Debit Card
ORD210945,CUST00956,2024-01-04,560.61,South,UPI/Wallet
ORD208023,CUST00471,2024-03-31,3194.39,East,Credit Card
ORD210001,CUST00720,2024-05-23,2064.85,Central,Credit Card
ORD206561,CUST00321,2023-11-14,1666.77,West,Debit Card
ORD205996,CUST00285,2023-11-24,1294.9,South,Debit Card
ORD200321,CUST00012,2023-09-26,4907.21,West,Debit Card
ORD200723,CUST00026,2023-10-15,4961.5,East,Debit Card
ORD208666,CUST00545,2024-05-20,2260.95,North,UPI/Wallet
ORD204382,CUST00180,2024-12-21,2380.7,East,Debit Card
ORD201615,CUST00058,2023-06-17,4603.59,South,Debit Card
ORD202854,CUST00103,2023-06-19,3040.69,Central,UPI/Wallet
ORD209069,CUST00595,2023-03-09,1368.72,West,Credit Card
ORD206073,CUST00291,2023-06-07,4176.82,North,UPI/Wallet
ORD201315,CUST00046,2024-09-26,3059.73,West,Debit Card
ORD204492,CUST00188,2023-07-14,3515.77,East,Credit Card
ORD210685,CUST00864,2024-05-17,526.5,West,UPI/Wallet
ORD203977,CUST00154,2023-01-29,1964.15,East,Cash on Delivery
ORD206022,CUST00287,2023-03-28,3193.62,West,Credit Card
ORD205722,CUST00268,2024-05-19,2799.49,West,UPI/Wallet
ORD202461,CUST00089,2023-10-23,7760.24,Central,UPI/Wallet
ORD202413,CUST00086,2024-10-13,9917.63,East,UPI/Wallet
ORD204194,CUST00168,2023-09-18,3260.26,West,Credit Card
ORD210157,CUST00744,2024-04-22,2229.39,East,Cash on Delivery
ORD210386,CUST00778,2024-05-31,1713.67,Central,UPI/Wallet
ORD210582,CUST00826,2023-06-24,1391.37,South,Cash on Delivery
ORD207950,CUST00464,2023-05-22,2853.43,West,Credit Card
ORD209824,CUST00697,2023-11-18,4155.36,North,Debit Card
ORD203550,CUST00126,2024-12-29,8025.49,East,UPI/Wallet
ORD206259,CUST00302,2023-05-29,4113.36,South,UPI/Wallet
ORD205038,CUST00224,2024-07-18,3199.93,West,UPI/Wallet
ORD200081,CUST00003,2024-02-21,2880.59,North,Cash on Delivery
ORD208861,CUST00569,2023-07-08,2041.41,West,Debit Card
ORD201918,CUST00067,2024-01-20,5297.92,Central,UPI/Wallet
ORD208359,CUST00510,2024-12-06,1435.92,East,Cash on Delivery
ORD208758,CUST00556,2023-11-20,1559.58,East,Credit Card
ORD200980,CUST00034,2024-12-01,7757.31,East,UPI/Wallet
ORD208606,CUST00538,2023-12-24,2891.44,West,Debit Card
ORD202763,CUST00099,2024-07-14,12214.59,East,Credit Card
ORD208004,CUST00469,2023-10-06,2814.53,East,Cash on Delivery
ORD201526,CUST00055,2023-02-01,3019.65,East,UPI/Wallet
ORD200661,CUST00024,2023-12-15,8289.05,North,Net Banking
ORD201796,CUST00064,2023-05-25,6134.03,Central,Credit Card
ORD210492,CUST00797,2024-04-19,2244.21,Central,Debit Card
ORD200680,CUST00025,2023-05-26,6997.92,North,UPI/Wallet
ORD203751,CUST00137,2023-03-11,1315.31,West,Net Banking
ORD207945,CUST00463,2024-08-18,1415.25,North,Cash on Delivery
ORD206983,CUST00348,2024-07-16,2558.16,West,Credit Card
ORD200039,CUST00001,2024-11-28,2327.47,North,UPI/Wallet
ORD207821,CUST00448,2024-06-16,3343.38,Central,Cash on Delivery
ORD206584,CUST00322,2024-10-13,1833.11,West,Cash on Delivery
ORD209227,CUST00615,2023-07-03,2743.46,Central,Cash on Delivery
ORD204231,CUST00170,2024-11-22,1738.13,North,Credit Card
ORD201241,CUST00044,2024-01-16,6185.55,East,Cash on Delivery
ORD203819,CUST00141,2024-12-22,4617.85,Central,Cash on Delivery
ORD207149,CUST00365,2024-06-12,1683.84,East,UPI/Wallet
ORD202839,CUST00102,2024-05-10,5201.22,Central,Debit Card
ORD210498,CUST00799,2024-02-10,805.04,Central,Credit Card
ORD208088,CUST00479,2023-02-14,2031.48,West,Credit Card
ORD202386,CUST00085,2024-09-30,1619.42,South,Cash on Delivery
ORD204157,CUST00166,2023-10-10,2876.46,East,Credit Card
ORD202475,CUST00089,2024-11-16,9166.0,Central,Credit Card
ORD200441,CUST00016,2023-10-03,6340.62,East,Cash on Delivery
ORD206628,CUST00325,2024-11-03,2529.14,West,Cash on Delivery
ORD205212,CUST00236,2024-02-28,3020.19,North,Cash on Delivery
ORD207086,CUST00358,2024-01-07,1961.37,North,Credit Card
ORD204235,CUST00171,2023-05-17,4422.49,Central,Cash on Delivery
ORD209711,CUST00681,2023-10-19,4384.39,West,Debit Card
ORD207491,CUST00407,2024-06-12,3318.2,West,Credit Card
ORD202516,CUST00091,2023-08-26,3696.9,East,Credit Card
ORD205071,CUST00226,2024-07-05,5418.98,West,UPI/Wallet
ORD210780,CUST00899,2023-01-17,787.15,East,UPI/Wallet
ORD203898,CUST00147,2023-12-24,3693.3,North,Credit Card
ORD200611,CUST00022,2023-10-09,9603.96,South,Debit Card
ORD202452,CUST00088,2024-07-06,8975.73,North,Credit Card
ORD202898,CUST00104,2024-04-13,8379.4,East,Cash on Delivery
ORD204961,CUST00219,2024-05-14,3585.46,South,Credit Card
ORD210539,CUST00812,2024-04-22,1682.7,East,Cash on Delivery
ORD203910,CUST00148,2023-10-21,3532.46,North,Debit Card
ORD205375,CUST00246,2023-05-14,2666.39,East,Cash on Delivery
ORD209811,CUST00695,2023-06-10,1619.98,North,Credit Card
ORD204405,CUST00182,2024-08-22,2715.77,North,Credit Card
ORD202078,CUST00073,2024-01-31,4476.73,West,Debit Card
ORD207720,CUST00434,2023-11-15,1446.13,West,Credit Card
ORD210951,CUST00958,2023-02-15,841.71,North,Debit Card
ORD208331,CUST00508,2024-03-22,2672.99,Central,Net Banking
ORD207531,CUST00412,2024-07-28,1313.24,North,UPI/Wallet
ORD210872,CUST00929,2023-10-15,945.44,West,Debit Card
ORD200677,CUST00025,2023-03-25,5624.98,North,Credit Card
ORD207280,CUST00381,2023-05-26,3196.22,East,
ORD200575,CUST00020,2024-11-25,4470.18,South,Cash on Delivery
ORD207092,CUST00359,2023-07-21,2708.48,North,Credit Card
ORD210255,CUST00760,2023-06-02,2535.28,Central,Debit Card
ORD203972,CUST00153,2024-06-07,2044.33,West,UPI/Wallet
ORD210056,CUST00730,2023-02-15,2649.59,Central,Net Banking
ORD210871,CUST00929,2023-09-30,532.98,West,Debit Card
ORD207053,CUST00355,2024-02-09,4992.25,North,UPI/Wallet
ORD208383,CUST00513,2023-10-27,5025.03,South,UPI/Wallet
ORD202706,CUST00098,2023-03-10,4374.68,South,Credit Card
ORD203053,CUST00110,2023-11-27,6359.81,West,Credit Card
ORD207206,CUST00372,2023-12-25,1858.08,Central,Credit Card
ORD210132,CUST00740,2023-04-05,2231.99,West,Debit Card
ORD204832,CUST00212,2023-07-31,5396.09,Central,Credit Card
ORD209889,CUST00704,2024-04-22,4257.22,West,Credit Card
ORD207843,CUST00451,2024-09-16,1705.78,East,Credit Card
ORD207247,CUST00377,2024-02-24,3067.4,Central,UPI/Wallet
ORD202071,CUST00073,2023-10-24,3868.32,West,Cash on Delivery
ORD206744,CUST00333,2024-08-15,3803.88,East,UPI/Wallet
ORD208540,CUST00531,2023-07-09,3039.32,East,Debit Card
ORD203337,CUST00119,2024-04-01,3773.77,West,Cash on Delivery
ORD205295,CUST00241,2024-03-19,2579.62,South,Cash on Delivery
ORD209425,CUST00641,2023-12-24,1824.29,East,UPI/Wallet
ORD201962,CUST00069,2023-03-15,6935.29,Central,UPI/Wallet
ORD209683,CUST00677,2023-07-22,3469.18,South,Net Banking
ORD205954,CUST00282,2024-05-26,2363.18,North,UPI/Wallet
ORD201318,CUST00046,2024-11-17,5572.08,West,UPI/Wallet
ORD203631,CUST00129,2024-12-04,6458.35,Central,Cash on Delivery
ORD202357,CUST00084,2024-04-03,7469.06,North,Credit Card
ORD209068,CUST00594,2024-10-30,702.11,East,Net Banking
ORD202881,CUST00103,2024-10-17,5269.4,Central,Debit Card
ORD201066,CUST00037,2024-10-28,3476.96,Central,Debit Card
ORD208268,CUST00500,2024-01-14,3825.64,East,Cash on Delivery
ORD207586,CUST00418,2024-10-13,2589.39,South,Debit Card
ORD203922,CUST00149,2024-07-09,3561.55,West,Credit Card
ORD207784,CUST00443,2024-08-23,1568.84,Central,Credit Card
ORD201468,CUST00053,2023-01-23,3896.01,Central,Credit Card
ORD200569,CUST00020,2024-08-24,3504.18,South,Debit Card
ORD202360,CUST00084,2024-05-22,5445.08,North,Credit Card
ORD208232,CUST00496,2024-09-29,1365.76,East,Credit Card
ORD201783,CUST00063,2024-11-26,8124.58,South,Credit Card
ORD205729,CUST00269,2023-01-21,2171.79,West,UPI/Wallet
ORD202535,CUST00091,2024-07-05,2829.54,East,Credit Card
ORD203867,CUST00145,2023-09-14,2671.48,North,Cash on Delivery
ORD202729,CUST00099,2023-02-06,11049.45,East,Credit Card
ORD209286,CUST00622,2023-11-04,1559.46,West,Credit Card
ORD206385,CUST00310,2024-07-07,2918.59,West,UPI/Wallet
ORD202781,CUST00100,2024-02-16,8503.79,North,Debit Card
ORD201926,CUST00067,2024-06-05,7203.2,Central,Cash on Delivery
ORD208198,CUST00492,2023-06-26,1067.69,Central,Credit Card
ORD201078,CUST00038,2023-06-12,4878.31,West,Debit Card
ORD201886,CUST00066,2024-06-30,6682.88,West,Credit Card
ORD206828,CUST00339,2024-02-24,3153.6,North,Net Banking
ORD200294,CUST00011,2023-12-02,11513.46,South,UPI/Wallet
ORD210866,CUST00927,2024-01-07,1166.98,West,Cash on Delivery
ORD209548,CUST00659,2023-10-16,3068.18,South,UPI/Wallet
ORD202483,CUST00090,2023-03-09,4728.33,Central,Credit Card
ORD201965,CUST00069,2023-05-29,7810.97,Central,Credit Card
ORD207644,CUST00425,2023-02-06,1983.0,South,UPI/Wallet
ORD204530,CUST00191,2023-07-20,2127.47,West,Debit Card
ORD204509,CUST00189,2024-08-14,4507.82,Central,UPI/Wallet
ORD209120,CUST00602,2023-08-22,2618.08,Central,Credit Card
ORD203642,CUST00130,2023-05-15,9806.77,South,Credit Card
ORD202718,CUST00098,2024-02-07,3066.16,South,Net Banking
ORD206866,CUST00341,2024-06-23,2952.95,East,UPI/Wallet
ORD207633,CUST00424,2023-01-12,2241.52,West,Debit Card
ORD201544,CUST00055,2024-09-09,5329.98,East,Debit Card
ORD201530,CUST00055,2023-07-13,3646.1,East,UPI/Wallet
ORD207962,CUST00465,2023-07-18,1335.23,Central,Cash on Delivery
ORD209392,CUST00638,2023-01-20,2875.36,West,Debit Card
ORD206780,CUST00336,2023-05-22,2026.44,Central,Credit Card
ORD207671,CUST00428,2023-04-13,5004.99,North,Credit Card
ORD203097,CUST00112,2023-05-05,7188.16,Central,Cash on Delivery
ORD200275,CUST00010,2024-06-26,7456.19,North,Credit Card
ORD207143,CUST00365,2023-06-28,973.33,East,Net Banking
ORD206851,CUST00340,2024-08-14,3210.36,South,Cash on Delivery
ORD204466,CUST00186,2024-03-21,3900.12,West,Credit Card
ORD200464,CUST00017,2023-04-01,3712.72,South,Credit Card
ORD200637,CUST00023,2024-05-19,5679.92,South,UPI/Wallet
ORD205298,CUST00241,2024-08-15,3399.41,South,Net Banking
ORD209183,CUST00609,2024-02-16,1696.39,Central,Cash on Delivery
ORD206872,CUST00342,2023-06-23,3141.14,East,UPI/Wallet
ORD203442,CUST00122,2024-06-03,5008.3,East,Credit Card
ORD207067,CUST00356,2024-10-30,1183.46,North,Debit Card
ORD209230,CUST00615,2023-11-02,2447.48,Central,Cash on Delivery
ORD210260,CUST00760,2023-10-27,3582.48,Central,Cash on Delivery
ORD208874,CUST00570,2024-09-21,5020.37,Central,Debit Card
ORD200666,CUST00024,2024-04-15,9427.62,North,Credit Card
ORD208892,CUST00572,2024-07-04,2964.3,South,UPI/Wallet
ORD203159,CUST00113,2024-09-22,3495.49,Central,Debit Card
ORD210323,CUST00770,2023-09-26,1811.5,East,Debit Card
ORD207493,CUST00407,2024-10-04,3522.74,West,Net Banking
ORD202059,CUST00073,2023-04-08,4683.32,West,Credit Card
ORD210400,CUST00781,2023-12-17,3063.04,Central,UPI/Wallet
ORD202099,CUST00074,2023-05-21,9730.52,East,Credit Card
ORD209067,CUST00594,2024-09-04,2113.88,East,UPI/Wallet
ORD206413,CUST00312,2024-06-18,2898.23,West,Cash on Delivery
ORD205254,CUST00239,2024-03-04,3282.79,North,Debit Card
ORD201411,CUST00050,2024-03-02,6256.88,North,Debit Card
ORD203227,CUST00115,2024-10-12,3017.0,West,Credit Card
ORD207323,CUST00386,2024-04-16,2251.21,West,Credit Card
ORD200682,CUST00025,2023-06-07,6653.47,North,Net Banking
ORD206210,CUST00299,2023-07-30,4833.23,Central,UPI/Wallet
ORD209705,CUST00680,2023-08-05,2517.04,North,Debit Card
ORD208105,CUST00481,2024-09-23,1794.72,West,Debit Card
ORD206662,CUST00328,2023-04-19,3243.01,South,Credit Card
ORD203659,CUST00131,2023-04-24,2339.42,South,Net Banking
ORD209086,CUST00598,2023-04-19,3680.87,North,UPI/Wallet
ORD208870,CUST00570,2023-06-20,3936.3,Central,Debit Card
ORD207138,CUST00364,2024-02-12,1876.86,North,Debit Card
ORD209793,CUST00692,2023-11-07,1112.34,North,Debit Card
ORD205117,CUST00229,2024-11-27,6215.41,North,UPI/Wallet
ORD200189,CUST00007,2023-05-23,10979.74,East,UPI/Wallet
ORD205146,CUST00231,2024-05-09,5367.5,Central,UPI/Wallet
ORD208643,CUST00542,2023-10-30,-2054.35,North,UPI/Wallet
ORD207075,CUST00357,2023-09-09,2736.09,North,Debit Card
ORD209300,CUST00624,2024-07-12,3823.2,North,Credit Card
ORD209943,CUST00713,2023-03-22,2253.44,South,UPI/Wallet
ORD206556,CUST00321,2023-07-03,2586.38,West,UPI/Wallet
ORD202396,CUST00086,2023-06-10,8119.86,East,Cash on Delivery
ORD203411,CUST00121,2024-11-07,5521.13,South,Cash on Delivery
ORD210332,CUST00771,2023-04-15,1639.78,East,Debit Card
ORD205581,CUST00258,2024-12-04,3690.48,East,UPI/Wallet
ORD206095,CUST00292,2024-04-02,5295.13,South,Credit Card
ORD205588,CUST00259,2024-02-23,2414.49,North,Credit Card
ORD204758,CUST00207,2023-04-05,4257.17,East,Credit Card
ORD210408,CUST00782,2024-03-06,2686.73,South,Cash on Delivery
ORD204312,CUST00175,2024-09-06,1912.34,South,Cash on Delivery
ORD206427,CUST00313,2024-08-08,4264.1,North,UPI/Wallet
ORD201901,CUST00067,2023-02-06,4793.02,Central,Credit Card
ORD206837,CUST00340,2023-05-29,4034.08,South,Credit Card
ORD200403,CUST00015,2023-05-08,11203.97,Central,UPI/Wallet
ORD209883,CUST00704,2023-03-19,3124.67,West,UPI/Wallet
ORD205448,CUST00250,2024-11-16,5885.48,East,Debit Card
ORD206468,CUST00316,2024-05-07,1833.73,West,Credit Card
ORD205921,CUST00280,2023-09-21,3366.31,East,Net Banking
ORD200380,CUST00014,2023-09-23,4889.28,West,Credit Card
ORD209427,CUST00642,2023-01-21,2703.72,Central,Debit Card
ORD203513,CUST00125,2024-07-14,4858.39,South,Credit Card
ORD204600,CUST00196,2024-12-02,4071.7,Central,Credit Card
ORD209408,CUST00640,2023-05-17,6076.94,North,Debit Card
ORD203278,CUST00117,2024-03-03,4598.44,South,Credit Card
ORD202302,CUST00082,2024-04-02,10137.43,West,Credit Card
ORD209311,CUST00626,2024-03-17,3918.02,South,UPI/Wallet
ORD205664,CUST00265,2023-03-26,4125.38,North,Debit Card
ORD200111,CUST00004,2024-04-19,9828.53,West,Cash on Delivery
ORD209586,CUST00663,2023-11-17,2623.53,South,Debit Card
ORD205390,CUST00247,2023-02-14,1829.05,Central,Credit Card
ORD208720,CUST00551,2024-12-15,2905.4,South,Credit Card
ORD201055,CUST00037,2024-03-07,2636.94,Central,Credit Card
ORD204601,CUST00197,2023-01-16,4494.21,South,Debit Card
ORD204148,CUST00165,2024-03-26,2938.8,Central,UPI/Wallet
ORD210996,CUST00976,2023-09-30,660.44,West,UPI/Wallet
ORD204389,CUST00181,2024-02-12,2975.42,Central,Cash on Delivery
ORD203095,CUST00112,2023-03-26,7931.4,Central,Debit Card
ORD209606,CUST00666,2024-04-23,4691.0,East,Credit Card
ORD201454,CUST00052,2023-11-26,3884.79,South,Net Banking
ORD204368,CUST00179,2024-06-24,2444.6,South,Credit Card
ORD203167,CUST00113,2024-12-08,4649.24,Central,Credit Card
ORD209628,CUST00669,2023-06-08,4449.59,West,Credit Card
ORD210639,CUST00848,2024-01-10,2288.01,Central,Credit Card
ORD203344,CUST00119,2024-12-11,11073.61,West,UPI/Wallet
ORD210186,CUST00748,2024-03-06,1978.61,West,Credit Card
ORD206025,CUST00287,2023-11-18,2048.42,West,Net Banking
ORD208240,CUST00497,2023-11-18,2217.05,West,Cash on Delivery
ORD200535,CUST00019,2023-10-29,4547.21,North,UPI/Wallet
ORD202102,CUST00074,2023-07-15,7251.9,East,UPI/Wallet
ORD201232,CUST00044,2023-05-17,7606.27,East,Credit Card
ORD203241,CUST00116,2023-06-14,8790.52,South,Credit Card
ORD204288,CUST00174,2023-04-23,3469.1,East,Credit Card
ORD200983,CUST00035,2023-02-17,4961.44,North,Credit Card
ORD202784,CUST00100,2024-04-22,8596.97,North,Credit Card
ORD204446,CUST00185,2024-05-02,2355.43,North,Net Banking
ORD210451,CUST00788,2023-01-08,1435.53,North,UPI/Wallet
ORD209508,CUST00653,2024-02-02,2056.38,Central,Cash on Delivery
ORD203595,CUST00128,2024-11-05,4498.13,West,UPI/Wallet
ORD205885,CUST00277,2024-10-14,1652.73,Central,Credit Card
ORD207466,CUST00405,2023-03-07,1507.1,South,Cash on Delivery
ORD201309,CUST00046,2024-05-12,6864.58,West,Net Banking
ORD204964,CUST00220,2023-01-30,3295.93,West,Credit Card
ORD210203,CUST00752,2023-12-31,4097.77,Central,UPI/Wallet
ORD206215,CUST00299,2024-03-10,4418.23,Central,UPI/Wallet
ORD210243,CUST00759,2023-07-26,4895.79,West,UPI/Wallet
ORD200804,CUST00029,2023-05-19,3741.53,North,UPI/Wallet
ORD200216,CUST00008,2023-04-25,5109.76,West,Credit Card
ORD202083,CUST00073,2024-05-30,2986.77,West,Credit Card
ORD208599,CUST00537,2024-10-03,1668.41,East,Cash on Delivery
ORD208085,CUST00478,2024-08-31,3050.35,West,UPI/Wallet
ORD206590,CUST00323,2023-11-04,3164.84,South,Credit Card
ORD203709,CUST00134,2023-08-27,4984.34,North,Credit Card
ORD201366,CUST00048,2024-05-20,3365.16,South,Debit Card
ORD204192,CUST00168,2023-09-07,5580.54,West,Credit Card
ORD207949,CUST00464,2023-01-26,1922.39,West,UPI/Wallet
ORD204890,CUST00215,2023-12-26,3945.59,Central,Credit Card
ORD206674,CUST00329,2023-01-28,2794.6,Central,Credit Card
ORD208008,CUST00469,2024-11-16,2003.29,East,Credit Card
ORD204263,CUST00172,2024-11-06,1855.7,Central,UPI/Wallet
ORD204572,CUST00194,2024-12-09,2563.78,North,Debit Card
ORD203164,CUST00113,2024-11-18,3435.17,Central,Credit Card
ORD209976,CUST00717,2024-01-03,4644.88,Central,Net Banking
ORD208856,CUST00568,2023-10-20,3719.66,North,Credit Card
ORD204608,CUST00197,2023-11-11,3361.41,South,Credit Card
ORD205232,CUST00238,2023-09-21,3119.57,Central,Net Banking
ORD200842,CUST00030,2023-07-18,4697.26,North,Debit Card
ORD206969,CUST00347,2024-11-02,2593.11,Central,Credit Card
ORD200454,CUST00016,2024-06-26,3905.89,East,Debit Card
ORD200849,CUST00030,2024-01-18,5262.27,North,Net Banking
ORD205411,CUST00248,2024-05-21,3539.53,South,UPI/Wallet
ORD202373,CUST00085,2023-08-13,3833.85,South,Credit Card
ORD205702,CUST00267,2024-03-15,4772.1,Central,Credit Card
ORD210206,CUST00753,2023-06-22,3253.47,South,Debit Card
ORD200408,CUST00015,2023-11-03,10633.97,Central,UPI/Wallet
ORD201933,CUST00067,2024-10-02,8344.39,Central,Debit Card
ORD208465,CUST00522,2024-09-05,2564.48,East,Credit Card
ORD206991,CUST00349,2023-07-06,1189.1,South,Credit Card
ORD208607,CUST00538,2024-09-03,2407.18,West,Credit Card
ORD209289,CUST00622,2024-05-14,3064.67,West,Credit Card
ORD204830,CUST00212,2023-06-23,5834.74,Central,Debit Card
ORD205009,CUST00222,2024-12-24,2770.06,West,Cash on Delivery
ORD201391,CUST00049,2024-06-21,8333.1,South,Credit Card
ORD204901,CUST00215,2024-11-21,3752.94,Central,Credit Card
ORD205658,CUST00264,2024-03-31,4726.53,East,Debit Card
ORD204137,CUST00164,2024-09-26,4740.28,East,Debit Card
ORD205745,CUST00269,2024-08-31,2214.37,West,Credit Card
ORD204305,CUST00175,2024-01-15,2033.53,South,UPI/Wallet
ORD205832,CUST00274,2024-12-02,2279.34,East,Net Banking
ORD211037,CUST00991,2024-05-13,2794.75,West,Cash on Delivery
ORD207658,CUST00426,2023-11-07,1926.7,South,Credit Card
ORD207188,CUST00370,2024-06-01,2677.32,South,UPI/Wallet
ORD204679,CUST00202,2024-03-17,2708.92,West,Cash on Delivery
ORD202806,CUST00101,2024-02-25,7797.19,West,UPI/Wallet
ORD208638,CUST00541,2024-08-10,3221.84,Central,Credit Card
ORD203719,CUST00135,2023-02-11,4427.69,Central,Net Banking
ORD203225,CUST00115,2024-09-17,3931.6,West,Cash on Delivery
ORD206187,CUST00297,2024-07-14,2808.76,East,Credit Card
ORD210777,CUST00897,2024-05-11,1652.68,South,UPI/Wallet
ORD204008,CUST00156,2023-04-01,2958.79,Central,Net Banking
ORD209224,CUST00615,2023-01-22,2385.23,Central,Credit Card
ORD209221,CUST00614,2024-02-24,1966.67,Central,UPI/Wallet
ORD206793,CUST00336,2024-11-07,3749.83,Central,Credit Card
ORD204360,CUST00178,2024-12-03,5497.08,West,UPI/Wallet
ORD200945,CUST00033,2024-12-04,6320.39,East,Debit Card
ORD207707,CUST00432,2024-09-26,-1984.74,East,Cash on Delivery
ORD202632,CUST00095,2023-07-07,5758.78,East,Cash on Delivery
ORD209987,CUST00719,2023-01-14,2024.1,South,Credit Card
ORD208018,CUST00470,2024-11-17,2465.8,North,Credit Card
ORD201301,CUST00046,2024-01-24,5670.08,West,Credit Card
ORD202444,CUST00088,2024-01-18,4913.38,North,Net Banking
ORD210782,CUST00899,2023-10-01,907.02,East,UPI/Wallet
ORD200633,CUST00023,2024-02-16,8325.27,South,Credit Card
ORD203255,CUST00116,2024-09-17,10428.62,South,Credit Card
ORD209651,CUST00673,2023-04-13,2219.86,South,Cash on Delivery
ORD209355,CUST00632,2024-04-04,3573.2,Central,Cash on Delivery
ORD200327,CUST00012,2023-10-23,-4885.63,West,Credit Card
ORD200486,CUST00017,2024-08-27,6095.46,South,Debit Card
ORD210016,CUST00723,2024-02-22,1065.25,East,Debit Card
ORD202229,CUST00079,2024-01-21,6465.49,Central,UPI/Wallet
ORD208048,CUST00474,2024-07-31,3429.26,East,Debit Card
ORD203051,CUST00110,2023-09-26,6534.28,West,Credit Card
ORD205933,CUST00280,2024-11-11,1733.57,East,Credit Card
ORD206711,CUST00331,2024-06-26,3349.02,West,Debit Card
ORD202711,CUST00098,2023-05-13,4272.7,South,Credit Card
ORD200961,CUST00034,2023-11-09,7363.32,East,UPI/Wallet
ORD207214,CUST00373,2024-05-29,3135.86,South,UPI/Wallet
ORD210263,CUST00760,2024-05-29,3251.56,Central,Credit Card
ORD206524,CUST00319,2024-01-15,5262.99,South,Credit Card
ORD202662,CUST00096,2023-06-04,5183.81,North,UPI/Wallet
ORD207167,CUST00367,2024-12-01,2483.05,North,Credit Card
ORD209527,CUST00656,2023-03-07,3399.69,East,Net Banking
ORD206633,CUST00326,2023-06-21,3100.58,North,Credit Card
ORD200585,CUST00021,2023-11-17,6127.83,East,Cash on Delivery
ORD204870,CUST00214,2023-12-03,2012.75,North,Credit Card
ORD209304,CUST00625,2023-10-01,1351.33,South,UPI/Wallet
ORD204321,CUST00176,2024-01-31,2474.53,North,Cash on Delivery
ORD206116,CUST00293,2024-03-19,2986.59,North,UPI/Wallet
ORD201895,CUST00066,2024-10-12,5026.92,West,Cash on Delivery
ORD202996,CUST00108,2023-12-04,5742.35,East,Cash on Delivery
ORD203020,CUST00109,2023-08-04,7554.76,Central,Credit Card
ORD210042,CUST00727,2024-04-18,3738.24,North,Credit Card
ORD206673,CUST00328,2024-12-07,3200.55,South,Credit Card
ORD202384,CUST00085,2024-05-01,5781.27,South,Credit Card
ORD206465,CUST00316,2024-02-29,2998.57,West,Cash on Delivery
ORD206452,CUST00315,2024-05-03,2417.4,West,Credit Card
ORD207227,CUST00375,2023-07-14,1358.48,East,UPI/Wallet
ORD202616,CUST00094,2023-11-27,3155.03,Central,UPI/Wallet
ORD209209,CUST00612,2023-09-06,2419.91,North,Credit Card
ORD210985,CUST00973,2024-04-29,373.24,West,Credit Card
ORD202463,CUST00089,2023-12-17,4251.25,Central,Credit Card
ORD210756,CUST00888,2023-08-26,1232.9,West,Credit Card
ORD207920,CUST00461,2023-07-26,3621.19,West,Debit Card
ORD201368,CUST00048,2024-08-28,4919.68,South,Debit Card
ORD206820,CUST00338,2024-09-14,1769.25,Central,Credit Card
ORD206964,CUST00347,2023-10-10,2415.49,Central,Net Banking
ORD204928,CUST00218,2023-02-06,2009.03,Central,UPI/Wallet
ORD202304,CUST00082,2024-04-18,6176.57,West,Cash on Delivery
ORD208811,CUST00563,2023-05-29,2843.98,North,Credit Card
ORD206131,CUST00294,2024-01-06,3220.48,West,Net Banking
ORD203130,CUST00112,2024-10-14,11239.62,Central,Debit Card
ORD201528,CUST00055,2023-04-07,4458.8,East,Cash on Delivery
ORD200144,CUST00005,2024-10-29,4602.46,South,Cash on Delivery
ORD206363,CUST00309,2023-06-27,1899.48,West,UPI/Wallet
ORD204904,CUST00216,2023-05-09,3922.5,South,Debit Card
ORD204676,CUST00202,2023-10-02,1852.37,West,Cash on Delivery
ORD205514,CUST00255,2023-04-15,588.54,East,Debit Card
ORD203803,CUST00141,2023-01-08,3539.15,Central,Cash on Delivery
ORD210911,CUST00945,2024-02-20,1406.15,Central,UPI/Wallet
ORD208817,CUST00563,2024-08-24,2933.96,North,Credit Card
ORD207486,CUST00407,2023-09-20,1593.09,West,Debit Card
ORD210440,CUST00786,2023-06-19,2335.38,Central,UPI/Wallet
ORD206453,CUST00315,2024-07-17,4950.22,West,Net Banking
ORD202147,CUST00075,2024-12-16,4637.67,South,Cash on Delivery
ORD205742,CUST00269,2024-04-15,2387.88,West,Credit Card
ORD200638,CUST00023,2024-05-29,5764.72,South,Debit Card
ORD201900,CUST00067,2023-01-12,8212.56,Central,Net Banking
ORD203809,CUST00141,2023-10-19,5480.76,Central,Credit Card
ORD205737,CUST00269,2023-11-30,3361.54,West,UPI/Wallet
ORD200814,CUST00029,2023-12-02,3773.12,North,Net Banking
ORD208178,CUST00490,2023-05-27,2329.83,North,Credit Card
ORD204155,CUST00166,2023-03-28,3394.6,East,Debit Card
ORD205458,CUST00251,2024-01-19,5886.01,South,Credit Card
ORD203925,CUST00149,2024-12-05,3173.1,West,Debit Card
ORD201003,CUST00035,2024-06-23,5236.39,North,
ORD202020,CUST00071,2024-07-14,6851.98,South,UPI/Wallet
ORD200372,CUST00014,2023-02-18,5570.28,West,Net Banking
ORD204031,CUST00157,2023-10-22,2671.28,West,Credit Card
ORD204726,CUST00205,2023-03-13,6731.88,East,Credit Card
ORD200086,CUST00003,2024-12-07,2880.98,North,UPI/Wallet
ORD205708,CUST00267,2024-07-27,2973.51,Central,Cash on Delivery
ORD201385,CUST00049,2023-07-14,10643.65,South,Debit Card
ORD202880,CUST00103,2024-08-30,5717.02,Central,Cash on Delivery
ORD209596,CUST00665,2023-01-10,4388.16,East,Credit Card
ORD202790,CUST00100,2024-07-05,7344.66,North,UPI/Wallet
ORD201092,CUST00038,2024-03-26,3505.53,West,UPI/Wallet
ORD204551,CUST00192,2024-04-04,3283.58,East,Credit Card
ORD201579,CUST00057,2023-11-02,9887.98,South,Cash on Delivery
ORD200171,CUST00006,2024-06-01,6237.05,North,UPI/Wallet
ORD209963,CUST00715,2024-02-17,2269.14,North,Credit Card
ORD210732,CUST00881,2023-10-07,1554.99,East,Debit Card
ORD202242,CUST00080,2023-04-13,4992.89,North,Debit Card
ORD208816,CUST00563,2024-08-14,1834.32,North,Debit Card
ORD202525,CUST00091,2024-01-06,4664.6,East,Cash on Delivery
ORD207696,CUST00430,2024-06-08,1932.43,North,UPI/Wallet
ORD210689,CUST00865,2024-04-24,1620.34,East,Cash on Delivery
ORD201672,CUST00059,2024-12-16,6970.11,South,Credit Card
ORD207025,CUST00352,2023-04-20,1310.32,West,Debit Card
ORD206005,CUST00286,2023-01-07,4553.63,East,Credit Card
ORD202796,CUST00100,2024-11-19,7490.47,North,Cash on Delivery
ORD207114,CUST00362,2024-01-25,1148.71,South,UPI/Wallet
ORD202116,CUST00074,2024-04-03,8037.54,East,UPI/Wallet
ORD205521,CUST00255,2024-04-12,1526.43,East,Debit Card
ORD202643,CUST00095,2024-01-15,10336.23,East,UPI/Wallet
ORD208873,CUST00570,2024-08-05,2048.97,Central,Credit Card
ORD201638,CUST00058,2024-08-13,1909.03,South,UPI/Wallet
ORD202073,CUST00073,2023-11-05,6274.6,West,UPI/Wallet
ORD206115,CUST00293,2024-03-12,1328.49,North,Debit Card
ORD202933,CUST00106,2023-03-08,2037.43,Central,Net Banking
ORD207180,CUST00369,2023-11-24,1587.82,North,Cash on Delivery
ORD203492,CUST00124,2024-10-09,4637.1,East,Debit Card
ORD200936,CUST00033,2024-09-17,7991.96,East,Debit Card
ORD206061,CUST00290,2023-04-26,2270.15,Central,Cash on Delivery
ORD200623,CUST00023,2023-02-18,4162.25,South,UPI/Wallet
ORD209566,CUST00661,2023-03-09,1251.41,East,Cash on Delivery
ORD207927,CUST00461,2024-06-02,3467.71,West,Debit Card
ORD205426,CUST00249,2024-10-07,3816.72,Central,UPI/Wallet
ORD211040,CUST00992,2023-10-04,1444.64,West,Credit Card
ORD205903,CUST00279,2023-04-03,3864.66,West,Debit Card
ORD202069,CUST00073,2023-08-28,3657.75,West,Debit Card
ORD200500,CUST00018,2023-06-22,10369.2,East,UPI/Wallet
ORD204081,CUST00160,2024-11-22,2119.09,West,Credit Card
ORD200436,CUST00016,2023-05-16,9309.56,East,Credit Card
ORD207426,CUST00400,2024-05-10,2467.37,West,Net Banking
ORD203645,CUST00130,2023-08-06,8753.78,South,Debit Card
ORD201057,CUST00037,2024-06-20,3470.91,Central,Debit Card
ORD210264,CUST00761,2023-03-16,2528.28,North,Debit Card
ORD207126,CUST00363,2024-01-04,1424.18,North,Credit Card
ORD200595,CUST00021,2024-11-16,7651.11,East,UPI/Wallet
ORD204548,CUST00192,2023-12-24,7309.86,East,Credit Card
ORD209363,CUST00634,2023-02-03,2389.87,South,UPI/Wallet
ORD207134,CUST00364,2023-05-09,1940.13,North,Net Banking
ORD206735,CUST00333,2023-10-12,1602.85,East,Credit Card
ORD202659,CUST00095,2024-11-18,8053.59,East,Credit Card
ORD210749,CUST00886,2023-09-11,1781.55,West,Cash on Delivery
ORD204356,CUST00178,2024-08-30,3616.3,West,Debit Card
ORD209439,CUST00643,2024-02-18,1671.37,East,Cash on Delivery
ORD208144,CUST00486,2023-10-24,2798.79,East,Debit Card
ORD205736,CUST00269,2023-11-27,2958.29,West,Cash on Delivery
ORD209362,CUST00633,2024-02-07,2613.82,Central,Debit Card
ORD210209,CUST00754,2023-03-23,1126.97,South,UPI/Wallet
ORD200138,CUST00005,2024-06-10,7870.51,South,Cash on Delivery
ORD207963,CUST00465,2023-09-25,1506.46,Central,Cash on Delivery
ORD202110,CUST00074,2024-01-05,5983.0,East,Cash on Delivery
ORD205496,CUST00254,2023-04-14,4355.04,West,Cash on Delivery
ORD203988,CUST00154,2024-06-20,2897.95,East,UPI/Wallet
ORD205352,CUST00245,2023-05-31,2196.3,West,Debit Card
ORD207802,CUST00445,2024-11-30,1823.05,South,Credit Card
ORD201625,CUST00058,2023-11-11,3916.03,South,Cash on Delivery
ORD209247,CUST00617,2023-09-29,3049.07,East,Cash on Delivery
ORD200188,CUST00007,2023-04-05,9860.63,East,Credit Card
ORD209437,CUST00643,2023-09-10,1450.83,East,UPI/Wallet
ORD200071,CUST00002,2024-12-29,5889.85,East,Credit Card
ORD200581,CUST00021,2023-05-14,5467.14,East,Credit Card
ORD203570,CUST00127,2024-09-01,5859.87,Central,Debit Card
ORD204598,CUST00196,2024-09-14,7566.6,Central,UPI/Wallet
ORD201276,CUST00045,2024-03-24,10568.13,East,Cash on Delivery
ORD207338,CUST00388,2024-06-24,1099.07,West,UPI/Wallet
ORD202395,CUST00086,2023-05-28,6767.72,East,Net Banking
ORD210010,CUST00722,2024-05-24,1487.08,East,UPI/Wallet
ORD202650,CUST00095,2024-07-08,6607.27,East,UPI/Wallet
ORD206455,CUST00315,2024-09-29,4228.93,West,UPI/Wallet
ORD210455,CUST00788,2024-06-04,2135.2,North,Debit Card
ORD209578,CUST00662,2023-11-11,3596.22,West,Credit Card
ORD209814,CUST00695,2024-06-08,1960.89,North,UPI/Wallet
ORD203027,CUST00109,2024-01-06,7879.51,Central,Credit Card
ORD208020,CUST00471,2023-09-24,1992.56,East,Credit Card
ORD204974,CUST00220,2024-02-24,4586.37,West,Debit Card
ORD211015,CUST00983,2024-03-22,2297.81,North,UPI/Wallet
ORD206790,CUST00336,2024-03-10,2587.64,Central,Debit Card
ORD201549,CUST00056,2023-01-10,5619.27,West,Credit Card
ORD205853,CUST00276,2023-05-12,4218.0,Central,Debit Card
ORD202314,CUST00082,2024-09-29,6306.01,West,UPI/Wallet
ORD208403,CUST00515,2024-10-28,3540.86,Central,Credit Card
ORD202402,CUST00086,2024-01-18,6239.6,East,Cash on Delivery
ORD203913,CUST00148,2024-05-24,4289.12,North,Debit Card
ORD202637,CUST00095,2023-09-16,10087.19,East,Cash on Delivery
ORD206171,CUST00296,2024-10-06,4303.57,West,UPI/Wallet
ORD203974,CUST00153,2024-09-21,3201.73,West,Cash on Delivery
ORD204489,CUST00188,2023-04-17,2050.71,East,Debit Card
ORD208771,CUST00558,2023-08-15,3123.57,East,UPI/Wallet
ORD200364,CUST00013,2024-09-16,3856.63,North,Credit Card
ORD201306,CUST00046,2024-04-11,6985.26,West,Debit Card
ORD204868,CUST00214,2023-09-03,636.96,North,UPI/Wallet
ORD210746,CUST00885,2024-01-14,1375.38,South,UPI/Wallet
ORD204203,CUST00168,2024-10-25,4262.46,West,Credit Card
ORD203195,CUST00114,2024-06-21,-8048.72,West,Debit Card
ORD208537,CUST00530,2024-07-06,3097.34,North,Credit Card
ORD205246,CUST00238,2024-12-04,2455.01,Central,UPI/Wallet
ORD201371,CUST00048,2024-10-02,4946.02,South,UPI/Wallet
ORD209703,CUST00680,2023-07-06,2968.15,North,Debit Card
ORD210540,CUST00813,2023-05-26,1117.61,East,Cash on Delivery
ORD209111,CUST00601,2024-02-01,1289.98,West,Cash on Delivery
ORD202261,CUST00080,2024-10-03,3210.58,North,Debit Card
ORD201911,CUST00067,2023-08-22,5304.58,Central,Cash on Delivery
ORD201446,CUST00052,2023-05-04,4749.81,South,Debit Card
ORD202015,CUST00071,2023-11-19,9266.77,South,UPI/Wallet
ORD207112,CUST00362,2023-11-19,2669.62,South,UPI/Wallet
ORD203346,CUST00120,2023-01-28,5658.82,Central,Debit Card
ORD209687,CUST00677,2024-01-01,3859.3,South,Credit Card
ORD208651,CUST00543,2023-07-30,3165.86,West,Credit Card
ORD210865,CUST00927,2023-06-26,1863.95,West,Debit Card
ORD209982,CUST00718,2023-10-01,2968.82,North,Credit Card
ORD209992,CUST00719,2024-07-11,2697.65,South,Debit Card
ORD206937,CUST00345,2024-02-03,3398.25,North,UPI/Wallet
ORD202477,CUST00089,2024-12-11,9841.96,Central,Cash on Delivery
ORD209131,CUST00603,2023-12-28,1470.01,East,UPI/Wallet
ORD209593,CUST00664,2023-08-30,2307.43,North,Credit Card
ORD204977,CUST00220,2024-05-31,5534.25,West,Cash on Delivery
ORD201087,CUST00038,2023-11-15,4911.44,West,Credit Card
ORD202713,CUST00098,2023-09-02,4735.72,South,UPI/Wallet
ORD208107,CUST00482,2023-04-28,2820.23,Central,Net Banking
ORD201215,CUST00043,2023-09-28,7129.2,North,Net Banking
ORD201980,CUST00069,2024-08-24,9008.92,Central,UPI/Wallet
ORD204416,CUST00183,2023-09-26,4911.79,South,UPI/Wallet
ORD201623,CUST00058,2023-10-20,4251.81,South,Credit Card
ORD205287,CUST00241,2023-02-03,3376.63,South,Debit Card
ORD206690,CUST00330,2024-04-18,5695.45,South,UPI/Wallet
ORD200032,CUST00001,2024-07-29,3418.85,North,Debit Card
ORD206682,CUST00329,2024-04-27,2394.36,Central,Credit Card
ORD207760,CUST00439,2024-04-09,3847.76,East,Credit Card
ORD204746,CUST00206,2023-09-22,1832.98,West,UPI/Wallet
ORD210532,CUST00810,2023-11-06,1519.69,East,Debit Card
ORD205453,CUST00251,2023-09-01,5278.97,South,Debit Card
ORD200426,CUST00015,2024-11-08,10710.27,Central,Cash on Delivery
ORD202889,CUST00104,2023-05-12,6093.18,East,Credit Card
ORD201539,CUST00055,2024-04-21,2949.87,East,Debit Card
ORD203161,CUST00113,2024-10-15,4049.59,Central,UPI/Wallet
ORD210357,CUST00774,2024-01-06,2668.35,East,Net Banking
ORD202503,CUST00090,2024-06-26,8442.95,Central,UPI/Wallet
ORD207906,CUST00459,2024-05-19,3109.95,West,UPI/Wallet
ORD201312,CUST00046,2024-09-10,4166.65,West,UPI/Wallet
ORD204940,CUST00218,2024-03-03,2763.19,Central,UPI/Wallet
ORD210838,CUST00918,2023-12-04,597.8,Central,Credit Card
ORD203569,CUST00127,2024-08-20,8913.66,Central,UPI/Wallet
ORD205919,CUST00279,2024-12-02,3924.78,West,Cash on Delivery
ORD208581,CUST00536,2023-09-21,2003.82,South,Credit Card
ORD209904,CUST00707,2023-05-26,2664.61,South,Credit Card
ORD206208,CUST00298,2024-12-19,4356.18,South,Debit Card
ORD209505,CUST00653,2023-08-18,2314.51,Central,UPI/Wallet
ORD205485,CUST00253,2024-01-07,5618.65,East,Cash on Delivery
ORD207279,CUST00380,2024-11-29,2597.47,West,Cash on Delivery
ORD205856,CUST00276,2023-07-14,2757.73,Central,UPI/Wallet
ORD203351,CUST00120,2023-05-16,5038.2,Central,Cash on Delivery
ORD204347,CUST00178,2023-10-27,3817.34,West,Credit Card
ORD207242,CUST00376,2024-11-17,1655.04,South,UPI/Wallet
ORD202764,CUST00099,2024-07-30,5897.58,East,Credit Card
ORD209359,CUST00633,2023-04-13,3437.79,Central,Credit Card
ORD205126,CUST00230,2024-03-20,-4689.34,East,UPI/Wallet
ORD202281,CUST00081,2024-08-09,4495.35,West,Credit Card
ORD210178,CUST00748,2023-02-14,1707.13,West,UPI/Wallet
ORD207290,CUST00382,2023-09-26,2665.27,West,Credit Card
ORD201754,CUST00063,2023-05-31,8114.5,South,Credit Card
ORD207632,CUST00423,2024-10-04,2634.49,Central,Debit Card
ORD207651,CUST00425,2024-02-29,2443.19,South,Cash on Delivery
ORD206375,CUST00310,2023-01-07,3034.35,West,UPI/Wallet
ORD200828,CUST00029,2024-09-15,2909.39,North,Net Banking
ORD202771,CUST00100,2023-03-18,5174.8,North,Credit Card
ORD202652,CUST00095,2024-07-13,7922.7,East,Cash on Delivery
ORD206827,CUST00339,2023-09-28,1945.1,North,Credit Card
ORD205686,CUST00266,2024-10-03,5912.35,Central,Credit Card
ORD202599,CUST00093,2024-12-23,6730.49,East,Credit Card
ORD204253,CUST00172,2024-02-17,4255.57,Central,Debit Card
ORD205316,CUST00242,2024-06-08,3538.13,East,UPI/Wallet
ORD205968,CUST00284,2023-01-18,4830.83,South,
ORD204875,CUST00214,2024-05-20,2367.39,North,Cash on Delivery
ORD203180,CUST00114,2023-06-14,7094.38,West,UPI/Wallet
ORD206577,CUST00322,2023-09-11,2217.23,West,Cash on Delivery
ORD204344,CUST00178,2023-06-28,4677.98,West,UPI/Wallet
ORD207344,CUST00389,2023-02-20,1960.26,South,Debit Card
ORD207851,CUST00452,2024-11-07,2087.96,Central,UPI/Wallet
ORD204520,CUST00190,2024-03-07,3085.3,East,Debit Card
ORD207090,CUST00359,2023-05-14,4477.85,North,UPI/Wallet
ORD203621,CUST00129,2024-05-19,2418.17,Central,Cash on Delivery
ORD206525,CUST00319,2024-03-18,4898.71,South,Credit Card
ORD208831,CUST00565,2024-04-22,2852.04,South,Net Banking
ORD210457,CUST00789,2023-10-01,2497.99,South,Cash on Delivery
ORD202123,CUST00074,2024-08-31,4437.69,East,Debit Card
ORD208867,CUST00570,2023-02-26,3403.49,Central,Credit Card
ORD200746,CUST00026,2024-09-04,6137.76,East,Debit Card
ORD208325,CUST00507,2024-02-11,1110.05,West,Cash on Delivery
ORD206565,CUST00321,2024-03-10,2641.01,West,
ORD201040,CUST00037,2023-06-02,4072.92,Central,Debit Card
ORD207048,CUST00354,2024-02-16,2394.45,Central,UPI/Wallet
ORD202454,CUST00088,2024-09-25,2451.87,North,Debit Card
ORD205407,CUST00248,2024-04-08,6128.49,South,Cash on Delivery
ORD208160,CUST00487,2024-12-05,3079.23,South,Debit Card
ORD201722,CUST00062,2023-08-01,10255.9,West,Debit Card
ORD200727,CUST00026,2023-11-19,5317.31,East,Cash on Delivery
ORD200359,CUST00013,2024-03-08,3332.37,North,Cash on Delivery
ORD205128,CUST00230,2024-08-01,3950.02,East,Credit Card
ORD208713,CUST00550,2024-05-09,2183.34,North,UPI/Wallet
ORD208897,CUST00573,2024-05-17,1354.59,Central,Debit Card
ORD207925,CUST00461,2024-02-28,3211.71,West,Credit Card
ORD205274,CUST00240,2024-02-28,2965.63,West,Cash on Delivery
ORD206195,CUST00298,2023-02-11,5100.2,South,Credit Card
ORD203516,CUST00125,2024-09-03,7804.49,South,Debit Card
ORD204396,CUST00181,2024-12-01,2234.57,Central,UPI/Wallet
ORD202235,CUST00079,2024-07-08,4572.71,Central,UPI/Wallet
ORD210938,CUST00954,2023-07-15,1041.67,North,Cash on Delivery
ORD202415,CUST00086,2024-11-25,8266.94,East,Debit Card
ORD207122,CUST00363,2023-01-27,1904.05,North,Debit Card
ORD210050,CUST00729,2023-07-21,3112.14,South,Credit Card
ORD205714,CUST00268,2023-04-30,3047.67,West,Debit Card
ORD200394,CUST00014,2024-04-30,3270.41,West,Credit Card
ORD209583,CUST00663,2023-02-14,3196.83,South,Debit Card
ORD206037,CUST00288,2023-05-10,2731.93,West,Credit Card
ORD200946,CUST00033,2024-12-05,6385.24,East,UPI/Wallet
ORD200504,CUST00018,2023-07-21,4455.34,East,UPI/Wallet
ORD206568,CUST00321,2024-05-08,2515.83,West,UPI/Wallet
ORD201496,CUST00054,2023-05-30,3557.39,East,Credit Card
ORD208395,CUST00514,2024-03-30,5111.26,East,Debit Card
ORD206418,CUST00312,2024-12-12,2669.44,West,Credit Card
ORD203501,CUST00125,2023-08-29,6342.62,South,Debit Card
ORD207163,CUST00367,2023-09-15,3289.55,North,UPI/Wallet
ORD208583,CUST00536,2023-12-11,2218.08,South,Net Banking
ORD200481,CUST00017,2024-06-25,5119.16,South,Debit Card
ORD203403,CUST00121,2024-07-22,4956.72,South,UPI/Wallet
ORD207986,CUST00467,2024-07-02,1467.97,Central,Credit Card
ORD210311,CUST00769,2023-04-12,5823.84,East,Credit Card
ORD210319,CUST00770,2023-02-27,1508.72,East,Credit Card
ORD208019,CUST00471,2023-01-03,1724.08,East,Cash on Delivery
ORD200586,CUST00021,2023-12-29,6632.79,East,Debit Card
ORD201393,CUST00049,2024-07-24,7473.37,South,Cash on Delivery
ORD205964,CUST00283,2024-09-03,3547.43,West,Credit Card
ORD202901,CUST00104,2024-05-23,5973.59,East,UPI/Wallet
ORD202923,CUST00105,2024-07-09,3811.2,South,UPI/Wallet
ORD205052,CUST00225,2024-09-03,4569.39,North,Net Banking
ORD207031,CUST00352,2024-10-28,2090.72,West,
ORD209032,CUST00590,2024-04-29,1724.23,North,Net Banking
ORD203529,CUST00126,2023-09-22,7247.62,East,UPI/Wallet
ORD209805,CUST00694,2024-02-27,4770.3,Central,Net Banking
ORD202890,CUST00104,2023-07-11,9761.55,East,UPI/Wallet
ORD210800,CUST00905,2023-02-07,1864.42,West,UPI/Wallet
ORD209605,CUST00666,2024-04-02,4285.31,East,UPI/Wallet
ORD205927,CUST00280,2024-01-10,3266.85,East,Debit Card
ORD200766,CUST00027,2024-02-15,5364.75,Central,Credit Card
ORD205465,CUST00251,2024-08-28,6886.11,South,Credit Card
ORD201917,CUST00067,2023-12-29,8419.85,Central,Debit Card
ORD205428,CUST00249,2024-11-05,3617.98,Central,Net Banking
ORD209446,CUST00644,2023-11-13,2098.85,North,Credit Card
ORD201807,CUST00064,2024-02-04,7153.82,Central,Credit Card
ORD203166,CUST00113,2024-12-07,-3481.41,Central,Cash on Delivery
ORD208202,CUST00492,2024-05-15,778.11,Central,Credit Card
ORD207737,CUST00436,2024-05-29,2626.33,Central,Debit Card
ORD203196,CUST00114,2024-06-29,10244.41,West,Debit Card
ORD209675,CUST00676,2023-02-23,2066.4,West,Debit Card
ORD205766,CUST00271,2023-10-02,5620.7,East,Debit Card
ORD200642,CUST00023,2024-11-05,4869.88,South,Debit Card
ORD204973,CUST00220,2024-02-12,2771.31,West,UPI/Wallet
ORD204760,CUST00207,2023-06-15,5599.25,East,UPI/Wallet
ORD206665,CUST00328,2023-08-24,4355.65,South,Cash on Delivery
ORD206838,CUST00340,2023-08-23,6911.0,South,Debit Card
ORD209754,CUST00686,2024-03-16,3848.59,North,Debit Card
ORD204128,CUST00164,2023-05-17,4462.68,East,Debit Card
ORD205324,CUST00243,2023-06-10,3776.18,West,Net Banking
ORD207116,CUST00362,2024-05-28,2267.73,South,UPI/Wallet
ORD205190,CUST00235,2023-06-21,3625.49,West,Credit Card
ORD210583,CUST00826,2024-01-15,1268.58,South,Credit Card
ORD209600,CUST00666,2023-03-16,3693.8,East,Debit Card
ORD206224,CUST00300,2023-12-22,2934.43,South,UPI/Wallet
ORD201061,CUST00037,2024-08-17,2446.07,Central,Net Banking
ORD206551,CUST00321,2023-04-10,2716.0,West,Credit Card
ORD201288,CUST00046,2023-04-10,8902.36,West,Cash on Delivery
ORD208551,CUST00532,2024-08-05,2202.67,South,UPI/Wallet
ORD201780,CUST00063,2024-08-10,10550.38,South,Credit Card
ORD206977,CUST00348,2023-09-16,3086.16,West,UPI/Wallet
ORD208138,CUST00485,2024-04-11,2143.65,West,UPI/Wallet
ORD206461,CUST00316,2023-09-10,2522.32,West,UPI/Wallet
ORD204269,CUST00173,2023-06-25,2847.69,South,Credit Card
ORD204252,CUST00172,2024-01-19,4266.08,Central,Cash on Delivery
ORD201088,CUST00038,2024-01-10,4522.15,West,Cash on Delivery
ORD206765,CUST00334,2024-09-24,2518.49,North,Debit Card
ORD210219,CUST00755,2023-10-14,4194.78,West,UPI/Wallet
ORD207717,CUST00434,2023-04-26,1899.48,West,Credit Card
ORD206901,CUST00343,2023-10-14,2535.82,East,Credit Card
ORD201161,CUST00041,2023-10-08,5018.08,South,Credit Card
ORD208076,CUST00477,2024-08-29,948.81,Central,Credit Card
ORD210191,CUST00750,2023-05-08,1774.8,South,Credit Card
ORD201978,CUST00069,2024-06-19,6861.9,Central,Cash on Delivery
ORD208733,CUST00553,2024-08-18,817.94,Central,Credit Card
ORD203821,CUST00142,2023-02-14,4021.88,North,Net Banking
ORD207684,CUST00429,2023-09-22,1446.91,Central,UPI/Wallet
ORD208860,CUST00568,2024-10-19,3854.97,North,Debit Card
ORD204431,CUST00184,2024-07-26,4286.66,South,Credit Card
ORD208419,CUST00517,2023-07-03,2626.38,East,Credit Card
ORD204118,CUST00163,2024-05-07,2530.95,Central,UPI/Wallet
ORD208126,CUST00483,2024-08-13,2027.87,South,Debit Card
ORD201810,CUST00064,2024-04-19,3229.36,Central,Debit Card
ORD204703,CUST00203,2024-02-22,3478.96,West,Debit Card
ORD204020,CUST00156,2024-07-18,1801.58,Central,UPI/Wallet
ORD208980,CUST00583,2024-05-30,2874.11,Central,Cash on Delivery
ORD206678,CUST00329,2023-07-29,2878.74,Central,Debit Card
ORD201417,CUST00050,2024-06-01,7314.85,North,Debit Card
ORD203622,CUST00129,2024-06-12,2239.83,Central,Cash on Delivery
ORD207678,CUST00428,2024-07-28,3711.76,North,UPI/Wallet
ORD206893,CUST00343,2023-02-17,3706.62,East,Credit Card
ORD204783,CUST00208,2024-01-20,4039.82,South,UPI/Wallet
ORD202031,CUST00072,2023-09-18,12211.62,Central,UPI/Wallet
ORD207468,CUST00405,2023-05-09,2209.66,South,Debit Card
ORD201698,CUST00061,2023-07-30,4083.32,South,UPI/Wallet
ORD204126,CUST00164,2023-05-07,4249.93,East,Credit Card
ORD202190,CUST00077,2024-09-14,6062.1,West,Debit Card
ORD210479,CUST00794,2023-01-03,770.85,South,Credit Card
ORD209700,CUST00680,2023-05-06,1883.27,North,Debit Card
ORD202425,CUST00087,2024-07-02,8110.96,North,Credit Card
ORD207524,CUST00411,2024-10-29,2420.84,North,UPI/Wallet
ORD205165,CUST00233,2023-12-16,3596.69,North,Debit Card
ORD208833,CUST00565,2024-07-08,2933.32,South,Cash on Delivery
ORD202368,CUST00085,2023-03-08,7613.66,South,Credit Card
ORD200602,CUST00022,2023-04-23,8761.76,South,Cash on Delivery
ORD206023,CUST00287,2023-04-27,3396.94,West,Net Banking
ORD201220,CUST00043,2024-05-08,6353.9,North,UPI/Wallet
ORD204166,CUST00166,2024-07-10,2409.43,East,Credit Card
ORD205776,CUST00272,2023-06-07,2446.19,Central,Credit Card
ORD203905,CUST00148,2023-06-05,4255.46,North,Cash on Delivery
ORD204177,CUST00167,2024-01-01,3282.97,Central,Credit Card
ORD204432,CUST00184,2024-08-24,1872.86,South,Cash on Delivery
ORD209867,CUST00702,2023-12-29,2370.89,South,Credit Card
ORD201127,CUST00040,2023-02-24,5349.59,South,Credit Card
ORD205366,CUST00245,2024-09-21,3315.39,West,Net Banking
ORD210599,CUST00832,2024-01-26,1258.19,West,Cash on Delivery
ORD204413,CUST00183,2023-07-06,2909.75,South,UPI/Wallet
ORD205827,CUST00274,2024-07-20,1502.41,East,Credit Card
ORD203121,CUST00112,2024-05-23,6441.19,Central,Debit Card
ORD205123,CUST00230,2023-10-04,2971.33,East,Credit Card
ORD204864,CUST00214,2023-04-01,2808.92,North,UPI/Wallet
ORD203375,CUST00120,2024-09-05,1569.52,Central,Credit Card
ORD205868,CUST00276,2024-05-13,4011.76,Central,UPI/Wallet
ORD208087,CUST00479,2023-02-10,1881.09,West,Credit Card
ORD205500,CUST00254,2023-09-13,1948.51,West,UPI/Wallet
ORD204264,CUST00173,2023-03-22,3244.9,South,UPI/Wallet
ORD203576,CUST00128,2023-02-07,5284.39,West,Cash on Delivery
ORD207240,CUST00376,2024-04-06,1092.15,South,Cash on Delivery
ORD209345,CUST00631,2023-10-18,2237.84,Central,Cash on Delivery
ORD202478,CUST00089,2024-12-17,6486.34,Central,Credit Card
ORD204458,CUST00186,2023-08-01,5168.88,West,Cash on Delivery
ORD204376,CUST00180,2023-04-17,3965.94,East,Debit Card
ORD210545,CUST00814,2024-02-06,772.59,Central,Debit Card
ORD206150,CUST00295,2024-03-30,1888.59,South,Credit Card
ORD209491,CUST00651,2023-01-14,2437.24,West,Credit Card
ORD202725,CUST00098,2024-11-24,3629.57,South,Credit Card
ORD204947,CUST00219,2023-02-17,4788.95,South,Cash on Delivery
ORD205439,CUST00250,2023-12-11,4636.91,East,Debit Card
ORD201798,CUST00064,2023-06-27,3018.71,Central,UPI/Wallet
ORD202629,CUST00095,2023-05-22,8551.92,East,Cash on Delivery
ORD203733,CUST00135,2024-09-15,4277.7,Central,Debit Card
ORD207460,CUST00404,2024-02-26,2393.01,West,Cash on Delivery
ORD206652,CUST00327,2023-11-23,2243.72,East,Cash on Delivery
ORD205307,CUST00242,2023-07-07,2751.7,East,Debit Card
ORD204434,CUST00184,2024-10-26,4409.03,South,Credit Card
ORD203725,CUST00135,2023-11-20,5865.06,Central,Credit Card
ORD205538,CUST00256,2024-07-08,998.24,North,Credit Card
ORD207724,CUST00435,2023-07-02,3309.04,North,UPI/Wallet
ORD200284,CUST00011,2023-04-04,6889.64,South,Debit Card
ORD209483,CUST00649,2023-12-20,3727.93,South,UPI/Wallet
ORD211011,CUST00981,2023-04-10,965.45,East,UPI/Wallet
ORD204950,CUST00219,2023-07-04,4442.0,South,Debit Card
ORD201786,CUST00063,2024-12-28,4903.01,South,UPI/Wallet
ORD201566,CUST00057,2023-03-10,7604.46,South,Credit Card
ORD201075,CUST00038,2023-04-16,6278.71,West,Debit Card
ORD210377,CUST00777,2023-09-29,2036.15,West,UPI/Wallet
ORD201928,CUST00067,2024-07-31,4989.19,Central,Credit Card
ORD205091,CUST00228,2023-04-20,3706.41,West,Debit Card
ORD211002,CUST00978,2023-03-18,1119.05,North,UPI/Wallet
ORD207785,CUST00443,2024-10-10,4399.89,Central,Cash on Delivery
ORD205082,CUST00227,2024-07-05,4457.43,North,Debit Card
ORD205125,CUST00230,2024-01-03,1269.06,East,UPI/Wallet
ORD202344,CUST00084,2023-02-28,6537.08,North,Cash on Delivery
ORD209947,CUST00713,2023-10-16,2213.21,South,
ORD207284,CUST00381,2024-01-16,-4899.21,East,UPI/Wallet
ORD210709,CUST00872,2024-02-15,802.61,Central,UPI/Wallet
ORD207154,CUST00366,2023-09-29,1551.22,North,UPI/Wallet
ORD206267,CUST00302,2024-01-23,4244.42,South,Cash on Delivery
ORD207664,CUST00427,2023-01-02,2559.27,North,Cash on Delivery
ORD203039,CUST00109,2024-12-21,11724.25,Central,UPI/Wallet
ORD210339,CUST00772,2023-02-01,1603.39,West,UPI/Wallet
ORD202063,CUST00073,2023-05-18,4636.73,West,Net Banking
ORD209101,CUST00599,2024-05-16,2049.03,East,UPI/Wallet
ORD206832,CUST00339,2024-08-03,2166.74,North,Credit Card
ORD207162,CUST00367,2023-03-21,2343.71,North,Net Banking
ORD204603,CUST00197,2023-01-28,4117.82,South,Cash on Delivery
ORD210552,CUST00816,2024-03-26,777.75,East,UPI/Wallet
ORD200177,CUST00006,2024-08-17,8937.71,North,Debit Card
ORD205401,CUST00247,2024-11-01,2125.33,Central,Debit Card
ORD201157,CUST00041,2023-08-28,2936.57,South,Net Banking
ORD207960,CUST00465,2023-06-30,818.23,Central,UPI/Wallet
ORD200720,CUST00026,2023-09-07,5822.71,East,UPI/Wallet
ORD202623,CUST00094,2024-11-16,5010.83,Central,Cash on Delivery
ORD201794,CUST00064,2023-04-13,6635.74,Central,UPI/Wallet
ORD204866,CUST00214,2023-06-01,3719.34,North,UPI/Wallet
ORD208511,CUST00528,2023-01-13,2220.56,West,Credit Card
ORD201885,CUST00066,2024-04-07,4877.2,West,Cash on Delivery
ORD204784,CUST00208,2024-03-11,1727.06,South,Cash on Delivery
ORD204521,CUST00190,2024-03-16,4435.87,East,UPI/Wallet
ORD205985,CUST00284,2024-10-15,3858.25,South,Debit Card
ORD200308,CUST00012,2023-02-13,5160.46,West,Cash on Delivery
ORD204339,CUST00177,2024-10-18,2349.93,East,Credit Card
ORD201850,CUST00065,2024-06-05,7693.31,South,UPI/Wallet
ORD207128,CUST00363,2024-05-13,1396.07,North,Debit Card
ORD205105,CUST00229,2023-06-23,4421.69,North,Net Banking
ORD201440,CUST00051,2024-06-08,4620.65,East,Debit Card
ORD203579,CUST00128,2023-04-04,4413.53,West,Net Banking
ORD209544,CUST00659,2023-01-28,2765.38,South,Cash on Delivery
ORD207271,CUST00380,2023-04-26,2814.62,West,Credit Card
ORD208640,CUST00542,2023-02-21,1830.47,North,Cash on Delivery
ORD201268,CUST00045,2023-05-23,10136.09,East,UPI/Wallet
ORD206081,CUST00291,2024-09-18,2803.43,North,Credit Card
ORD210926,CUST00950,2024-06-10,535.51,South,Cash on Delivery
ORD205812,CUST00274,2023-01-16,2400.8,East,UPI/Wallet
ORD203886,CUST00146,2024-11-15,4259.17,East,UPI/Wallet
ORD209695,CUST00679,2023-08-17,3022.03,Central,Cash on Delivery
ORD200803,CUST00029,2023-03-28,3157.66,North,Cash on Delivery
ORD209841,CUST00699,2023-12-30,3490.86,Central,Credit Card
ORD210834,CUST00916,2024-06-13,2135.59,West,Debit Card
ORD205291,CUST00241,2023-10-29,3870.79,South,UPI/Wallet
ORD208561,CUST00534,2023-07-21,2000.61,North,UPI/Wallet
ORD200088,CUST00004,2023-03-02,3562.87,West,UPI/Wallet
ORD207772,CUST00441,2024-05-17,3544.14,Central,Debit Card
ORD210851,CUST00922,2024-05-30,2936.62,Central,Credit Card
ORD209601,CUST00666,2023-04-18,2628.08,East,Credit Card
ORD201419,CUST00050,2024-11-15,12319.56,North,UPI/Wallet
ORD201282,CUST00045,2024-11-22,8826.62,East,UPI/Wallet
ORD200934,CUST00033,2024-08-08,6496.93,East,Debit Card
ORD207555,CUST00414,2024-10-16,2857.74,South,Net Banking
ORD205923,CUST00280,2023-10-05,4249.76,East,Cash on Delivery
ORD200598,CUST00022,2023-01-02,12002.82,South,Credit Card
ORD204278,CUST00173,2024-03-12,4160.8,South,Cash on Delivery
ORD204277,CUST00173,2024-02-15,4467.96,South,UPI/Wallet
ORD201534,CUST00055,2023-11-08,4838.17,East,UPI/Wallet
ORD204029,CUST00157,2023-05-14,2858.68,West,Debit Card
ORD209452,CUST00645,2023-06-23,2299.1,South,Debit Card
ORD205326,CUST00243,2023-11-21,3194.55,West,Debit Card
ORD204862,CUST00214,2023-01-19,2673.04,North,Debit Card
ORD203650,CUST00130,2023-12-12,6249.0,South,Cash on Delivery
ORD206663,CUST00328,2023-06-24,3729.55,South,UPI/Wallet
ORD203135,CUST00112,2024-12-13,6612.34,Central,UPI/Wallet
ORD204048,CUST00158,2024-04-21,2336.46,North,Credit Card
ORD210480,CUST00794,2023-02-09,674.45,South,Cash on Delivery
ORD208239,CUST00497,2023-10-19,2299.27,West,UPI/Wallet
ORD201039,CUST00037,2023-05-06,3218.7,Central,UPI/Wallet
ORD208646,CUST00542,2024-06-19,1369.77,North,Credit Card
ORD206597,CUST00323,2024-07-03,3373.52,South,UPI/Wallet
ORD210068,CUST00732,2023-08-19,2116.16,South,Cash on Delivery
ORD208351,CUST00510,2023-01-30,567.82,East,Net Banking
ORD207482,CUST00406,2024-10-24,2870.96,North,UPI/Wallet
ORD205532,CUST00256,2023-09-08,4670.37,North,UPI/Wallet
ORD209733,CUST00684,2023-03-30,3256.16,Central,UPI/Wallet
ORD202634,CUST00095,2023-07-29,9425.88,East,UPI/Wallet
ORD204804,CUST00210,2023-07-21,4705.03,Central,Credit Card
ORD205342,CUST00244,2024-07-01,3260.74,West,Debit Card
ORD207307,CUST00384,2023-02-27,3176.89,East,Credit Card
ORD205013,CUST00223,2023-09-15,4016.79,West,Cash on Delivery
ORD209058,CUST00593,2024-11-19,2275.9,North,Debit Card
ORD201744,CUST00062,2024-09-06,7433.3,West,UPI/Wallet
ORD201319,CUST00046,2024-11-25,6040.32,West,Credit Card
ORD209822,CUST00697,2023-06-09,5433.89,North,UPI/Wallet
ORD202165,CUST00076,2024-05-05,7749.91,South,Credit Card
ORD200031,CUST00001,2024-07-26,4595.57,North,UPI/Wallet
ORD206813,CUST00338,2024-01-13,1190.27,Central,Cash on Delivery
ORD203837,CUST00143,2023-08-26,3227.06,West,UPI/Wallet
ORD203093,CUST00112,2023-02-11,7107.88,Central,Debit Card
ORD207569,CUST00416,2023-09-12,2777.38,North,Debit Card
ORD204065,CUST00159,2024-08-20,1912.85,South,Net Banking
ORD207883,CUST00456,2024-04-29,2432.94,Central,Debit Card
ORD206543,CUST00320,2024-05-02,3091.95,West,Cash on Delivery
ORD205021,CUST00223,2024-06-05,3147.4,West,Debit Card
ORD210940,CUST00954,2024-04-11,1662.08,North,Cash on Delivery
ORD203250,CUST00116,2024-02-27,8801.2,South,Credit Card
ORD202359,CUST00084,2024-04-27,4186.43,North,Debit Card
ORD208159,CUST00487,2024-08-03,2631.88,South,UPI/Wallet
ORD210017,CUST00723,2024-03-31,2356.27,East,Net Banking
ORD203184,CUST00114,2023-07-28,6904.01,West,Cash on Delivery
ORD210714,CUST00874,2023-01-30,283.31,West,Credit Card
ORD210902,CUST00941,2024-05-25,859.65,North,Credit Card
ORD205931,CUST00280,2024-10-18,2366.4,East,Credit Card
ORD207370,CUST00392,2023-10-03,3184.36,South,Credit Card
ORD206624,CUST00325,2024-01-12,4470.83,West,Net Banking
ORD208414,CUST00516,2024-06-24,4089.21,Central,UPI/Wallet
ORD204481,CUST00187,2024-10-04,2447.77,Central,Cash on Delivery
ORD201950,CUST00068,2024-03-31,7803.38,West,Credit Card
ORD202893,CUST00104,2023-08-25,8584.48,East,Credit Card
ORD202547,CUST00092,2023-01-16,9538.8,South,UPI/Wallet
ORD204363,CUST00179,2023-11-01,1332.8,South,Credit Card
ORD208933,CUST00578,2023-04-27,1846.1,East,Net Banking
ORD204736,CUST00205,2024-08-25,4740.68,East,Debit Card
ORD208297,CUST00503,2024-09-30,4453.88,West,UPI/Wallet
ORD203851,CUST00144,2023-10-16,2320.38,North,Credit Card
ORD201179,CUST00041,2024-10-23,4082.31,South,UPI/Wallet
ORD203276,CUST00117,2024-01-01,5340.51,South,Cash on Delivery
ORD200572,CUST00020,2024-10-06,4026.2,South,Cash on Delivery
ORD204880,CUST00215,2023-01-17,3841.49,Central,Debit Card
ORD209866,CUST00702,2023-08-02,2470.57,South,UPI/Wallet
ORD200255,CUST00009,2024-10-30,3997.76,North,Credit Card
ORD207556,CUST00414,2024-11-09,2342.96,South,UPI/Wallet
ORD205579,CUST00258,2024-07-15,3497.98,East,Cash on Delivery
ORD208857,CUST00568,2024-01-18,2288.18,North,Cash on Delivery
ORD201125,CUST00039,2024-12-19,7446.29,East,Credit Card
ORD205988,CUST00284,2024-11-26,4318.97,South,Cash on Delivery
ORD206193,CUST00298,2023-01-04,4031.1,South,UPI/Wallet
ORD202467,CUST00089,2024-04-09,8030.89,Central,Credit Card
ORD208098,CUST00480,2024-02-29,3238.99,North,Credit Card
ORD208214,CUST00494,2023-01-11,1286.88,North,Cash on Delivery
ORD206242,CUST00301,2023-11-19,4824.29,Central,Debit Card
ORD203420,CUST00122,2023-06-20,4704.92,East,UPI/Wallet
ORD201921,CUST00067,2024-02-21,8090.19,Central,Credit Card
ORD207218,CUST00374,2023-04-01,3953.63,East,UPI/Wallet
ORD208775,CUST00558,2024-09-01,419.93,East,Credit Card
ORD205641,CUST00263,2024-04-05,5633.93,West,UPI/Wallet
ORD203888,CUST00147,2023-01-31,2759.64,North,Cash on Delivery
ORD210165,CUST00745,2024-03-05,2985.49,Central,Debit Card
ORD206511,CUST00318,2024-09-12,3851.17,South,UPI/Wallet
ORD206806,CUST00338,2023-01-17,2539.88,Central,Cash on Delivery
ORD209503,CUST00653,2023-03-16,2076.76,Central,Credit Card
ORD201024,CUST00036,2024-03-03,5246.34,East,Credit Card
ORD202692,CUST00097,2023-08-13,8152.5,North,Credit Card
ORD207654,CUST00425,2024-07-01,1238.94,South,Debit Card
ORD208519,CUST00528,2024-01-30,2007.2,West,UPI/Wallet
ORD209018,CUST00589,2023-07-21,2370.07,West,Debit Card
ORD204592,CUST00196,2024-04-12,3349.6,Central,Debit Card
ORD209838,CUST00699,2023-03-17,1908.18,Central,UPI/Wallet
ORD202332,CUST00083,2024-04-07,6953.01,South,Credit Card
ORD207264,CUST00379,2024-04-10,3194.03,South,Debit Card
ORD202621,CUST00094,2024-08-20,3922.33,Central,Debit Card
ORD201270,CUST00045,2023-06-08,6291.78,East,Debit Card
ORD205620,CUST00261,2024-11-23,5675.42,South,Cash on Delivery
ORD204188,CUST00167,2024-11-19,4161.14,Central,Debit Card
ORD204563,CUST00193,2024-10-31,4296.01,South,Cash on Delivery
ORD209200,CUST00611,2024-01-27,2828.86,East,Debit Card
ORD205486,CUST00253,2024-02-21,3229.7,East,Debit Card
ORD203402,CUST00121,2024-07-06,4076.38,South,Cash on Delivery
ORD209654,CUST00673,2023-08-29,2495.61,South,Debit Card
ORD200818,CUST00029,2024-01-15,3088.43,North,Cash on Delivery
ORD200202,CUST00007,2023-12-23,10033.76,East,Credit Card
ORD209165,CUST00607,2023-11-23,2038.38,Central,UPI/Wallet
ORD207871,CUST00455,2023-01-21,3172.29,North,Debit Card
ORD207161,CUST00367,2023-02-18,3081.32,North,Credit Card
ORD209344,CUST00631,2023-02-23,2420.07,Central,Debit Card
ORD205444,CUST00250,2024-05-07,5711.71,East,Net Banking
ORD210609,CUST00837,2023-01-11,1975.91,West,Cash on Delivery
ORD201210,CUST00043,2023-05-15,4092.19,North,Credit Card
ORD208451,CUST00521,2024-05-25,2219.78,West,Cash on Delivery
ORD207912,CUST00460,2024-03-06,1899.63,East,Cash on Delivery
ORD201218,CUST00043,2024-03-30,4698.02,North,UPI/Wallet
ORD200614,CUST00022,2023-11-17,7961.62,South,UPI/Wallet
ORD204070,CUST00160,2023-08-30,3238.93,West,Credit Card
ORD205644,CUST00263,2024-08-19,3349.7,West,UPI/Wallet
ORD201505,CUST00054,2023-12-19,4246.86,East,
ORD200859,CUST00030,2024-09-08,3996.04,North,Debit Card
ORD205803,CUST00273,2023-11-25,3359.14,East,UPI/Wallet
ORD208956,CUST00580,2024-07-10,1950.39,South,UPI/Wallet
ORD210791,CUST00902,2023-09-20,445.16,South,UPI/Wallet
ORD210796,CUST00903,2023-08-03,501.99,Central,UPI/Wallet
ORD200487,CUST00017,2024-10-16,2797.99,South,Cash on Delivery
ORD207889,CUST00457,2024-08-05,1483.47,East,Cash on Delivery
ORD204922,CUST00217,2023-11-29,2160.81,Central,Credit Card
ORD204393,CUST00181,2024-07-17,3976.81,Central,Cash on Delivery
ORD200862,CUST00030,2024-10-23,7881.79,North,UPI/Wallet
ORD200259,CUST00010,2023-01-30,7163.6,North,UPI/Wallet
ORD206166,CUST00296,2023-08-10,3646.46,West,Debit Card
ORD205706,CUST00267,2024-07-14,5190.8,Central,UPI/Wallet
ORD205181,CUST00234,2023-12-10,1833.89,South,Cash on Delivery
ORD206357,CUST00308,2024-11-20,4542.36,South,UPI/Wallet
ORD209184,CUST00609,2024-05-27,3383.13,Central,UPI/Wallet
ORD209054,CUST00593,2023-08-05,2833.12,North,Cash on Delivery
ORD201051,CUST00037,2023-12-01,4377.06,Central,Debit Card
ORD204232,CUST00171,2023-01-12,5245.06,Central,Credit Card
ORD209459,CUST00646,2023-05-04,4354.39,South,Cash on Delivery
ORD204391,CUST00181,2024-05-12,1906.94,Central,Cash on Delivery
ORD204571,CUST00194,2024-07-10,1698.17,North,Credit Card
ORD208818,CUST00563,2024-09-13,2191.16,North,Cash on Delivery
ORD209321,CUST00627,2024-05-17,4870.21,South,Credit Card
ORD209597,CUST00665,2023-05-15,3105.16,East,UPI/Wallet
ORD205454,CUST00251,2023-09-03,4760.38,South,Cash on Delivery
ORD200878,CUST00031,2024-07-23,4694.76,West,Cash on Delivery
ORD209081,CUST00597,2024-04-15,2060.94,Central,UPI/Wallet
ORD207412,CUST00398,2024-03-14,1677.43,East,Cash on Delivery
ORD208479,CUST00524,2024-04-11,1485.44,South,Credit Card
ORD210247,CUST00759,2023-09-17,3954.65,West,Credit Card
ORD208704,CUST00549,2024-03-11,2725.5,South,Net Banking
ORD209393,CUST00638,2023-01-29,3073.56,West,Cash on Delivery
ORD206424,CUST00313,2023-11-25,4256.37,North,Debit Card
ORD200552,CUST00020,2023-03-15,4418.99,South,UPI/Wallet
ORD202617,CUST00094,2023-12-24,3789.42,Central,Debit Card
ORD208045,CUST00474,2023-06-20,3320.71,East,UPI/Wallet
ORD200215,CUST00008,2023-04-04,3687.49,West,Cash on Delivery
ORD210189,CUST00749,2023-10-18,2444.28,North,Cash on Delivery
ORD203805,CUST00141,2023-03-22,4752.2,Central,Net Banking
ORD206538,CUST00320,2023-09-11,2742.41,West,Credit Card
ORD208310,CUST00505,2023-12-21,3044.92,North,Credit Card
ORD209823,CUST00697,2023-08-04,4754.39,North,Cash on Delivery
ORD205886,CUST00277,2024-10-14,2676.82,Central,Cash on Delivery
ORD201576,CUST00057,2023-08-25,8062.0,South,Credit Card
ORD208440,CUST00520,2023-04-26,4698.42,South,UPI/Wallet
ORD204034,CUST00157,2024-05-29,2785.11,West,UPI/Wallet
ORD200399,CUST00014,2024-08-04,4686.92,West,UPI/Wallet
ORD208311,CUST00505,2024-02-08,3677.78,North,UPI/Wallet
ORD208722,CUST00552,2024-01-30,3601.59,East,Cash on Delivery
ORD206209,CUST00299,2023-02-02,3170.98,Central,Credit Card
ORD207520,CUST00411,2024-04-17,2537.3,North,UPI/Wallet
ORD204438,CUST00185,2023-03-22,2854.27,North,UPI/Wallet
ORD205778,CUST00272,2023-09-19,-3021.38,Central,Credit Card
ORD205387,CUST00246,2024-11-09,1875.31,East,UPI/Wallet
ORD209356,CUST00632,2024-04-17,3713.81,Central,Cash on Delivery
ORD206589,CUST00323,2023-10-05,2774.8,South,UPI/Wallet
ORD202934,CUST00106,2023-03-08,3741.71,Central,Debit Card
ORD209080,CUST00597,2024-01-23,2237.43,Central,UPI/Wallet
ORD200437,CUST00016,2023-07-22,7522.88,East,Debit Card
ORD202798,CUST00101,2023-01-09,6232.98,West,Credit Card
ORD204084,CUST00161,2023-06-05,3969.52,South,Debit Card
ORD201648,CUST00059,2023-01-26,5967.53,South,Debit Card
ORD210740,CUST00883,2023-12-04,959.7,Central,Cash on Delivery
ORD204314,CUST00175,2024-10-14,2348.23,South,Cash on Delivery
ORD207956,CUST00464,2024-10-21,2448.86,West,Credit Card
ORD202210,CUST00078,2024-04-29,6388.99,South,Credit Card
ORD205545,CUST00257,2023-02-15,4208.61,North,UPI/Wallet
ORD207241,CUST00376,2024-08-12,675.82,South,Credit Card
ORD200640,CUST00023,2024-07-03,5298.8,South,Debit Card
ORD210742,CUST00884,2023-04-25,1904.84,Central,UPI/Wallet
ORD205575,CUST00258,2024-06-02,4489.26,East,Debit Card
ORD204394,CUST00181,2024-07-19,2354.08,Central,UPI/Wallet
ORD203706,CUST00134,2023-06-18,6301.29,North,Credit Card
ORD203616,CUST00129,2023-11-18,3511.48,Central,UPI/Wallet
ORD205103,CUST00229,2023-03-07,4846.69,North,Credit Card
ORD208111,CUST00482,2024-03-20,3378.46,Central,Debit Card
ORD203606,CUST00129,2023-05-17,5736.58,Central,Cash on Delivery
ORD205047,CUST00225,2024-04-11,4780.13,North,Debit Card
ORD202965,CUST00107,2023-03-24,3732.7,East,Cash on Delivery
ORD204309,CUST00175,2024-05-22,2357.66,South,Cash on Delivery
ORD209591,CUST00664,2023-05-12,1630.13,North,Cash on Delivery
ORD200562,CUST00020,2024-01-14,4338.96,South,Debit Card
ORD206223,CUST00300,2023-11-28,3060.86,South,Credit Card
ORD206766,CUST00334,2024-11-15,3532.64,North,Credit Card
ORD206013,CUST00286,2024-01-24,3999.74,East,Credit Card
ORD206892,CUST00343,2023-02-17,4267.33,East,Net Banking
ORD208908,CUST00574,2024-08-18,1137.72,Central,Debit Card
ORD206788,CUST00336,2023-12-16,1848.35,Central,UPI/Wallet
ORD204141,CUST00165,2023-04-23,3704.45,Central,Credit Card
ORD206749,CUST00334,2023-03-20,1300.15,North,UPI/Wallet
ORD202052,CUST00072,2024-12-06,8943.27,Central,Credit Card
ORD205810,CUST00274,2023-01-13,1471.38,East,Credit Card
ORD205838,CUST00275,2023-04-26,3190.13,East,UPI/Wallet
ORD210428,CUST00785,2023-02-03,1460.72,North,Net Banking
ORD205836,CUST00275,2023-03-21,3897.87,East,UPI/Wallet
ORD201104,CUST00039,2023-03-04,3476.55,East,Debit Card
ORD202409,CUST00086,2024-08-08,5340.78,East,Credit Card
ORD209030,CUST00590,2024-03-29,1623.15,North,Debit Card
ORD206580,CUST00322,2023-12-24,1942.93,West,Credit Card
ORD204837,CUST00212,2023-12-21,4599.55,Central,UPI/Wallet
ORD205054,CUST00225,2024-12-03,4782.68,North,Credit Card
ORD209608,CUST00667,2023-06-27,2439.19,Central,UPI/Wallet
ORD200667,CUST00024,2024-05-14,8295.98,North,UPI/Wallet
ORD202920,CUST00105,2024-01-13,4014.81,South,Debit Card
ORD201463,CUST00052,2024-05-24,3530.04,South,UPI/Wallet
ORD210706,CUST00871,2023-07-12,965.59,East,Cash on Delivery
ORD203358,CUST00120,2023-11-26,4586.94,Central,UPI/Wallet
ORD203742,CUST00136,2023-09-14,5471.65,North,Credit Card
ORD204648,CUST00200,2023-07-15,1916.84,West,UPI/Wallet
ORD204523,CUST00190,2024-11-05,3926.88,East,Credit Card
ORD207276,CUST00380,2024-09-09,3688.55,West,UPI/Wallet
ORD206815,CUST00338,2024-04-24,2819.14,Central,Net Banking
ORD207839,CUST00451,2023-08-24,1993.58,East,Credit Card
ORD210049,CUST00729,2023-06-22,2419.2,South,UPI/Wallet
ORD207607,CUST00420,2024-10-20,785.61,North,Debit Card
ORD207478,CUST00406,2024-02-08,2714.27,North,UPI/Wallet
ORD202487,CUST00090,2023-06-25,9312.39,Central,UPI/Wallet
ORD205915,CUST00279,2024-10-17,4604.43,West,Cash on Delivery
ORD208356,CUST00510,2024-07-11,1114.32,East,Debit Card
ORD200789,CUST00028,2023-08-03,6845.12,East,Debit Card
ORD205070,CUST00226,2024-07-01,1736.55,West,
ORD208262,CUST00499,2024-04-14,1776.69,North,Cash on Delivery
ORD205259,CUST00239,2024-11-30,2555.45,North,UPI/Wallet
ORD210909,CUST00944,2024-02-13,3068.75,South,Cash on Delivery
ORD209444,CUST00644,2023-03-31,1223.31,North,Cash on Delivery
ORD210533,CUST00810,2023-12-14,1065.69,East,Debit Card
ORD201461,CUST00052,2024-05-02,3616.01,South,Credit Card
ORD202687,CUST00097,2023-04-08,6698.06,North,UPI/Wallet
ORD207938,CUST00463,2023-04-12,1739.07,North,Debit Card
ORD206448,CUST00315,2023-08-03,3131.77,West,Credit Card
ORD200333,CUST00012,2023-12-25,5162.75,West,Credit Card
ORD205959,CUST00283,2023-10-17,5414.51,West,Credit Card
ORD210803,CUST00906,2024-02-27,1145.58,West,Net Banking
ORD207537,CUST00413,2023-09-02,2445.92,West,Debit Card
ORD208804,CUST00562,2023-08-23,3780.02,Central,Debit Card
ORD208298,CUST00503,2024-11-23,2931.1,West,Debit Card
ORD208308,CUST00505,2023-01-31,2490.93,North,Debit Card
ORD210144,CUST00742,2023-09-11,3588.25,Central,UPI/Wallet
ORD200697,CUST00025,2024-05-20,4426.8,North,Debit Card
ORD201508,CUST00054,2024-04-08,4626.0,East,Credit Card
ORD206434,CUST00314,2023-07-11,2720.71,East,Credit Card
ORD207037,CUST00353,2024-01-24,3379.3,North,Credit Card
ORD203316,CUST00118,2024-05-11,5616.49,West,UPI/Wallet
ORD207890,CUST00457,2024-08-30,1054.94,East,UPI/Wallet
ORD200036,CUST00001,2024-10-01,5985.05,North,Cash on Delivery
ORD206157,CUST00295,2024-10-28,1757.47,South,Net Banking
ORD200347,CUST00012,2024-07-30,4066.15,West,Credit Card
ORD208697,CUST00548,2024-09-24,2331.63,West,Debit Card
ORD200042,CUST00002,2023-01-11,4838.31,East,Credit Card
ORD203832,CUST00142,2024-10-07,3012.49,North,Credit Card
ORD207304,CUST00383,2024-07-07,2817.77,North,UPI/Wallet
ORD203612,CUST00129,2023-09-03,5208.82,Central,UPI/Wallet
ORD207517,CUST00411,2023-05-02,2525.13,North,Debit Card
ORD203605,CUST00129,2023-05-14,3850.43,Central,Debit Card
ORD206271,CUST00302,2024-06-21,3549.88,South,Credit Card
ORD205203,CUST00236,2023-06-18,-2941.02,North,Cash on Delivery
ORD207102,CUST00361,2023-07-27,1501.88,North,UPI/Wallet
ORD206641,CUST00326,2024-02-26,3821.59,North,Cash on Delivery
ORD205450,CUST00251,2023-01-24,3820.86,South,Cash on Delivery
ORD206712,CUST00331,2024-10-06,3821.35,West,UPI/Wallet
ORD207580,CUST00417,2024-11-25,1613.96,East,Credit Card
ORD208252,CUST00498,2023-11-20,1160.01,Central,Credit Card
ORD209930,CUST00711,2023-09-18,5190.45,North,Debit Card
ORD207801,CUST00445,2024-10-30,1004.56,South,Credit Card
ORD204352,CUST00178,2024-04-01,3338.33,West,Debit Card
ORD204747,CUST00206,2023-12-19,3310.29,West,Credit Card
ORD202843,CUST00102,2024-08-26,7788.67,Central,Credit Card
ORD209170,CUST00608,2023-06-05,2003.84,South,Cash on Delivery
ORD208055,CUST00475,2024-05-16,3747.45,North,Credit Card
ORD205547,CUST00257,2023-03-26,3045.68,North,Cash on Delivery
ORD205412,CUST00248,2024-09-25,5133.55,South,UPI/Wallet
ORD208181,CUST00490,2023-11-30,2696.44,North,UPI/Wallet
ORD206138,CUST00294,2024-09-15,5285.92,West,UPI/Wallet
ORD206499,CUST00318,2023-01-14,3840.15,South,Net Banking
ORD202727,CUST00098,2024-12-12,5728.93,South,Debit Card
ORD206985,CUST00349,2023-01-01,2252.43,South,Debit Card
ORD210723,CUST00877,2023-10-22,1706.55,North,UPI/Wallet
ORD202227,CUST00079,2023-12-04,2496.28,Central,Debit Card
ORD209148,CUST00605,2024-11-19,1866.86,West,UPI/Wallet
ORD200793,CUST00028,2024-03-05,11293.72,East,Debit Card
ORD204443,CUST00185,2023-12-09,3956.69,North,UPI/Wallet
ORD208318,CUST00506,2024-04-29,2966.54,North,Cash on Delivery
ORD204331,CUST00177,2023-02-09,3288.17,East,Debit Card
ORD210568,CUST00822,2023-10-16,1761.85,North,UPI/Wallet
ORD209886,CUST00704,2023-10-17,6964.62,West,Credit Card
ORD202829,CUST00102,2023-09-26,6828.71,Central,Debit Card
ORD208673,CUST00546,2023-10-03,3014.19,West,Debit Card
ORD200168,CUST00006,2024-04-24,9325.74,North,Debit Card
ORD205399,CUST00247,2024-08-27,3047.82,Central,UPI/Wallet
ORD205498,CUST00254,2023-08-23,2608.08,West,Cash on Delivery
ORD207034,CUST00353,2023-03-29,2687.88,North,Net Banking
ORD201569,CUST00057,2023-05-11,3498.26,South,Cash on Delivery
ORD205851,CUST00276,2023-04-26,4532.66,Central,Net Banking
ORD200214,CUST00008,2023-01-17,4720.03,West,Credit Card
ORD209518,CUST00655,2023-02-16,3186.48,West,UPI/Wallet
ORD201591,CUST00057,2024-05-08,8752.64,South,Debit Card
ORD208891,CUST00572,2024-03-31,2246.56,South,Cash on Delivery
ORD208102,CUST00481,2023-01-06,2448.95,West,Credit Card
ORD201231,CUST00044,2023-05-07,9795.24,East,Cash on Delivery
ORD203533,CUST00126,2023-12-25,4517.79,East,Debit Card
ORD203618,CUST00129,2024-02-01,7607.81,Central,Credit Card
ORD203854,CUST00144,2024-05-08,2869.17,North,Credit Card
ORD208194,CUST00491,2024-12-14,1342.63,North,UPI/Wallet
ORD210833,CUST00916,2024-03-06,1552.17,West,Debit Card
ORD207123,CUST00363,2023-03-07,1826.82,North,Cash on Delivery
ORD202992,CUST00108,2023-09-13,8313.69,East,UPI/Wallet
ORD208064,CUST00476,2024-05-01,3648.28,West,Net Banking
ORD205209,CUST00236,2023-10-21,3232.08,North,Cash on Delivery
ORD204807,CUST00210,2024-02-21,5097.17,Central,UPI/Wallet
ORD201902,CUST00067,2023-02-24,6282.85,Central,Cash on Delivery
ORD206300,CUST00304,2024-07-25,5365.3,South,Debit Card
ORD210094,CUST00736,2023-01-01,2318.6,East,UPI/Wallet
ORD201208,CUST00043,2023-04-05,5081.48,North,UPI/Wallet
ORD208100,CUST00480,2024-06-29,2071.23,North,Credit Card
ORD200762,CUST00027,2023-09-23,5716.62,Central,UPI/Wallet
ORD207614,CUST00421,2024-03-13,2952.04,West,Net Banking
ORD204632,CUST00199,2023-01-03,3278.28,East,Debit Card
ORD202007,CUST00071,2023-04-25,10215.75,South,UPI/Wallet
ORD201558,CUST00056,2024-04-05,5866.78,West,UPI/Wallet
ORD202057,CUST00073,2023-03-12,3791.05,West,Cash on Delivery
ORD201717,CUST00062,2023-01-10,7765.94,West,Debit Card
ORD204829,CUST00212,2023-04-03,7528.14,Central,Cash on Delivery
ORD210029,CUST00726,2023-01-13,1864.91,North,Credit Card
ORD210559,CUST00819,2023-07-21,1875.83,North,Credit Card
ORD205638,CUST00263,2023-11-30,2999.89,West,Credit Card
ORD201632,CUST00058,2024-05-23,1702.25,South,Cash on Delivery
ORD209758,CUST00687,2023-06-30,5690.91,West,Debit Card
ORD201502,CUST00054,2023-09-08,4341.47,East,Credit Card
ORD205223,CUST00237,2023-07-05,3917.48,East,UPI/Wallet
ORD208157,CUST00487,2024-01-10,2871.23,South,Credit Card
ORD200701,CUST00025,2024-09-15,5083.89,North,Debit Card
ORD201661,CUST00059,2023-10-29,4657.45,South,Net Banking
ORD201894,CUST00066,2024-10-09,6387.64,West,UPI/Wallet
ORD210979,CUST00970,2024-01-25,1546.38,North,Debit Card
ORD204063,CUST00159,2024-04-14,3876.55,South,UPI/Wallet
ORD203019,CUST00109,2023-06-21,9408.54,Central,Debit Card
ORD204968,CUST00220,2023-07-11,5686.29,West,Debit Card
ORD210047,CUST00728,2024-03-02,1315.29,South,Credit Card
ORD210821,CUST00912,2024-01-06,1434.93,East,Credit Card
ORD203607,CUST00129,2023-06-03,674.08,Central,UPI/Wallet
ORD206592,CUST00323,2024-01-05,2561.08,South,Credit Card
ORD203044,CUST00110,2023-02-26,11273.8,West,Credit Card
ORD210272,CUST00762,2023-06-03,4228.28,North,Net Banking
ORD208234,CUST00496,2024-11-04,1825.06,East,Net Banking
ORD208815,CUST00563,2024-07-24,2010.71,North,Cash on Delivery
ORD203269,CUST00117,2023-05-18,5594.17,South,Debit Card
ORD208866,CUST00570,2023-02-20,2905.37,Central,Debit Card
ORD209531,CUST00656,2024-07-14,4949.27,East,Debit Card
ORD200260,CUST00010,2023-02-22,5793.48,North,Debit Card
ORD209474,CUST00648,2023-07-01,2972.39,East,UPI/Wallet
ORD206921,CUST00344,2023-11-02,5126.02,East,UPI/Wallet
ORD206876,CUST00342,2023-10-16,1260.3,East,Credit Card
ORD202712,CUST00098,2023-08-28,3814.57,South,Credit Card
ORD203508,CUST00125,2024-04-02,7610.9,South,UPI/Wallet
ORD200904,CUST00033,2023-04-18,5674.14,East,Cash on Delivery
ORD200128,CUST00005,2023-05-06,8560.48,South,Cash on Delivery
ORD202196,CUST00078,2023-08-11,4275.48,South,Net Banking
ORD200309,CUST00012,2023-03-03,4554.03,West,UPI/Wallet
ORD204976,CUST00220,2024-04-28,3339.82,West,Credit Card
ORD210460,CUST00789,2024-01-10,2603.26,South,UPI/Wallet
ORD203468,CUST00123,2024-09-04,8424.17,West,UPI/Wallet
ORD209049,CUST00592,2024-10-15,1863.14,South,Debit Card
ORD208912,CUST00575,2023-07-01,4758.15,South,Credit Card
ORD210816,CUST00911,2023-02-13,1837.09,East,Credit Card
ORD210976,CUST00969,2024-04-03,1245.39,South,UPI/Wallet
ORD210103,CUST00736,2023-09-19,875.82,East,Credit Card
ORD203107,CUST00112,2023-12-19,8031.95,Central,UPI/Wallet
ORD202045,CUST00072,2024-06-01,9594.45,Central,Credit Card
ORD202919,CUST00105,2024-01-08,3425.14,South,Debit Card
ORD207499,CUST00409,2023-01-14,1265.94,East,Credit Card
ORD201359,CUST00048,2023-11-14,3355.94,South,Cash on Delivery
ORD206923,CUST00344,2024-01-16,6611.45,East,UPI/Wallet
ORD208083,CUST00478,2024-08-09,3245.55,West,Net Banking
ORD201777,CUST00063,2024-06-22,7194.18,South,Debit Card
ORD210612,CUST00838,2023-10-17,1563.25,West,Credit Card
ORD204552,CUST00192,2024-07-02,4462.7,East,UPI/Wallet
ORD208322,CUST00507,2023-01-31,1314.99,West,UPI/Wallet
ORD209199,CUST00611,2023-10-16,1805.78,East,Credit Card
ORD203326,CUST00119,2023-05-19,5647.35,West,UPI/Wallet
ORD203199,CUST00114,2024-07-26,10354.89,West,Cash on Delivery
ORD204798,CUST00209,2024-06-14,2063.85,South,Cash on Delivery
ORD204291,CUST00174,2023-09-13,5818.24,East,Credit Card
ORD207572,CUST00416,2024-06-22,2352.63,North,Debit Card
ORD202345,CUST00084,2023-05-03,5964.09,North,UPI/Wallet
ORD202086,CUST00073,2024-07-15,2200.63,West,Credit Card
ORD206972,CUST00348,2023-04-10,3602.03,West,Credit Card
ORD206812,CUST00338,2023-08-31,2193.91,Central,Debit Card
ORD201643,CUST00058,2024-11-23,2624.86,South,Cash on Delivery
ORD201324,CUST00047,2023-01-20,6563.64,South,Credit Card
ORD200053,CUST00002,2024-04-02,8866.84,East,UPI/Wallet
ORD200439,CUST00016,2023-08-17,8923.48,East,Credit Card
ORD200160,CUST00006,2023-08-27,8333.88,North,Net Banking
ORD201968,CUST00069,2023-07-17,5766.14,Central,UPI/Wallet
ORD204323,CUST00176,2024-05-01,1505.51,North,Credit Card
ORD209666,CUST00674,2023-09-30,3948.95,West,Credit Card
ORD207245,CUST00377,2023-11-08,2054.67,Central,Cash on Delivery
ORD210504,CUST00801,2023-05-12,733.58,Central,Debit Card
ORD201178,CUST00041,2024-08-22,3332.81,South,Debit Card
ORD207598,CUST00419,2024-11-14,2386.59,East,Debit Card
ORD209526,CUST00655,2024-04-24,3449.91,West,UPI/Wallet
ORD208357,CUST00510,2024-07-14,1849.69,East,UPI/Wallet
ORD207546,CUST00413,2024-10-03,3360.23,West,Cash on Delivery
ORD203551,CUST00127,2023-01-19,6117.31,Central,UPI/Wallet
ORD203098,CUST00112,2023-05-16,9016.12,Central,Credit Card
ORD209171,CUST00608,2023-10-26,2828.29,South,Debit Card
ORD201494,CUST00054,2023-03-03,5916.8,East,Cash on Delivery
ORD201552,CUST00056,2023-07-24,3386.81,West,UPI/Wallet
ORD200853,CUST00030,2024-04-26,7649.32,North,Debit Card
ORD203170,CUST00113,2024-12-26,3887.62,Central,Cash on Delivery
ORD206467,CUST00316,2024-04-28,2159.68,West,Credit Card
ORD200558,CUST00020,2023-10-15,2849.34,South,Credit Card
ORD201597,CUST00057,2024-09-21,9600.51,South,Cash on Delivery
ORD203479,CUST00124,2023-10-07,9979.59,East,Credit Card
ORD203704,CUST00134,2023-05-01,3245.45,North,Credit Card
ORD201495,CUST00054,2023-03-19,5303.99,East,Credit Card
ORD204150,CUST00165,2024-11-04,4987.99,Central,Credit Card
ORD207635,CUST00424,2023-04-30,1851.42,West,Cash on Delivery
ORD209895,CUST00705,2024-03-04,1690.59,Central,Debit Card
ORD209820,CUST00697,2023-03-08,5636.08,North,Credit Card
ORD200876,CUST00031,2024-06-11,8341.59,West,Net Banking
ORD205229,CUST00237,2024-12-06,4197.45,East,Credit Card
ORD209618,CUST00668,2023-03-02,4743.28,North,Debit Card
ORD204079,CUST00160,2024-09-16,2362.22,West,Debit Card
ORD202514,CUST00091,2023-08-06,5085.42,East,UPI/Wallet
ORD205899,CUST00278,2024-08-20,5163.38,East,Credit Card
ORD206068,CUST00290,2024-12-24,4730.29,Central,Cash on Delivery
ORD201244,CUST00044,2024-03-24,6274.08,East,
ORD205676,CUST00266,2023-06-30,5054.61,Central,UPI/Wallet
ORD206083,CUST00291,2024-11-02,2202.7,North,Credit Card
ORD210273,CUST00762,2023-09-07,5281.19,North,Credit Card
ORD201278,CUST00045,2024-07-21,6266.79,East,Cash on Delivery
ORD209115,CUST00601,2024-12-11,2996.82,West,UPI/Wallet
ORD201014,CUST00036,2023-05-14,5262.48,East,Credit Card
ORD200985,CUST00035,2023-03-08,6005.81,North,Net Banking
ORD205981,CUST00284,2024-02-14,5485.28,South,UPI/Wallet
ORD201329,CUST00047,2023-05-19,6955.18,South,Debit Card
ORD205292,CUST00241,2023-11-21,3934.47,South,UPI/Wallet
ORD210312,CUST00769,2023-05-25,5771.47,East,Cash on Delivery
ORD200753,CUST00027,2023-04-24,6436.62,Central,UPI/Wallet
ORD206258,CUST00302,2023-05-29,-3428.23,South,Debit Card
ORD206447,CUST00315,2023-03-01,3092.52,West,Debit Card
ORD208280,CUST00502,2023-06-01,2094.81,South,
ORD208292,CUST00503,2023-09-09,4267.82,West,UPI/Wallet
ORD204840,CUST00212,2024-04-24,6232.56,Central,Credit Card
ORD204565,CUST00194,2023-02-17,2061.75,North,Cash on Delivery
ORD202644,CUST00095,2024-02-08,5438.14,East,Net Banking
ORD209275,CUST00620,2024-07-02,3621.54,North,UPI/Wallet
ORD205395,CUST00247,2023-09-02,-2623.12,Central,Debit Card
ORD201952,CUST00068,2024-05-05,5993.8,West,Net Banking
ORD202351,CUST00084,2023-11-12,5280.25,North,UPI/Wallet
ORD203474,CUST00124,2023-02-12,8065.24,East,Cash on Delivery
ORD205163,CUST00233,2023-09-29,3553.03,North,UPI/Wallet
ORD202234,CUST00079,2024-06-28,7253.69,Central,Credit Card
ORD202248,CUST00080,2023-10-07,4679.96,North,UPI/Wallet
ORD205260,CUST00239,2024-12-19,2821.72,North,Net Banking
ORD201840,CUST00065,2023-10-24,8981.51,South,Credit Card
ORD200707,CUST00025,2024-12-01,4106.42,North,Debit Card
ORD204889,CUST00215,2023-10-16,3360.32,Central,UPI/Wallet
ORD207235,CUST00376,2023-09-27,1840.25,South,Debit Card
ORD201910,CUST00067,2023-04-30,6381.71,Central,UPI/Wallet
ORD203334,CUST00119,2024-02-22,8932.18,West,Cash on Delivery
ORD205909,CUST00279,2024-03-09,4992.37,West,UPI/Wallet
ORD201401,CUST00050,2023-02-16,8120.78,North,Debit Card
ORD201884,CUST00066,2024-03-18,4663.51,West,UPI/Wallet
ORD201117,CUST00039,2024-02-08,2583.54,East,UPI/Wallet
ORD204825,CUST00211,2024-09-11,3980.13,West,Net Banking
ORD207494,CUST00407,2024-11-01,2745.08,West,Credit Card
ORD206364,CUST00309,2023-09-05,2584.09,West,Debit Card
ORD206399,CUST00312,2023-03-12,1117.06,West,Debit Card
ORD200897,CUST00032,2024-08-09,9970.18,North,Debit Card
ORD208146,CUST00486,2023-11-17,2461.14,East,Debit Card
ORD207966,CUST00465,2024-01-10,1102.72,Central,Cash on Delivery
ORD207181,CUST00369,2024-01-02,2137.02,North,Cash on Delivery
ORD205768,CUST00271,2023-12-14,4550.31,East,Credit Card
ORD202079,CUST00073,2024-03-11,3474.63,West,Credit Card
ORD207783,CUST00443,2024-06-23,2244.15,Central,
ORD203102,CUST00112,2023-06-29,11256.66,Central,UPI/Wallet
ORD202070,CUST00073,2023-09-06,2622.85,West,Credit Card
ORD207749,CUST00438,2023-10-23,3314.76,West,Debit Card
ORD201150,CUST00040,2024-12-25,6836.67,South,Credit Card
ORD205452,CUST00251,2023-05-19,4160.66,South,Net Banking
ORD204234,CUST00171,2023-02-20,4388.07,Central,Debit Card
ORD201256,CUST00044,2024-08-31,5333.19,East,Debit Card
ORD203765,CUST00138,2023-06-01,3821.1,East,UPI/Wallet
ORD208568,CUST00534,2024-11-20,2923.36,North,Debit Card
ORD207700,CUST00431,2023-11-27,1512.8,South,Net Banking
ORD209333,CUST00629,2024-02-07,2667.85,East,Debit Card
ORD206386,CUST00310,2024-10-02,1244.24,West,UPI/Wallet
ORD203581,CUST00128,2023-05-15,5126.47,West,Credit Card
ORD203143,CUST00113,2023-08-13,3549.43,Central,Debit Card
ORD206677,CUST00329,2023-04-08,2994.86,Central,Net Banking
ORD209314,CUST00627,2023-07-21,4413.25,South,Debit Card
ORD201837,CUST00065,2023-09-09,6637.93,South,Credit Card
ORD208608,CUST00538,2024-09-29,2586.36,West,UPI/Wallet
ORD203209,CUST00114,2024-12-19,11837.53,West,Net Banking
ORD208246,CUST00497,2024-07-04,3115.43,West,Cash on Delivery
ORD204168,CUST00166,2024-11-10,2603.06,East,Credit Card
ORD210602,CUST00833,2024-06-07,823.96,East,Credit Card
ORD202018,CUST00071,2024-05-24,11325.44,South,UPI/Wallet
ORD200289,CUST00011,2023-06-06,13019.57,South,Credit Card
ORD200404,CUST00015,2023-05-12,7409.96,Central,Net Banking
ORD208212,CUST00493,2024-12-03,3177.17,South,Net Banking
ORD211039,CUST00992,2023-09-04,1009.5,West,Cash on Delivery
ORD209207,CUST00612,2023-06-03,1910.91,North,Debit Card
ORD206767,CUST00334,2024-12-11,3618.82,North,Net Banking
ORD200323,CUST00012,2023-09-27,4319.4,West,UPI/Wallet
ORD209795,CUST00692,2024-04-21,1789.61,North,Debit Card
ORD205788,CUST00272,2024-10-08,3482.07,Central,Cash on Delivery
ORD210115,CUST00738,2023-01-19,3217.07,North,Credit Card
ORD201587,CUST00057,2024-03-23,7496.01,South,Debit Card
ORD200956,CUST00034,2023-06-25,7944.9,East,UPI/Wallet
ORD210495,CUST00798,2024-04-15,1372.01,South,Cash on Delivery
ORD210992,CUST00975,2023-07-28,896.92,South,Cash on Delivery
ORD203325,CUST00119,2023-05-12,5184.68,West,Cash on Delivery
ORD208381,CUST00513,2023-08-08,1794.6,South,UPI/Wallet
ORD201353,CUST00048,2023-06-17,5093.46,South,Cash on Delivery
ORD207416,CUST00399,2023-02-27,1091.92,North,Credit Card
ORD206236,CUST00301,2023-02-12,5921.68,Central,Credit Card
ORD201935,CUST00067,2024-10-18,5701.42,Central,Credit Card
ORD202271,CUST00081,2023-08-23,2503.89,West,Debit Card
ORD208872,CUST00570,2023-09-28,2868.39,Central,Cash on Delivery
ORD208175,CUST00489,2024-07-25,2740.75,South,Net Banking
ORD202065,CUST00073,2023-06-21,3523.14,West,Credit Card
ORD210783,CUST00899,2024-04-26,833.22,East,Cash on Delivery
ORD210655,CUST00853,2024-04-06,1369.24,Central,Debit Card
ORD209501,CUST00652,2024-01-17,3266.42,South,Credit Card
ORD202522,CUST00091,2023-11-25,4604.36,East,Cash on Delivery
ORD205306,CUST00242,2023-07-02,-4402.3,East,
ORD203317,CUST00118,2024-05-31,5993.45,West,UPI/Wallet
ORD207068,CUST00356,2024-11-01,3179.69,North,UPI/Wallet
ORD201993,CUST00070,2023-10-24,7411.83,North,Credit Card
ORD206125,CUST00294,2023-02-24,4030.45,West,Debit Card
ORD204932,CUST00218,2023-04-13,1671.51,Central,Debit Card
ORD207693,CUST00430,2023-12-05,3077.02,North,Debit Card
ORD201086,CUST00038,2023-10-12,6870.54,West,UPI/Wallet
ORD202214,CUST00078,2024-07-13,4818.6,South,Cash on Delivery
ORD208964,CUST00582,2023-02-22,2807.77,East,Debit Card
ORD206049,CUST00289,2023-08-10,1184.2,West,Net Banking
ORD205669,CUST00265,2024-09-11,2644.97,North,UPI/Wallet
ORD203101,CUST00112,2023-06-25,11420.37,Central,Debit Card
ORD206726,CUST00332,2024-09-15,2873.42,West,Credit Card
ORD202067,CUST00073,2023-07-25,4987.85,West,UPI/Wallet
ORD208274,CUST00501,2023-10-08,1443.66,Central,Cash on Delivery
ORD210336,CUST00771,2023-08-15,1461.88,East,Cash on Delivery
ORD204652,CUST00200,2024-07-16,1609.65,West,Credit Card
ORD206914,CUST00344,2023-01-09,5051.69,East,UPI/Wallet
ORD205690,CUST00267,2023-03-12,2921.02,Central,Cash on Delivery
ORD205654,CUST00264,2023-11-17,4756.21,East,UPI/Wallet
ORD205792,CUST00273,2023-02-26,3675.95,East,UPI/Wallet
ORD204085,CUST00161,2023-08-03,3434.88,South,Cash on Delivery
ORD206462,CUST00316,2023-09-22,1384.23,West,Credit Card
ORD201109,CUST00039,2023-08-11,8710.25,East,Net Banking
ORD204574,CUST00194,2024-12-19,4676.58,North,Debit Card
ORD209272,CUST00620,2024-03-28,4296.12,North,Cash on Delivery
ORD201501,CUST00054,2023-08-21,4902.92,East,Credit Card
ORD209290,CUST00623,2023-05-02,2775.88,North,UPI/Wallet
ORD205694,CUST00267,2023-07-23,4708.13,Central,UPI/Wallet
ORD203695,CUST00133,2023-10-21,3631.13,Central,Cash on Delivery
ORD201801,CUST00064,2023-08-28,4455.88,Central,UPI/Wallet
ORD203891,CUST00147,2023-06-06,2639.72,North,Debit Card
ORD202327,CUST00083,2023-10-31,6622.69,South,Credit Card
ORD202012,CUST00071,2023-07-29,8236.52,South,Debit Card
ORD201903,CUST00067,2023-03-08,7136.45,Central,UPI/Wallet
ORD206899,CUST00343,2023-08-04,2185.35,East,Credit Card
ORD205625,CUST00262,2023-11-11,1742.53,East,Credit Card
ORD206982,CUST00348,2024-05-08,3679.9,West,Credit Card
ORD204934,CUST00218,2023-06-18,3247.34,Central,Debit Card
ORD206811,CUST00338,2023-08-08,2652.42,Central,Cash on Delivery
ORD206458,CUST00316,2023-01-06,2933.51,West,Credit Card
ORD203383,CUST00121,2023-02-25,3349.7,South,UPI/Wallet
ORD205133,CUST00231,2023-02-08,2836.02,Central,Debit Card
ORD209892,CUST00705,2023-12-14,2948.18,Central,Credit Card
ORD206946,CUST00346,2023-03-13,3489.66,East,Credit Card
ORD210748,CUST00886,2023-08-24,-926.97,West,Debit Card
ORD204076,CUST00160,2024-01-31,3152.19,West,Cash on Delivery
ORD202719,CUST00098,2024-05-10,-3249.04,South,Cash on Delivery
ORD200413,CUST00015,2024-01-25,8709.68,Central,Debit Card
ORD204730,CUST00205,2023-10-31,6681.89,East,Credit Card
ORD206513,CUST00318,2024-11-02,3828.69,South,
ORD209093,CUST00598,2024-11-03,2089.87,North,UPI/Wallet
ORD205763,CUST00271,2023-05-01,3932.93,East,UPI/Wallet
ORD202109,CUST00074,2023-12-28,10913.22,East,Cash on Delivery
ORD209498,CUST00652,2023-08-31,2847.25,South,Credit Card
ORD208279,CUST00502,2023-01-22,1866.85,South,UPI/Wallet
ORD210433,CUST00785,2024-07-06,-2610.25,North,Cash on Delivery
ORD205995,CUST00285,2023-10-11,2041.8,South,UPI/Wallet
ORD207049,CUST00354,2024-04-27,2501.39,Central,Credit Card
ORD203589,CUST00128,2024-03-29,3871.38,West,Debit Card
ORD207137,CUST00364,2023-10-24,2482.23,North,Debit Card
ORD208807,CUST00562,2024-09-11,4353.43,Central,Credit Card
ORD206003,CUST00285,2024-10-12,2606.59,South,UPI/Wallet
ORD209386,CUST00637,2023-03-18,2357.07,Central,Net Banking
ORD208185,CUST00490,2024-10-22,1953.86,North,Credit Card
ORD205719,CUST00268,2023-11-23,3108.18,West,UPI/Wallet
ORD209416,CUST00641,2023-06-29,3625.81,East,Cash on Delivery
ORD207246,CUST00377,2024-01-17,3866.39,Central,UPI/Wallet
ORD206557,CUST00321,2023-07-22,2097.12,West,Debit Card
ORD203767,CUST00138,2023-09-29,2589.83,East,Debit Card
ORD200052,CUST00002,2024-02-24,5690.63,East,Credit Card
ORD204442,CUST00185,2023-11-19,3984.26,North,Debit Card
ORD205396,CUST00247,2023-12-13,1957.05,Central,Cash on Delivery
ORD204805,CUST00210,2023-10-10,4806.86,Central,Credit Card
ORD200058,CUST00002,2024-07-11,6240.74,East,Credit Card
ORD202405,CUST00086,2024-03-14,4610.14,East,UPI/Wallet
ORD201170,CUST00041,2024-04-23,4189.62,South,Cash on Delivery
ORD210505,CUST00801,2024-04-03,1602.01,Central,UPI/Wallet
ORD202194,CUST00078,2023-06-28,4541.67,South,Credit Card
ORD203179,CUST00114,2023-05-20,10141.25,West,Credit Card
ORD202983,CUST00108,2023-01-21,8079.01,East,Cash on Delivery
ORD204251,CUST00172,2023-12-21,3526.65,Central,Credit Card
ORD203356,CUST00120,2023-10-01,3755.21,Central,Net Banking
ORD200648,CUST00024,2023-03-31,6772.48,North,UPI/Wallet
ORD203305,CUST00118,2023-08-25,6346.44,West,Credit Card
ORD208633,CUST00541,2023-11-27,2940.85,Central,Credit Card
ORD201767,CUST00063,2023-12-15,9192.99,South,Debit Card
ORD210971,CUST00967,2024-04-04,1061.94,Central,Cash on Delivery
ORD210413,CUST00783,2023-04-19,1508.51,South,Credit Card
ORD204810,CUST00210,2024-06-23,5027.55,Central,UPI/Wallet
ORD205241,CUST00238,2024-05-27,3001.82,Central,Debit Card
ORD210514,CUST00804,2023-07-03,1482.95,Central,Net Banking
ORD205646,CUST00263,2024-10-02,3913.14,West,UPI/Wallet
ORD206945,CUST00346,2023-02-09,3749.33,East,Credit Card
ORD203233,CUST00116,2023-01-05,6288.11,South,Debit Card
ORD209346,CUST00631,2023-10-23,3298.45,Central,Net Banking
ORD207045,CUST00354,2023-06-18,1386.31,Central,UPI/Wallet
ORD202607,CUST00094,2023-05-08,3450.09,Central,Debit Card
ORD203145,CUST00113,2023-09-28,2831.95,Central,UPI/Wallet
ORD201957,CUST00068,2024-07-29,7335.28,West,Debit Card
ORD206618,CUST00324,2024-12-01,3656.84,West,Debit Card
ORD204777,CUST00208,2023-07-21,4474.29,South,UPI/Wallet
ORD210151,CUST00743,2024-05-17,1526.81,East,Debit Card
ORD205115,CUST00229,2024-10-20,3690.1,North,Debit Card
ORD202111,CUST00074,2024-01-21,4990.97,East,Net Banking
ORD210044,CUST00728,2023-07-29,2120.87,South,Credit Card
ORD202600,CUST00094,2023-01-13,1690.08,Central,UPI/Wallet
ORD207195,CUST00371,2023-03-13,2206.2,North,UPI/Wallet
ORD201751,CUST00063,2023-02-11,11827.9,South,Credit Card
ORD209912,CUST00708,2023-10-13,667.06,East,
ORD205987,CUST00284,2024-11-16,3271.55,South,Net Banking
ORD202569,CUST00092,2024-09-24,9276.43,South,Net Banking
ORD200296,CUST00011,2023-12-21,11381.39,South,Credit Card
ORD208457,CUST00522,2023-04-10,2172.95,East,Credit Card
ORD203536,CUST00126,2024-03-02,11541.19,East,Debit Card
ORD206252,CUST00301,2024-10-01,6646.53,Central,Credit Card
ORD206949,CUST00346,2023-09-05,4136.82,East,
ORD203852,CUST00144,2024-01-01,3625.58,North,UPI/Wallet
ORD200262,CUST00010,2023-07-09,5192.21,North,Cash on Delivery
ORD201360,CUST00048,2024-01-12,5233.58,South,Credit Card
ORD207117,CUST00362,2024-07-23,2887.21,South,Debit Card
ORD201988,CUST00070,2023-05-15,7660.7,North,Cash on Delivery
ORD201015,CUST00036,2023-06-27,7597.29,East,Credit Card
ORD204997,CUST00222,2023-04-15,4668.76,West,Credit Card
ORD205116,CUST00229,2024-10-23,3415.91,North,UPI/Wallet
ORD207224,CUST00374,2024-11-05,2143.89,East,UPI/Wallet
ORD202577,CUST00093,2023-05-30,8362.84,East,UPI/Wallet
ORD209900,CUST00706,2023-12-21,5280.23,South,Credit Card
ORD209632,CUST00670,2023-06-20,3244.23,East,Debit Card
ORD210333,CUST00771,2023-06-17,2342.94,East,Debit Card
ORD200584,CUST00021,2023-10-13,6556.52,East,Credit Card
ORD203857,CUST00144,2024-05-30,2867.67,North,Credit Card
ORD205850,CUST00276,2023-02-11,4886.1,Central,UPI/Wallet
ORD210283,CUST00764,2023-03-21,5589.43,West,Debit Card
ORD205517,CUST00255,2023-10-21,2404.46,East,UPI/Wallet
ORD204742,CUST00206,2023-06-22,2736.59,West,Cash on Delivery
ORD209748,CUST00685,2024-03-25,1477.65,Central,Credit Card
ORD205086,CUST00228,2023-01-07,3660.41,West,Cash on Delivery
ORD200065,CUST00002,2024-09-22,6867.1,East,Credit Card
ORD207380,CUST00393,2023-11-18,3147.01,East,Credit Card
ORD201196,CUST00042,2024-08-05,1978.15,South,Cash on Delivery
ORD204169,CUST00166,2024-11-18,2778.67,East,Debit Card
ORD208906,CUST00574,2024-02-23,2610.54,Central,UPI/Wallet
ORD200873,CUST00031,2023-12-15,4845.63,West,Credit Card
ORD209214,CUST00613,2023-09-28,4185.66,East,Credit Card
ORD202722,CUST00098,2024-10-27,5281.57,South,Credit Card
ORD202927,CUST00105,2024-10-14,3602.54,South,UPI/Wallet
ORD209677,CUST00676,2023-06-09,2230.72,West,Credit Card
ORD207234,CUST00376,2023-03-06,1896.67,South,Debit Card
ORD202172,CUST00076,2024-11-16,7075.04,South,Credit Card
ORD209945,CUST00713,2023-07-23,3017.04,South,Net Banking
ORD203945,CUST00151,2024-09-02,5919.95,North,Debit Card
ORD211014,CUST00982,2024-05-03,1100.99,West,UPI/Wallet
ORD208832,CUST00565,2024-05-24,2242.99,South,Credit Card
ORD210900,CUST00941,2023-06-11,1424.61,North,Cash on Delivery
ORD206233,CUST00300,2024-10-10,1781.51,South,Credit Card
ORD208744,CUST00555,2023-09-18,1425.91,Central,UPI/Wallet
ORD208365,CUST00511,2024-08-30,1465.3,South,Credit Card
ORD202936,CUST00106,2023-03-17,4052.07,Central,UPI/Wallet
ORD202189,CUST00077,2024-06-30,5659.67,West,
ORD201858,CUST00065,2024-08-15,11891.98,South,Cash on Delivery
ORD207961,CUST00465,2023-07-13,1435.93,Central,UPI/Wallet
ORD203034,CUST00109,2024-09-09,6976.75,Central,Cash on Delivery
ORD206755,CUST00334,2023-08-23,2764.59,North,UPI/Wallet
ORD207334,CUST00388,2023-07-25,1673.53,West,Cash on Delivery
ORD201339,CUST00047,2024-05-10,4154.1,South,Credit Card
ORD203432,CUST00122,2023-12-23,3835.86,East,Net Banking
ORD202401,CUST00086,2024-01-04,4745.6,East,UPI/Wallet
ORD208104,CUST00481,2024-09-02,1740.72,West,Debit Card
ORD207085,CUST00358,2023-12-10,2538.92,North,Net Banking
ORD203728,CUST00135,2024-02-19,5842.06,Central,Credit Card
ORD204894,CUST00215,2024-07-09,5264.51,Central,Credit Card
ORD202340,CUST00083,2024-10-25,6109.85,South,Debit Card
ORD200358,CUST00013,2023-12-30,5967.43,North,UPI/Wallet
ORD208163,CUST00488,2023-10-04,2812.63,East,UPI/Wallet
ORD200655,CUST00024,2023-08-30,7129.53,North,Credit Card
ORD201448,CUST00052,2023-06-23,1376.72,South,UPI/Wallet
ORD210773,CUST00895,2024-01-17,1884.9,Central,Cash on Delivery
ORD205214,CUST00236,2024-08-01,2343.86,North,Cash on Delivery
ORD210167,CUST00746,2023-08-14,4695.06,South,UPI/Wallet
ORD208886,CUST00572,2023-02-13,3181.91,South,UPI/Wallet
ORD202251,CUST00080,2023-12-05,8327.83,North,UPI/Wallet
ORD210361,CUST00775,2023-09-28,3364.06,West,Debit Card
ORD205045,CUST00225,2023-09-08,3945.0,North,Cash on Delivery
ORD209660,CUST00673,2023-11-24,1686.81,South,UPI/Wallet
ORD200377,CUST00014,2023-07-21,5116.98,West,Credit Card
ORD207819,CUST00448,2023-05-11,2897.85,Central,Cash on Delivery
ORD208091,CUST00479,2023-09-01,2154.02,West,UPI/Wallet
ORD208532,CUST00530,2023-08-02,2584.84,North,UPI/Wallet
ORD201716,CUST00061,2024-12-29,4986.42,South,UPI/Wallet
ORD210738,CUST00882,2024-01-13,710.34,Central,Credit Card
ORD209215,CUST00613,2023-12-27,3723.28,East,Credit Card
ORD202716,CUST00098,2023-10-25,6597.53,South,Credit Card
ORD210950,CUST00957,2024-04-29,1808.21,North,Net Banking
ORD206889,CUST00342,2024-11-27,3183.1,East,Credit Card
ORD205506,CUST00254,2024-07-23,3290.69,West,UPI/Wallet
ORD207389,CUST00395,2023-02-12,2776.19,East,Credit Card
ORD206281,CUST00303,2024-01-25,1007.18,North,UPI/Wallet
ORD204474,CUST00187,2023-10-28,2092.01,Central,Cash on Delivery
ORD206021,CUST00287,2023-03-05,3899.68,West,UPI/Wallet
ORD202035,CUST00072,2023-11-26,9236.65,Central,Cash on Delivery
ORD204066,CUST00159,2024-11-13,1598.82,South,UPI/Wallet
ORD200930,CUST00033,2024-05-04,5553.34,East,UPI/Wallet
ORD205152,CUST00232,2023-12-15,2342.99,South,Credit Card
ORD202418,CUST00087,2023-06-19,5897.09,North,UPI/Wallet
ORD200458,CUST00016,2024-09-10,4575.09,East,Cash on Delivery
ORD206276,CUST00302,2024-12-10,4279.91,South,UPI/Wallet
ORD206932,CUST00345,2023-06-25,5563.01,North,Net Banking
ORD208898,CUST00573,2024-12-05,1262.23,Central,Cash on Delivery
ORD203792,CUST00140,2023-10-09,5860.38,North,UPI/Wallet
ORD210297,CUST00766,2023-11-24,2470.82,South,Credit Card
ORD201101,CUST00039,2023-01-27,10945.8,East,Cash on Delivery
ORD201618,CUST00058,2023-09-09,3253.33,South,UPI/Wallet
ORD200531,CUST00019,2023-07-25,9155.04,North,UPI/Wallet
ORD201128,CUST00040,2023-03-06,7007.81,South,UPI/Wallet
ORD201414,CUST00050,2024-04-23,10073.03,North,Debit Card
ORD210830,CUST00915,2024-01-30,843.36,East,Cash on Delivery
ORD210411,CUST00783,2023-02-19,1990.14,South,UPI/Wallet
ORD202556,CUST00092,2023-08-18,8343.56,South,Cash on Delivery
ORD210441,CUST00786,2023-07-20,2424.58,Central,UPI/Wallet
ORD204447,CUST00185,2024-05-03,4000.14,North,Net Banking
ORD202605,CUST00094,2023-04-18,2414.85,Central,Debit Card
ORD201700,CUST00061,2023-10-07,4124.32,South,Debit Card
ORD200797,CUST00028,2024-07-02,7725.16,East,UPI/Wallet
ORD203926,CUST00150,2023-03-19,2701.41,North,Cash on Delivery
ORD209533,CUST00657,2023-01-13,1830.72,West,Credit Card
ORD207019,CUST00351,2024-09-14,1086.95,Central,Cash on Delivery
ORD206274,CUST00302,2024-11-04,2075.36,South,Credit Card
ORD208883,CUST00571,2024-12-05,3567.13,Central,Net Banking
ORD201770,CUST00063,2024-04-01,6077.56,South,UPI/Wallet
ORD208659,CUST00544,2024-10-03,1166.12,South,Credit Card
ORD201084,CUST00038,2023-10-02,2087.47,West,UPI/Wallet
ORD203134,CUST00112,2024-11-18,7190.35,Central,Cash on Delivery
ORD205228,CUST00237,2024-10-16,4235.98,East,UPI/Wallet
ORD203385,CUST00121,2023-03-28,5141.01,South,UPI/Wallet
ORD209744,CUST00684,2024-04-19,2687.03,Central,Cash on Delivery
ORD203389,CUST00121,2023-08-09,3692.68,South,Debit Card
ORD202333,CUST00083,2024-04-22,5411.77,South,Net Banking
ORD207136,CUST00364,2023-10-21,2177.05,North,Credit Card
ORD208770,CUST00558,2023-07-12,1830.28,East,UPI/Wallet
ORD204678,CUST00202,2024-01-17,3260.79,West,Debit Card
ORD210141,CUST00741,2024-03-16,1881.0,East,UPI/Wallet
ORD208408,CUST00516,2023-05-07,2236.25,Central,Debit Card
ORD202431,CUST00087,2024-10-31,9149.63,North,UPI/Wallet
ORD206737,CUST00333,2024-01-04,2716.68,East,Debit Card
ORD200748,CUST00026,2024-12-03,3247.07,East,Cash on Delivery
ORD211030,CUST00989,2024-05-02,1661.36,East,Cash on Delivery
ORD204881,CUST00215,2023-02-03,3754.6,Central,Cash on Delivery
ORD209834,CUST00698,2023-10-23,2592.74,East,Debit Card
ORD209590,CUST00664,2023-04-02,2192.72,North,Net Banking
ORD201639,CUST00058,2024-09-22,4502.36,South,UPI/Wallet
ORD204402,CUST00182,2024-06-08,2017.82,North,Debit Card
ORD210055,CUST00730,2023-01-13,4267.85,Central,Credit Card
ORD200331,CUST00012,2023-12-04,6003.51,West,Debit Card
ORD208026,CUST00471,2024-10-22,1953.95,East,Net Banking
ORD205786,CUST00272,2024-04-09,4144.23,Central,Credit Card
ORD209061,CUST00594,2023-04-13,1514.07,East,UPI/Wallet
ORD205120,CUST00230,2023-02-15,3164.96,East,UPI/Wallet
ORD201925,CUST00067,2024-04-27,4974.37,Central,UPI/Wallet
ORD209242,CUST00616,2024-02-11,1808.1,West,UPI/Wallet
ORD206431,CUST00313,2024-11-19,3134.49,North,Credit Card
ORD204751,CUST00206,2024-06-21,2517.97,West,Credit Card
ORD210020,CUST00724,2023-06-27,5749.27,East,Credit Card
ORD200489,CUST00017,2024-11-11,4844.04,South,UPI/Wallet
ORD201211,CUST00043,2023-05-20,6423.85,North,Cash on Delivery
ORD206149,CUST00295,2024-03-28,-2608.94,South,UPI/Wallet
ORD200574,CUST00020,2024-10-27,3545.1,South,Debit Card
ORD207405,CUST00397,2023-07-31,1961.29,Central,UPI/Wallet
ORD209555,CUST00660,2023-01-02,2323.27,Central,Credit Card
ORD208637,CUST00541,2024-07-02,2960.17,Central,Debit Card
ORD205381,CUST00246,2023-11-11,3035.27,East,Debit Card
ORD206487,CUST00317,2023-10-20,2417.13,South,Debit Card
ORD205029,CUST00224,2023-04-23,2025.96,West,Debit Card
ORD201062,CUST00037,2024-08-22,3517.35,Central,UPI/Wallet
ORD206361,CUST00309,2023-03-12,1970.25,West,Credit Card
ORD206284,CUST00303,2024-08-19,2422.57,North,Credit Card
ORD207415,CUST00398,2024-10-14,1617.08,East,Credit Card
ORD205884,CUST00277,2024-09-23,2452.55,Central,UPI/Wallet
ORD208285,CUST00502,2024-07-07,4294.32,South,Cash on Delivery
ORD200019,CUST00001,2023-12-20,3938.21,North,UPI/Wallet
ORD205204,CUST00236,2023-07-08,3455.49,North,Credit Card
ORD202714,CUST00098,2023-09-05,4356.05,South,Debit Card
ORD204018,CUST00156,2024-06-12,1950.13,Central,Credit Card
ORD210399,CUST00781,2023-11-30,2777.95,Central,Credit Card
ORD209364,CUST00634,2023-06-11,3558.2,South,UPI/Wallet
ORD200782,CUST00027,2024-12-15,11274.57,Central,UPI/Wallet
ORD209004,CUST00586,2024-11-17,799.56,East,UPI/Wallet
ORD209039,CUST00591,2024-10-17,1400.33,Central,Credit Card
ORD208721,CUST00552,2023-11-10,3705.86,East,UPI/Wallet
ORD207492,CUST00407,2024-09-20,1228.37,West,Credit Card
ORD210041,CUST00727,2024-03-19,5039.73,North,Credit Card
ORD204167,CUST00166,2024-10-23,2382.3,East,Credit Card
ORD205301,CUST00241,2024-10-23,2787.62,South,
ORD207349,CUST00389,2024-01-17,1964.55,South,Debit Card
ORD200109,CUST00004,2024-03-09,6820.02,West,UPI/Wallet
ORD207630,CUST00423,2023-11-15,3485.19,Central,Credit Card
ORD208690,CUST00548,2023-01-28,2042.06,West,Net Banking
ORD210751,CUST00887,2023-02-07,2001.23,East,Credit Card
ORD200622,CUST00022,2024-12-14,6023.06,South,Credit Card
ORD211029,CUST00989,2023-04-16,1074.87,East,Credit Card
ORD202814,CUST00101,2024-09-19,9798.6,West,Cash on Delivery
ORD210461,CUST00789,2024-03-27,3294.13,South,Cash on Delivery
ORD204688,CUST00202,2024-10-21,1871.5,West,Cash on Delivery
ORD208852,CUST00568,2023-03-06,4006.89,North,Debit Card
ORD205303,CUST00242,2023-01-08,4279.94,East,Net Banking
ORD206816,CUST00338,2024-05-01,1732.86,Central,UPI/Wallet
ORD203992,CUST00154,2024-11-18,816.3,East,Credit Card
ORD200179,CUST00006,2024-09-12,7848.12,North,Cash on Delivery
ORD205820,CUST00274,2023-09-22,2554.86,East,Cash on Delivery
ORD205237,CUST00238,2024-01-05,1488.58,Central,Cash on Delivery
ORD200728,CUST00026,2023-11-26,6743.63,East,Debit Card
ORD208244,CUST00497,2024-06-22,2219.43,West,Credit Card
ORD200526,CUST00019,2023-03-22,6328.97,North,Credit Card
ORD206553,CUST00321,2023-05-19,2442.1,West,Credit Card
ORD209765,CUST00688,2023-07-29,4614.92,East,UPI/Wallet
ORD210150,CUST00743,2023-06-17,2374.78,East,Net Banking
ORD206406,CUST00312,2024-01-22,1752.96,West,UPI/Wallet
ORD200737,CUST00026,2024-04-26,7483.56,East,UPI/Wallet
ORD200209,CUST00007,2024-10-03,8072.23,East,Debit Card
ORD201199,CUST00042,2024-10-15,6701.95,South,Cash on Delivery
ORD208754,CUST00556,2023-02-16,1518.05,East,Debit Card
ORD200835,CUST00030,2023-04-25,6523.79,North,UPI/Wallet
ORD208474,CUST00523,2024-11-21,1971.71,East,Credit Card
ORD202691,CUST00097,2023-06-11,7561.26,North,Credit Card
ORD203727,CUST00135,2024-01-26,6498.58,Central,UPI/Wallet
ORD203667,CUST00131,2024-05-16,1906.6,South,Debit Card
ORD209968,CUST00716,2024-01-28,3957.54,Central,Cash on Delivery
ORD210515,CUST00804,2024-04-28,1250.0,Central,Credit Card
ORD210075,CUST00733,2023-04-08,2903.01,South,UPI/Wallet
ORD210995,CUST00976,2023-09-11,793.74,West,UPI/Wallet
ORD208445,CUST00520,2024-10-08,3361.85,South,Debit Card
ORD210226,CUST00756,2023-05-14,2396.77,West,Net Banking
ORD201948,CUST00068,2023-12-04,6409.78,West,UPI/Wallet
ORD207054,CUST00355,2024-04-26,2975.69,North,Net Banking
ORD202114,CUST00074,2024-02-15,8370.72,East,UPI/Wallet
ORD201959,CUST00068,2024-09-14,7783.22,West,Debit Card
ORD204280,CUST00173,2024-06-08,3004.1,South,Credit Card
ORD210053,CUST00729,2024-02-22,1853.82,South,Credit Card
ORD208002,CUST00469,2023-06-13,2897.29,East,UPI/Wallet
ORD209951,CUST00714,2023-09-29,2575.65,Central,UPI/Wallet
ORD206251,CUST00301,2024-05-05,1987.98,Central,
ORD210467,CUST00790,2023-08-29,1434.49,Central,UPI/Wallet
ORD201680,CUST00060,2023-08-04,5115.08,Central,Credit Card
ORD204236,CUST00171,2023-06-09,2995.32,Central,Credit Card
ORD205178,CUST00234,2023-08-17,2355.65,South,Debit Card
ORD208021,CUST00471,2023-11-16,1293.34,East,Net Banking
ORD209801,CUST00694,2023-02-23,1553.59,Central,Debit Card
ORD201497,CUST00054,2023-06-20,3910.12,East,UPI/Wallet
ORD208143,CUST00486,2023-07-08,3716.71,East,Cash on Delivery
ORD201668,CUST00059,2024-10-04,4797.82,South,Credit Card
ORD210860,CUST00926,2023-07-27,1184.87,East,Credit Card
ORD210668,CUST00857,2024-04-25,290.43,North,Credit Card
ORD206643,CUST00326,2024-08-29,3728.25,North,Credit Card
ORD208942,CUST00579,2023-12-09,1744.43,East,Credit Card
ORD205715,CUST00268,2023-05-02,3005.49,West,Debit Card
ORD201469,CUST00053,2023-03-08,5612.55,Central,UPI/Wallet
ORD203784,CUST00139,2024-09-13,2667.91,Central,UPI/Wallet
ORD207259,CUST00379,2023-05-03,2826.44,South,Debit Card
ORD201803,CUST00064,2023-10-07,-5791.07,Central,Cash on Delivery
ORD202068,CUST00073,2023-08-26,2957.28,West,UPI/Wallet
ORD207754,CUST00439,2023-01-08,3056.97,East,Net Banking
ORD203206,CUST00114,2024-10-30,6019.38,West,Net Banking
ORD209730,CUST00683,2023-10-20,2831.34,East,Debit Card
ORD208507,CUST00527,2024-10-18,2157.02,North,UPI/Wallet
ORD205754,CUST00270,2024-03-23,2748.64,Central,UPI/Wallet
ORD203370,CUST00120,2024-07-03,3847.67,Central,Debit Card
ORD205989,CUST00285,2023-03-23,3542.71,South,UPI/Wallet
ORD210100,CUST00736,2023-08-06,2701.61,East,Debit Card
ORD202064,CUST00073,2023-06-18,2504.69,West,Credit Card
ORD203764,CUST00138,2023-01-24,3170.06,East,UPI/Wallet
ORD210977,CUST00969,2024-06-10,1267.53,South,Credit Card
ORD202815,CUST00101,2024-09-27,7010.11,West,Debit Card
ORD200834,CUST00030,2023-04-19,7618.89,North,Debit Card
ORD207365,CUST00391,2024-03-05,2187.79,North,Debit Card
ORD210506,CUST00802,2023-05-21,1763.82,South,Cash on Delivery
ORD210819,CUST00911,2023-11-21,2383.31,East,Credit Card
ORD210179,CUST00748,2023-02-25,3013.18,West,UPI/Wallet
ORD203373,CUST00120,2024-08-24,5079.13,Central,Credit Card
ORD203526,CUST00126,2023-07-21,10490.36,East,Debit Card
ORD202751,CUST00099,2023-12-15,8328.46,East,Cash on Delivery
ORD202074,CUST00073,2023-11-16,3570.15,West,Debit Card
ORD202037,CUST00072,2023-12-25,8472.85,Central,UPI/Wallet
ORD201839,CUST00065,2023-10-19,4344.85,South,Debit Card
ORD210211,CUST00754,2023-08-19,1253.04,South,Credit Card
ORD206202,CUST00298,2024-02-10,4319.21,South,Credit Card
ORD202553,CUST00092,2023-04-21,4364.44,South,Debit Card
ORD205859,CUST00276,2023-09-06,2707.99,Central,Net Banking
ORD201397,CUST00049,2024-12-29,5795.81,South,UPI/Wallet
ORD203856,CUST00144,2024-05-25,1455.05,North,Credit Card
ORD207243,CUST00377,2023-01-13,2035.56,Central,Credit Card
ORD203293,CUST00117,2024-12-01,7714.8,South,Debit Card
ORD209422,CUST00641,2023-11-01,2583.78,East,Credit Card
ORD203222,CUST00115,2024-03-13,4550.16,West,Debit Card
ORD210225,CUST00755,2024-07-27,1926.0,West,Debit Card
ORD203868,CUST00145,2023-11-14,2947.33,North,Credit Card
ORD204381,CUST00180,2024-10-15,2435.38,East,Credit Card
ORD209920,CUST00709,2024-04-19,2855.48,East,Cash on Delivery
ORD203499,CUST00125,2023-08-04,7774.82,South,Credit Card
ORD208430,CUST00519,2023-02-16,2337.67,South,Net Banking
ORD210812,CUST00909,2024-04-18,862.34,Central,Credit Card
ORD208245,CUST00497,2024-06-28,2336.86,West,Debit Card
ORD206050,CUST00289,2023-09-30,3933.31,West,Debit Card
ORD210617,CUST00840,2023-07-20,1250.78,Central,Net Banking
ORD209285,CUST00622,2023-06-10,2351.73,West,UPI/Wallet
ORD203506,CUST00125,2024-02-09,9745.56,South,Net Banking
ORD205332,CUST00243,2024-09-30,4076.88,West,UPI/Wallet
ORD203315,CUST00118,2024-05-01,3301.92,West,Credit Card
ORD204782,CUST00208,2023-12-31,4242.64,South,UPI/Wallet
ORD204831,CUST00212,2023-06-24,7084.39,Central,UPI/Wallet
ORD209916,CUST00709,2023-04-07,2348.11,East,Cash on Delivery
ORD202596,CUST00093,2024-10-28,2953.23,East,Credit Card
ORD209340,CUST00630,2023-12-03,2320.44,Central,Net Banking
ORD201205,CUST00043,2023-02-09,6347.03,North,Debit Card
ORD208902,CUST00574,2023-09-03,2543.66,Central,Credit Card
ORD206654,CUST00327,2024-01-25,2617.85,East,Debit Card
ORD208693,CUST00548,2024-01-20,1807.16,West,Credit Card
ORD208186,CUST00491,2023-01-27,1749.99,North,Net Banking
ORD201470,CUST00053,2023-03-20,9261.04,Central,UPI/Wallet
ORD204061,CUST00159,2023-09-28,1535.75,South,Net Banking
ORD207901,CUST00458,2024-10-21,3281.38,Central,Credit Card
ORD201537,CUST00055,2024-01-27,4752.71,East,Net Banking
ORD202112,CUST00074,2024-02-05,5580.88,East,Credit Card
ORD208858,CUST00568,2024-04-29,3828.99,North,Credit Card
ORD210039,CUST00727,2023-09-27,3342.23,North,Net Banking
ORD210371,CUST00776,2023-12-08,1828.46,Central,Credit Card
ORD203218,CUST00115,2024-01-11,3711.04,West,Debit Card
ORD210919,CUST00948,2024-06-01,1689.34,West,Cash on Delivery
ORD208094,CUST00480,2023-04-18,3245.0,North,UPI/Wallet
ORD204302,CUST00175,2023-06-25,3071.19,South,UPI/Wallet
ORD203476,CUST00124,2023-04-20,5666.36,East,UPI/Wallet
ORD206151,CUST00295,2024-04-08,-2285.89,South,UPI/Wallet
ORD207942,CUST00463,2024-03-23,1475.27,North,UPI/Wallet
ORD202105,CUST00074,2023-08-10,7683.23,East,Credit Card
ORD209933,CUST00712,2023-03-22,3964.7,Central,UPI/Wallet
ORD205888,CUST00278,2023-01-12,3915.11,East,Debit Card
ORD202696,CUST00097,2023-12-23,9718.13,North,Debit Card
ORD206679,CUST00329,2023-09-12,2306.63,Central,Debit Card
ORD208327,CUST00508,2023-01-10,1412.04,Central,UPI/Wallet
ORD202855,CUST00103,2023-07-10,4235.99,Central,Net Banking
ORD207153,CUST00366,2023-05-18,1339.91,North,Cash on Delivery
ORD207287,CUST00381,2024-10-27,3453.3,East,UPI/Wallet
ORD200435,CUST00016,2023-05-14,6979.71,East,Net Banking
ORD204763,CUST00207,2023-08-16,5195.17,East,Debit Card
ORD200118,CUST00004,2024-10-12,8922.47,West,Debit Card
ORD205048,CUST00225,2024-05-05,4998.46,North,Cash on Delivery
ORD204160,CUST00166,2024-01-03,2835.61,East,Net Banking
ORD204450,CUST00185,2024-10-12,3693.51,North,Cash on Delivery
ORD205425,CUST00249,2024-10-02,3579.55,Central,Credit Card
ORD208459,CUST00522,2023-08-04,2953.6,East,Debit Card
ORD208541,CUST00531,2023-08-18,2305.65,East,Debit Card
ORD210600,CUST00832,2024-01-29,1908.97,West,Credit Card
ORD208782,CUST00559,2024-04-26,3160.63,North,Credit Card
ORD207078,CUST00357,2024-10-04,3244.67,North,UPI/Wallet
ORD202648,CUST00095,2024-05-28,11945.71,East,UPI/Wallet
ORD201297,CUST00046,2024-01-01,4414.82,West,Cash on Delivery
ORD210763,CUST00891,2024-04-28,2291.9,Central,Debit Card
ORD205668,CUST00265,2023-06-28,2381.2,North,Credit Card
ORD206047,CUST00289,2023-03-26,2335.65,West,Debit Card
ORD201012,CUST00036,2023-04-05,5318.28,East,Debit Card
ORD202766,CUST00099,2024-08-22,6857.01,East,Credit Card
ORD210799,CUST00904,2024-05-12,1151.97,South,Cash on Delivery
ORD201472,CUST00053,2023-05-14,6729.21,Central,Debit Card
ORD208753,CUST00556,2023-02-09,1148.66,East,Credit Card
ORD205118,CUST00229,2024-12-12,4248.65,North,Net Banking
ORD200774,CUST00027,2024-07-19,6908.45,Central,Credit Card
ORD207027,CUST00352,2023-10-05,1762.95,West,Debit Card
ORD208169,CUST00489,2023-03-27,1781.31,South,Credit Card
ORD206503,CUST00318,2023-07-16,1752.22,South,Credit Card
ORD203653,CUST00130,2024-01-07,2767.17,South,Credit Card
ORD201154,CUST00041,2023-02-22,4381.85,South,Credit Card
ORD203111,CUST00112,2024-01-11,7689.66,Central,UPI/Wallet
ORD210350,CUST00773,2024-07-19,2400.05,Central,Credit Card
ORD209921,CUST00710,2023-09-02,1375.64,North,Cash on Delivery
ORD204330,CUST00177,2023-02-02,2787.93,East,UPI/Wallet
ORD205531,CUST00256,2023-08-29,2912.97,North,Debit Card
ORD208290,CUST00503,2023-05-13,3888.78,West,Net Banking
ORD205218,CUST00236,2024-12-13,2651.93,North,UPI/Wallet
ORD206185,CUST00297,2024-05-03,4486.34,East,Net Banking
ORD206475,CUST00316,2024-10-06,1793.19,West,Cash on Delivery
ORD204355,CUST00178,2024-07-13,3752.85,West,Cash on Delivery
ORD203940,CUST00151,2023-06-03,4974.12,North,Debit Card
ORD203058,CUST00110,2024-06-05,9701.07,West,Credit Card
ORD208525,CUST00529,2023-08-18,2897.98,East,Debit Card
ORD203155,CUST00113,2024-04-05,5385.0,Central,Credit Card
ORD204486,CUST00188,2023-01-04,2037.09,East,UPI/Wallet
ORD201822,CUST00065,2023-02-21,9920.43,South,Debit Card
ORD206457,CUST00315,2024-12-22,4132.07,West,UPI/Wallet
ORD203217,CUST00115,2023-12-19,1614.04,West,Debit Card
ORD210586,CUST00827,2024-04-19,396.35,North,Credit Card
ORD201653,CUST00059,2023-03-03,4154.16,South,UPI/Wallet
ORD203283,CUST00117,2024-07-14,4168.75,South,Cash on Delivery
ORD200831,CUST00030,2023-03-12,7346.81,North,Debit Card
ORD209279,CUST00621,2024-05-30,3491.11,North,Net Banking
ORD200781,CUST00027,2024-11-30,5829.65,Central,Debit Card
ORD208503,CUST00527,2023-10-09,3210.19,North,UPI/Wallet
ORD209790,CUST00692,2023-05-05,1903.03,North,Credit Card
ORD200231,CUST00009,2023-02-24,4807.0,North,Credit Card
ORD208799,CUST00561,2024-07-31,-2328.14,East,UPI/Wallet
ORD203946,CUST00151,2024-09-09,5245.85,North,Credit Card
ORD203542,CUST00126,2024-08-07,8813.56,East,UPI/Wallet
ORD201428,CUST00051,2023-09-16,4773.82,East,UPI/Wallet
ORD202385,CUST00085,2024-05-17,5676.73,South,UPI/Wallet
ORD206351,CUST00308,2023-06-17,2230.02,South,Credit Card
ORD202453,CUST00088,2024-08-04,4139.02,North,Credit Card
ORD208063,CUST00476,2023-12-08,2918.6,West,Credit Card
ORD204106,CUST00162,2024-08-23,1358.18,West,Credit Card
ORD209228,CUST00615,2023-07-26,1800.75,Central,UPI/Wallet
ORD209528,CUST00656,2023-10-26,2970.29,East,UPI/Wallet
ORD207423,CUST00400,2023-09-12,2723.29,West,Cash on Delivery
ORD203552,CUST00127,2023-01-31,8373.87,Central,UPI/Wallet
ORD210693,CUST00867,2023-07-13,1899.84,Central,Credit Card
ORD210110,CUST00737,2024-01-02,1978.95,West,Credit Card
ORD208565,CUST00534,2024-03-09,2343.71,North,Credit Card
ORD203756,CUST00137,2023-10-14,2432.45,West,
ORD208612,CUST00539,2024-01-13,1172.19,Central,Debit Card
ORD203647,CUST00130,2023-09-29,9759.42,South,UPI/Wallet
ORD200594,CUST00021,2024-09-07,9884.25,East,Debit Card
ORD202755,CUST00099,2024-03-07,10651.93,East,Debit Card
ORD208135,CUST00485,2023-09-11,2041.26,West,Cash on Delivery
ORD210757,CUST00888,2024-02-03,884.47,West,Debit Card
ORD206126,CUST00294,2023-04-02,4214.14,West,UPI/Wallet
ORD201827,CUST00065,2023-05-03,-6898.55,South,Credit Card
ORD210727,CUST00879,2023-06-05,812.73,East,Credit Card
ORD206979,CUST00348,2024-02-12,3259.08,West,Credit Card
ORD205440,CUST00250,2024-01-01,3590.72,East,Credit Card
ORD201736,CUST00062,2024-05-14,10463.25,West,Net Banking
ORD200325,CUST00012,2023-10-15,4437.61,West,Credit Card
ORD200310,CUST00012,2023-03-30,-4661.05,West,Debit Card
ORD202527,CUST00091,2024-01-29,4391.85,East,UPI/Wallet
ORD200048,CUST00002,2023-10-28,6635.61,East,UPI/Wallet
ORD203459,CUST00123,2024-02-07,9994.93,West,Credit Card
ORD208251,CUST00498,2023-08-18,1557.2,Central,Cash on Delivery
ORD207824,CUST00449,2023-07-12,1775.88,East,Net Banking
ORD205555,CUST00257,2024-05-24,3634.23,North,UPI/Wallet
ORD202175,CUST00077,2023-03-31,7437.78,West,UPI/Wallet
ORD201963,CUST00069,2023-03-26,7951.71,Central,UPI/Wallet
ORD207897,CUST00458,2024-05-15,1289.96,Central,Credit Card
ORD204184,CUST00167,2024-09-04,2798.64,Central,Credit Card
ORD200910,CUST00033,2023-06-02,7053.34,East,Credit Card
ORD208345,CUST00509,2024-03-25,3827.48,Central,Cash on Delivery
ORD208152,CUST00486,2024-11-27,2241.9,East,Credit Card
ORD200968,CUST00034,2024-04-08,10578.77,East,Cash on Delivery
ORD203879,CUST00146,2023-09-23,3004.18,East,UPI/Wallet
ORD204699,CUST00203,2023-09-05,4627.48,West,Debit Card
ORD207009,CUST00350,2024-05-03,3253.37,North,Cash on Delivery
ORD202347,CUST00084,2023-05-31,9994.22,North,Credit Card
ORD206420,CUST00313,2023-02-15,4174.42,North,Credit Card
ORD208549,CUST00532,2024-04-25,-2436.8,South,Cash on Delivery
ORD209782,CUST00690,2024-04-09,1302.68,Central,Net Banking
ORD202232,CUST00079,2024-04-20,5195.67,Central,Credit Card
ORD210993,CUST00975,2024-02-20,849.11,South,Credit Card
ORD210570,CUST00823,2023-06-16,1850.07,West,Credit Card
ORD209436,CUST00643,2023-06-13,1036.77,East,Cash on Delivery
ORD205018,CUST00223,2024-04-01,2861.82,West,Debit Card
ORD207171,CUST00368,2023-06-23,2339.65,Central,Credit Card
ORD201608,CUST00058,2023-02-17,4890.12,South,Debit Card
ORD210443,CUST00786,2024-02-21,2996.44,Central,UPI/Wallet
ORD201169,CUST00041,2024-04-21,5974.21,South,Credit Card
ORD210624,CUST00843,2023-04-13,2162.44,West,Credit Card
ORD206176,CUST00297,2023-06-10,3117.37,East,Net Banking
ORD207298,CUST00382,2024-11-30,3359.68,West,Debit Card
ORD202917,CUST00105,2023-11-22,5784.75,South,Credit Card
ORD206984,CUST00348,2024-11-04,3467.15,West,UPI/Wallet
ORD205833,CUST00275,2023-01-30,5006.52,East,UPI/Wallet
ORD200796,CUST00028,2024-06-03,10513.99,East,UPI/Wallet
ORD200869,CUST00031,2023-03-31,7639.99,West,Net Banking
ORD206797,CUST00337,2023-12-15,3634.08,East,UPI/Wallet
ORD202758,CUST00099,2024-05-02,7963.59,East,
ORD209012,CUST00588,2023-03-09,1960.67,Central,UPI/Wallet
ORD201216,CUST00043,2023-11-02,6360.96,North,Credit Card
ORD202580,CUST00093,2023-09-11,8031.65,East,Credit Card
ORD209918,CUST00709,2023-07-19,2894.44,East,Debit Card
ORD204814,CUST00210,2024-09-06,5969.49,Central,Credit Card
ORD207561,CUST00415,2024-04-08,2285.8,West,Credit Card
ORD202441,CUST00088,2023-12-02,5389.68,North,UPI/Wallet
ORD203736,CUST00135,2024-11-05,2667.51,Central,UPI/Wallet
ORD211057,CUST00997,2024-02-14,865.48,East,Credit Card
ORD204914,CUST00216,2024-07-12,2474.44,South,Credit Card
ORD203961,CUST00153,2023-02-17,2309.73,West,Net Banking
ORD201752,CUST00063,2023-03-16,9532.68,South,Cash on Delivery
ORD203941,CUST00151,2023-09-03,6032.7,North,Debit Card
ORD203339,CUST00119,2024-06-26,5054.29,West,UPI/Wallet
ORD205278,CUST00240,2024-06-18,5729.5,West,Credit Card
ORD203422,CUST00122,2023-07-24,4025.99,East,Cash on Delivery
ORD200761,CUST00027,2023-09-15,-11342.18,Central,UPI/Wallet
ORD205397,CUST00247,2024-04-01,2668.93,Central,UPI/Wallet
ORD201931,CUST00067,2024-09-03,3903.46,Central,Debit Card
ORD208555,CUST00533,2024-06-11,3368.98,East,Credit Card
ORD200405,CUST00015,2023-07-25,10891.06,Central,Credit Card
ORD206885,CUST00342,2024-04-29,4052.01,East,Cash on Delivery
ORD201363,CUST00048,2024-03-31,3592.47,South,Net Banking
ORD209615,CUST00667,2024-05-05,3513.63,Central,Cash on Delivery
ORD206219,CUST00300,2023-01-02,2181.21,South,UPI/Wallet
ORD208772,CUST00558,2023-08-16,3041.33,East,Cash on Delivery
ORD207748,CUST00438,2023-09-29,4147.35,West,Net Banking
ORD204610,CUST00197,2024-07-04,3229.4,South,Net Banking
ORD210275,CUST00762,2023-12-08,4094.88,North,UPI/Wallet
ORD210760,CUST00890,2023-11-24,522.82,East,Credit Card
ORD209965,CUST00716,2023-01-10,4554.09,Central,Credit Card
ORD208586,CUST00536,2024-09-09,1896.07,South,Credit Card
ORD202153,CUST00076,2023-05-11,7097.97,South,Credit Card
ORD207364,CUST00391,2023-11-28,2139.03,North,UPI/Wallet
ORD202656,CUST00095,2024-11-12,7362.14,East,UPI/Wallet
ORD208632,CUST00541,2023-06-21,2957.89,Central,Debit Card
ORD209398,CUST00639,2023-04-16,3421.89,South,Cash on Delivery
ORD206707,CUST00331,2024-02-22,4570.67,West,Net Banking
ORD203699,CUST00133,2024-08-28,4638.1,Central,Cash on Delivery
ORD206528,CUST00319,2024-04-24,3508.64,South,Credit Card
ORD208545,CUST00531,2024-10-29,4428.48,East,UPI/Wallet
ORD208950,CUST00580,2023-05-13,1090.32,South,Credit Card
ORD205192,CUST00235,2023-11-27,3541.29,West,Debit Card
ORD204663,CUST00201,2023-09-27,2412.35,Central,UPI/Wallet
ORD201547,CUST00055,2024-11-26,5356.11,East,UPI/Wallet
ORD208388,CUST00514,2023-08-19,2479.05,East,Credit Card
ORD209212,CUST00613,2023-02-28,3277.14,East,UPI/Wallet
ORD203843,CUST00143,2024-08-06,4369.65,West,UPI/Wallet
ORD206213,CUST00299,2024-02-07,6313.27,Central,Debit Card
ORD205802,CUST00273,2023-11-20,4850.94,East,Debit Card
ORD202420,CUST00087,2024-01-01,4060.44,North,UPI/Wallet
ORD208464,CUST00522,2024-07-12,2546.8,East,Cash on Delivery
ORD200250,CUST00009,2024-07-11,4936.2,North,Credit Card
ORD203298,CUST00118,2023-06-17,6045.33,West,Credit Card
ORD200422,CUST00015,2024-08-05,10729.72,Central,Cash on Delivery
ORD208634,CUST00541,2023-12-25,2872.85,Central,UPI/Wallet
ORD206625,CUST00325,2024-01-27,4161.46,West,UPI/Wallet
ORD201046,CUST00037,2023-08-29,2904.22,Central,Credit Card
ORD205756,CUST00270,2024-07-17,1919.16,Central,Cash on Delivery
ORD202993,CUST00108,2023-10-03,6644.32,East,Debit Card
ORD203481,CUST00124,2023-11-21,6220.07,East,Debit Card
ORD209140,CUST00604,2024-11-05,2416.24,North,Debit Card
ORD201038,CUST00037,2023-04-26,4377.33,Central,Credit Card
ORD209493,CUST00651,2023-04-30,1896.72,West,Credit Card
ORD208038,CUST00473,2023-09-24,2627.92,Central,UPI/Wallet
ORD206883,CUST00342,2024-01-25,2255.8,East,UPI/Wallet
ORD200491,CUST00017,2024-12-18,4824.13,South,UPI/Wallet
ORD208247,CUST00497,2024-09-02,3592.15,West,Cash on Delivery
ORD209082,CUST00597,2024-08-26,2058.41,Central,Credit Card
ORD207818,CUST00448,2023-02-19,2633.8,Central,UPI/Wallet
ORD210978,CUST00970,2023-08-25,1434.34,North,UPI/Wallet
ORD204030,CUST00157,2023-05-18,1944.61,West,Credit Card
ORD204644,CUST00200,2023-03-09,1618.77,West,Credit Card
ORD202224,CUST00079,2023-10-20,3914.17,Central,UPI/Wallet
ORD208805,CUST00562,2023-12-19,3647.77,Central,Credit Card
ORD210901,CUST00941,2024-05-24,1860.35,North,Credit Card
ORD201050,CUST00037,2023-11-04,3200.41,Central,Cash on Delivery
ORD210788,CUST00901,2023-10-03,1482.7,East,Debit Card
ORD207145,CUST00365,2023-08-13,2343.26,East,Debit Card
ORD200754,CUST00027,2023-04-28,6635.6,Central,UPI/Wallet
ORD209124,CUST00602,2024-07-21,1817.99,Central,Debit Card
ORD210086,CUST00735,2023-06-02,3272.22,East,Credit Card
ORD208225,CUST00495,2023-12-10,2280.05,Central,Credit Card
ORD202640,CUST00095,2023-12-01,8627.42,East,UPI/Wallet
ORD210678,CUST00862,2023-01-12,568.09,South,Credit Card
ORD204108,CUST00162,2024-10-08,-2364.51,West,UPI/Wallet
ORD204745,CUST00206,2023-08-07,2500.67,West,Cash on Delivery
ORD200443,CUST00016,2023-11-06,8830.15,East,Debit Card
ORD201683,CUST00060,2024-01-22,4538.66,Central,Cash on Delivery
ORD209535,CUST00657,2023-05-25,2985.11,West,Credit Card
ORD201600,CUST00057,2024-11-01,7727.24,South,Credit Card
ORD203345,CUST00120,2023-01-14,2807.67,Central,Credit Card
ORD206154,CUST00295,2024-07-19,3844.31,South,Credit Card
ORD208439,CUST00519,2024-12-09,2806.12,South,UPI/Wallet
ORD203772,CUST00138,2024-11-27,4044.31,East,Net Banking
ORD204116,CUST00163,2023-10-11,1800.13,Central,Cash on Delivery
ORD202495,CUST00090,2023-12-31,8043.71,Central,Debit Card
ORD203912,CUST00148,2024-04-09,4872.8,North,Debit Card
ORD210661,CUST00855,2023-10-18,1162.78,North,Credit Card
ORD208869,CUST00570,2023-06-03,2782.31,Central,Cash on Delivery
ORD209581,CUST00662,2024-04-13,4873.5,West,Credit Card
ORD205155,CUST00232,2024-02-27,3400.13,South,UPI/Wallet
ORD207676,CUST00428,2024-01-23,3727.12,North,Net Banking
ORD200141,CUST00005,2024-10-03,8819.0,South,Net Banking
ORD205005,CUST00222,2024-10-22,3674.29,West,UPI/Wallet
ORD202549,CUST00092,2023-03-12,8550.29,South,UPI/Wallet
ORD209250,CUST00617,2024-01-04,4384.55,East,Cash on Delivery
ORD204392,CUST00181,2024-06-09,3626.77,Central,
ORD200120,CUST00004,2024-11-19,7786.95,West,Cash on Delivery
ORD210370,CUST00776,2023-11-20,2423.04,Central,Debit Card
ORD205046,CUST00225,2023-10-15,5854.69,North,Cash on Delivery
ORD201031,CUST00036,2024-12-02,4805.76,East,UPI/Wallet
ORD203352,CUST00120,2023-05-20,5006.58,Central,Cash on Delivery
ORD206576,CUST00322,2023-09-11,1841.42,West,Net Banking
ORD204562,CUST00193,2024-03-05,4335.36,South,Cash on Delivery
ORD205336,CUST00244,2023-09-30,3295.67,West,Debit Card
ORD205740,CUST00269,2024-03-21,2235.68,West,Cash on Delivery
ORD205656,CUST00264,2024-03-15,4411.69,East,UPI/Wallet
ORD209972,CUST00717,2023-01-02,-3955.91,Central,Cash on Delivery
ORD203923,CUST00149,2024-11-20,6952.93,West,Credit Card
ORD202257,CUST00080,2024-06-20,4721.72,North,Cash on Delivery
ORD206635,CUST00326,2023-08-05,3815.79,North,Cash on Delivery
ORD201481,CUST00053,2024-04-09,6535.37,Central,Cash on Delivery
ORD209077,CUST00596,2024-06-15,1108.18,North,UPI/Wallet
ORD200822,CUST00029,2024-04-18,4530.82,North,Net Banking
ORD204385,CUST00181,2023-06-13,3073.62,Central,Cash on Delivery
ORD203148,CUST00113,2023-10-22,3215.81,Central,UPI/Wallet
ORD208301,CUST00504,2023-12-08,1205.21,West,Cash on Delivery
ORD208093,CUST00479,2024-10-02,2300.5,West,UPI/Wallet
ORD200243,CUST00009,2023-10-24,2977.41,North,Debit Card
ORD203896,CUST00147,2023-11-20,1998.97,North,Credit Card
ORD207105,CUST00361,2023-09-12,2341.37,North,
ORD200670,CUST00024,2024-09-22,9516.88,North,Cash on Delivery
ORD209511,CUST00654,2023-01-12,1346.79,South,Cash on Delivery
ORD202011,CUST00071,2023-07-17,7015.36,South,Net Banking
ORD203818,CUST00141,2024-10-20,4451.79,Central,Cash on Delivery
ORD205132,CUST00230,2024-11-17,2719.66,East,UPI/Wallet
ORD205308,CUST00242,2023-07-28,3926.52,East,Debit Card
ORD203557,CUST00127,2023-07-22,9091.01,Central,UPI/Wallet
ORD202163,CUST00076,2023-12-18,4899.79,South,UPI/Wallet
ORD210074,CUST00733,2023-03-21,4109.58,South,Cash on Delivery
ORD205099,CUST00228,2024-08-22,2886.66,West,Credit Card
ORD204390,CUST00181,2024-03-16,3292.87,Central,Credit Card
ORD207455,CUST00403,2024-05-23,1378.87,North,Credit Card
ORD210152,CUST00743,2024-06-20,2597.14,East,Credit Card
ORD204428,CUST00184,2023-12-28,2328.83,South,Debit Card
ORD202421,CUST00087,2024-01-21,8106.26,North,Debit Card
ORD206687,CUST00330,2023-10-24,2984.94,South,Cash on Delivery
ORD204196,CUST00168,2024-01-07,4186.01,West,Credit Card
ORD206562,CUST00321,2023-12-22,1347.11,West,Debit Card
ORD206988,CUST00349,2023-04-18,2443.45,South,UPI/Wallet
ORD206235,CUST00301,2023-01-30,5846.4,Central,Cash on Delivery
ORD205567,CUST00258,2023-06-27,4272.97,East,Credit Card
ORD201230,CUST00044,2023-04-23,6470.22,East,UPI/Wallet
ORD201714,CUST00061,2024-11-30,3734.48,South,Debit Card
ORD207014,CUST00351,2023-06-10,1853.73,Central,UPI/Wallet
ORD202666,CUST00096,2023-07-24,3526.3,North,Credit Card
ORD207439,CUST00402,2023-02-21,1697.23,West,Debit Card
ORD210058,CUST00730,2023-12-14,2429.81,Central,UPI/Wallet
ORD210730,CUST00880,2023-11-20,467.06,East,UPI/Wallet
ORD205255,CUST00239,2024-05-02,4718.99,North,Net Banking
ORD201595,CUST00057,2024-06-08,7875.96,South,Credit Card
ORD210581,CUST00826,2023-06-14,1308.18,South,Debit Card
ORD206695,CUST00331,2023-02-15,4079.86,West,Debit Card
ORD205808,CUST00273,2024-10-31,4587.71,East,Debit Card
ORD204487,CUST00188,2023-01-06,2126.37,East,Net Banking
ORD210346,CUST00772,2024-05-13,2237.24,West,Cash on Delivery
ORD209296,CUST00624,2023-07-16,6595.65,North,UPI/Wallet
ORD210827,CUST00914,2023-06-18,1364.49,East,Credit Card
ORD204326,CUST00176,2024-10-27,2163.12,North,Cash on Delivery
ORD210622,CUST00842,2023-03-20,594.71,East,UPI/Wallet
ORD206493,CUST00317,2024-08-18,3145.67,South,UPI/Wallet
ORD211044,CUST00994,2023-07-10,349.53,East,UPI/Wallet
ORD203701,CUST00133,2024-10-28,5694.14,Central,UPI/Wallet
ORD207168,CUST00368,2023-01-04,2524.25,Central,Credit Card
ORD206009,CUST00286,2023-04-29,5160.14,East,Net Banking
ORD201005,CUST00035,2024-07-27,3619.2,North,UPI/Wallet
ORD208885,CUST00572,2023-01-14,3240.42,South,UPI/Wallet
ORD202813,CUST00101,2024-08-13,7364.72,West,Debit Card
ORD205649,CUST00264,2023-05-28,4406.45,East,Cash on Delivery
ORD206999,CUST00349,2024-09-22,3958.62,South,Cash on Delivery
ORD207752,CUST00438,2024-10-21,3809.75,West,UPI/Wallet
ORD209641,CUST00671,2023-09-06,3147.8,South,Debit Card
ORD201292,CUST00046,2023-07-07,6182.25,West,UPI/Wallet
ORD209949,CUST00713,2024-02-16,2094.83,South,Net Banking
ORD203871,CUST00145,2024-09-16,2190.98,North,Debit Card
ORD203128,CUST00112,2024-09-09,8985.71,Central,Credit Card
ORD207193,CUST00370,2024-10-03,1462.91,South,Credit Card
ORD206980,CUST00348,2024-03-05,3554.13,West,Net Banking
ORD205997,CUST00285,2023-12-08,4317.13,South,Cash on Delivery
ORD208449,CUST00521,2023-08-26,2060.13,West,UPI/Wallet
ORD211023,CUST00987,2023-01-28,841.2,East,UPI/Wallet
ORD204833,CUST00212,2023-08-27,3635.77,Central,UPI/Wallet
ORD210659,CUST00854,2024-04-02,507.23,West,Credit Card
ORD208480,CUST00524,2024-04-30,1392.66,South,UPI/Wallet
ORD210430,CUST00785,2023-05-09,2262.26,North,Debit Card
ORD207715,CUST00433,2024-09-19,2125.52,West,UPI/Wallet
ORD207238,CUST00376,2024-02-14,1102.87,South,UPI/Wallet
ORD210644,CUST00850,2023-05-23,913.66,West,UPI/Wallet
ORD210716,CUST00874,2023-02-24,897.18,West,UPI/Wallet
ORD211016,CUST00984,2023-01-29,697.94,West,Credit Card
ORD207870,CUST00454,2024-11-07,1342.2,South,Net Banking
ORD206241,CUST00301,2023-11-19,4377.3,Central,Credit Card
ORD202925,CUST00105,2024-08-12,3828.19,South,Cash on Delivery
ORD202008,CUST00071,2023-05-08,6850.36,South,Cash on Delivery
ORD200620,CUST00022,2024-11-02,8670.41,South,UPI/Wallet
ORD205711,CUST00268,2023-01-21,2611.95,West,UPI/Wallet
ORD207297,CUST00382,2024-06-22,3997.88,West,UPI/Wallet
ORD208358,CUST00510,2024-08-30,1480.45,East,UPI/Wallet
ORD205182,CUST00234,2023-12-25,3756.49,South,UPI/Wallet
ORD201225,CUST00044,2023-01-01,7407.8,East,Debit Card
ORD205887,CUST00277,2024-12-24,3401.4,Central,UPI/Wallet
ORD205560,CUST00257,2024-12-15,1825.21,North,UPI/Wallet
ORD203104,CUST00112,2023-11-28,7376.83,Central,UPI/Wallet
ORD203092,CUST00112,2023-01-29,8420.24,Central,UPI/Wallet
ORD208676,CUST00546,2024-01-15,1163.43,West,Debit Card
ORD203156,CUST00113,2024-07-23,4137.83,Central,Credit Card
ORD206559,CUST00321,2023-08-19,1864.63,West,UPI/Wallet
ORD202119,CUST00074,2024-06-27,6137.07,East,UPI/Wallet
ORD209589,CUST00664,2023-03-20,2488.18,North,Credit Card
ORD204211,CUST00169,2023-11-04,4912.25,North,UPI/Wallet
ORD210697,CUST00869,2023-07-02,2120.14,South,Debit Card
ORD200908,CUST00033,2023-05-18,5258.08,East,Debit Card
ORD207066,CUST00356,2024-10-12,4171.53,North,Debit Card
ORD207115,CUST00362,2024-04-21,3159.75,South,Debit Card
ORD203517,CUST00125,2024-12-05,4698.93,South,Cash on Delivery
ORD208450,CUST00521,2023-12-30,2205.57,West,Net Banking
ORD202575,CUST00093,2023-01-09,7262.23,East,UPI/Wallet
ORD208792,CUST00560,2024-07-27,1474.55,East,Cash on Delivery
ORD206459,CUST00316,2023-05-02,2834.3,West,UPI/Wallet
ORD203244,CUST00116,2023-08-10,3380.12,South,Credit Card
ORD203456,CUST00123,2023-10-03,10705.11,West,Cash on Delivery
ORD203328,CUST00119,2023-07-13,10423.59,West,UPI/Wallet
ORD209062,CUST00594,2023-04-25,1798.36,East,Cash on Delivery
ORD203212,CUST00115,2023-02-18,3213.57,West,UPI/Wallet
ORD209271,CUST00620,2024-03-19,3972.81,North,UPI/Wallet
ORD200280,CUST00010,2024-11-29,6772.88,North,Debit Card
ORD202354,CUST00084,2024-03-02,8381.24,North,Credit Card
ORD204949,CUST00219,2023-05-16,4004.18,South,Credit Card
ORD200304,CUST00011,2024-11-15,6946.79,South,Cash on Delivery
ORD206512,CUST00318,2024-10-20,3600.74,South,Net Banking
ORD208689,CUST00547,2024-12-08,1747.91,Central,Credit Card
ORD200431,CUST00016,2023-02-06,6937.93,East,Debit Card
ORD203797,CUST00140,2024-06-06,4627.8,North,Credit Card
ORD204417,CUST00183,2023-10-16,5038.29,South,UPI/Wallet
ORD207708,CUST00432,2024-11-14,3325.2,East,UPI/Wallet
ORD201058,CUST00037,2024-07-09,3667.04,Central,Cash on Delivery
ORD204975,CUST00220,2024-03-24,4810.48,West,Cash on Delivery
ORD207914,CUST00460,2024-03-20,3491.74,East,Credit Card
ORD206563,CUST00321,2024-02-21,-2075.39,West,Cash on Delivery
ORD207617,CUST00421,2024-12-16,2138.15,West,Debit Card
ORD208418,CUST00517,2023-02-19,2652.05,East,UPI/Wallet
ORD203173,CUST00114,2023-02-13,11274.07,West,Credit Card
ORD203530,CUST00126,2023-10-30,9063.83,East,Credit Card
ORD201951,CUST00068,2024-04-05,9310.92,West,Credit Card
ORD204122,CUST00163,2024-11-01,2016.83,Central,Credit Card
ORD208033,CUST00472,2024-04-13,2208.4,North,Credit Card
ORD203240,CUST00116,2023-05-22,7283.2,South,Debit Card
ORD208630,CUST00541,2023-05-25,3814.21,Central,UPI/Wallet
ORD200126,CUST00005,2023-03-28,10611.18,South,Debit Card
ORD207904,CUST00459,2023-09-29,5081.5,West,Credit Card
ORD204464,CUST00186,2024-02-20,5377.86,West,Debit Card
ORD206642,CUST00326,2024-06-07,1277.5,North,UPI/Wallet
ORD208631,CUST00541,2023-06-17,1994.31,Central,Credit Card
ORD205374,CUST00246,2023-04-27,2030.37,East,Debit Card
ORD203151,CUST00113,2024-01-19,4727.8,Central,UPI/Wallet
ORD205671,CUST00265,2024-10-12,2541.35,North,Cash on Delivery
ORD210036,CUST00726,2024-05-20,1594.86,North,Cash on Delivery
ORD202991,CUST00108,2023-09-03,6709.05,East,Cash on Delivery
ORD206779,CUST00335,2024-11-04,3954.99,East,Credit Card
ORD203399,CUST00121,2024-04-02,4824.46,South,Net Banking
ORD208047,CUST00474,2024-06-05,3063.45,East,Cash on Delivery
ORD208979,CUST00583,2024-05-04,5190.15,Central,UPI/Wallet
ORD200613,CUST00022,2023-11-01,13551.32,South,Cash on Delivery
ORD206173,CUST00296,2024-12-09,4046.53,West,Credit Card
ORD210352,CUST00774,2023-07-17,3645.48,East,UPI/Wallet
ORD205072,CUST00226,2024-07-13,3813.51,West,Debit Card
ORD207562,CUST00415,2024-06-02,2574.88,West,Credit Card
ORD201855,CUST00065,2024-07-17,8883.6,South,Credit Card
ORD208070,CUST00477,2023-01-11,1257.89,Central,Credit Card
ORD205999,CUST00285,2024-01-11,2917.74,South,Credit Card
ORD201172,CUST00041,2024-05-23,4775.85,South,Net Banking
ORD202382,CUST00085,2024-03-23,4672.58,South,Cash on Delivery
ORD204527,CUST00191,2023-01-22,1973.41,West,UPI/Wallet
ORD207268,CUST00380,2023-02-04,4036.7,West,Credit Card
ORD200381,CUST00014,2023-10-23,3947.41,West,UPI/Wallet
ORD202311,CUST00082,2024-08-26,7974.5,West,Cash on Delivery
ORD205772,CUST00271,2024-10-04,3361.91,East,Net Banking
ORD203775,CUST00139,2023-12-05,998.42,Central,UPI/Wallet
ORD203544,CUST00126,2024-08-17,10597.98,East,UPI/Wallet
ORD200641,CUST00023,2024-07-22,2489.8,South,Credit Card
ORD210261,CUST00760,2024-01-10,3642.23,Central,UPI/Wallet
ORD202848,CUST00103,2023-02-11,4553.73,Central,Debit Card
ORD205135,CUST00231,2023-05-13,4608.02,Central,UPI/Wallet
ORD207341,CUST00388,2024-09-28,1412.45,West,Net Banking
ORD202733,CUST00099,2023-04-10,9714.43,East,UPI/Wallet
ORD207523,CUST00411,2024-09-24,2212.73,North,Net Banking
ORD206572,CUST00321,2024-11-26,3240.27,West,Credit Card
ORD210952,CUST00958,2023-05-13,889.23,North,Credit Card
ORD208053,CUST00475,2023-09-28,3264.17,North,Cash on Delivery
ORD201325,CUST00047,2023-02-28,6168.8,South,Credit Card
ORD209225,CUST00615,2023-04-20,2303.27,Central,Credit Card
ORD208764,CUST00557,2023-03-09,3456.92,North,UPI/Wallet
ORD201362,CUST00048,2024-03-20,6021.29,South,UPI/Wallet
ORD202558,CUST00092,2024-01-26,8840.6,South,UPI/Wallet
ORD200861,CUST00030,2024-10-03,10180.58,North,Net Banking
ORD209529,CUST00656,2024-02-23,3423.07,East,Cash on Delivery
ORD204586,CUST00196,2023-01-15,6631.3,Central,Debit Card
ORD204091,CUST00161,2024-02-28,2726.66,South,Cash on Delivery
ORD207662,CUST00426,2024-08-02,2468.63,South,UPI/Wallet
ORD202517,CUST00091,2023-10-05,3981.63,East,Net Banking
ORD207035,CUST00353,2023-11-18,3212.79,North,Cash on Delivery
ORD208670,CUST00545,2024-10-04,2302.54,North,Cash on Delivery
ORD204642,CUST00199,2024-12-06,1814.51,East,Credit Card
ORD204839,CUST00212,2024-03-17,2743.18,Central,Credit Card
ORD201848,CUST00065,2024-03-17,9472.54,South,Cash on Delivery
ORD206118,CUST00293,2024-04-02,1685.84,North,Cash on Delivery
ORD200823,CUST00029,2024-06-10,3901.5,North,UPI/Wallet
ORD207017,CUST00351,2024-04-30,1451.76,Central,Debit Card
ORD210031,CUST00726,2023-07-29,1612.61,North,UPI/Wallet
ORD203663,CUST00131,2023-09-27,2709.58,South,Net Banking
ORD206378,CUST00310,2023-05-07,3861.18,West,UPI/Wallet
ORD205014,CUST00223,2023-09-29,2525.4,West,Net Banking
ORD207058,CUST00355,2024-12-08,2588.93,North,Net Banking
ORD208523,CUST00528,2024-12-05,2255.35,West,Credit Card
ORD200369,CUST00013,2024-12-20,4843.32,North,Net Banking
ORD209144,CUST00605,2024-03-07,1365.1,West,UPI/Wallet
ORD201896,CUST00066,2024-10-21,7474.89,West,UPI/Wallet
ORD203648,CUST00130,2023-10-15,9792.87,South,Debit Card
ORD200151,CUST00006,2023-04-27,8577.12,North,Cash on Delivery
ORD200407,CUST00015,2023-10-27,7390.35,Central,UPI/Wallet
ORD201080,CUST00038,2023-06-19,4778.44,West,Debit Card
ORD206653,CUST00327,2023-12-25,-3678.12,East,Credit Card
ORD201851,CUST00065,2024-06-17,5532.08,South,
ORD208859,CUST00568,2024-08-17,3754.22,North,Credit Card
ORD205951,CUST00282,2023-10-30,1231.99,North,Credit Card
ORD210651,CUST00852,2023-10-13,1885.19,East,Credit Card
ORD205688,CUST00267,2023-02-21,3409.48,Central,Credit Card
ORD206887,CUST00342,2024-06-28,3840.61,East,Credit Card
ORD202277,CUST00081,2024-04-04,5498.18,West,UPI/Wallet
ORD202140,CUST00075,2024-01-23,4991.3,South,UPI/Wallet
ORD202445,CUST00088,2024-03-14,7961.49,North,Cash on Delivery
ORD210705,CUST00871,2023-03-01,671.59,East,Net Banking
ORD201582,CUST00057,2023-12-19,6546.84,South,Cash on Delivery
ORD201407,CUST00050,2023-09-08,7529.93,North,Credit Card
ORD209415,CUST00640,2024-05-13,4051.9,North,Net Banking
ORD201119,CUST00039,2024-04-26,-13185.72,East,Credit Card
ORD206191,CUST00297,2024-11-05,4583.63,East,UPI/Wallet
ORD201113,CUST00039,2023-10-27,8375.53,East,Debit Card
ORD205795,CUST00273,2023-05-10,5831.53,East,Debit Card
ORD202770,CUST00099,2024-12-28,5537.21,East,UPI/Wallet
ORD202199,CUST00078,2023-09-15,4629.56,South,Net Banking
ORD209426,CUST00641,2024-02-09,3788.82,East,Debit Card
ORD200158,CUST00006,2023-08-19,6950.22,North,UPI/Wallet
ORD205097,CUST00228,2024-03-30,1516.11,West,Cash on Delivery
ORD210849,CUST00922,2023-05-21,1610.48,Central,Debit Card
ORD200716,CUST00026,2023-08-14,3393.78,East,Cash on Delivery
ORD210555,CUST00818,2023-01-01,1162.67,West,Credit Card
ORD201550,CUST00056,2023-02-04,4934.77,West,Credit Card
ORD202511,CUST00091,2023-05-10,2687.29,East,Cash on Delivery
ORD201413,CUST00050,2024-04-10,8186.11,North,Credit Card
ORD201349,CUST00048,2023-04-02,6785.41,South,UPI/Wallet
ORD206986,CUST00349,2023-02-24,2018.8,South,Cash on Delivery
ORD203967,CUST00153,2024-02-22,2543.28,West,UPI/Wallet
ORD204547,CUST00192,2023-11-03,5033.01,East,UPI/Wallet
ORD201378,CUST00049,2023-03-01,9399.92,South,Debit Card
ORD208674,CUST00546,2023-10-31,2275.18,West,Net Banking
ORD204430,CUST00184,2024-07-13,1968.97,South,Credit Card
ORD200976,CUST00034,2024-09-28,8092.2,East,Net Banking
ORD207504,CUST00409,2024-03-07,1397.56,East,Debit Card
ORD200108,CUST00004,2024-03-06,7908.32,West,Credit Card
ORD204173,CUST00167,2023-07-14,3451.39,Central,Cash on Delivery
ORD202491,CUST00090,2023-09-11,6221.17,Central,Debit Card
ORD205721,CUST00268,2024-03-20,4337.96,West,UPI/Wallet
ORD203126,CUST00112,2024-08-09,10195.74,Central,Debit Card
ORD205541,CUST00256,2024-10-11,4435.9,North,Net Banking
ORD209639,CUST00671,2023-04-03,962.47,South,Cash on Delivery
ORD209118,CUST00602,2023-06-08,1036.85,Central,UPI/Wallet
ORD210436,CUST00786,2023-03-08,2674.79,Central,Cash on Delivery
ORD201124,CUST00039,2024-08-28,9610.95,East,UPI/Wallet
ORD210913,CUST00946,2024-02-15,1019.14,Central,Credit Card
ORD204577,CUST00195,2023-07-19,2100.13,West,UPI/Wallet
ORD201076,CUST00038,2023-04-30,3587.55,West,Credit Card
ORD210557,CUST00819,2023-02-21,1715.36,North,Credit Card
ORD204254,CUST00172,2024-02-17,4688.01,Central,Debit Card
ORD206803,CUST00337,2024-10-11,3081.59,East,UPI/Wallet
ORD206637,CUST00326,2023-09-30,3437.97,North,Credit Card
ORD207104,CUST00361,2023-08-12,1387.61,North,Credit Card
ORD210215,CUST00754,2024-05-09,2921.68,South,Debit Card
ORD203182,CUST00114,2023-07-03,8436.13,West,UPI/Wallet
ORD210135,CUST00740,2023-12-30,3283.51,West,Debit Card
ORD202143,CUST00075,2024-06-29,5950.29,South,Debit Card
ORD205750,CUST00270,2023-04-18,3096.87,Central,Credit Card
ORD200165,CUST00006,2024-02-10,7593.31,North,Credit Card
ORD201861,CUST00065,2024-10-06,8248.56,South,Credit Card
ORD201663,CUST00059,2024-07-12,5812.96,South,Debit Card
ORD200896,CUST00032,2024-08-04,6564.99,North,Credit Card
ORD202233,CUST00079,2024-04-22,3100.9,Central,UPI/Wallet
ORD210223,CUST00755,2024-05-03,3574.8,West,UPI/Wallet
ORD203076,CUST00111,2023-07-28,9340.14,South,UPI/Wallet
ORD202428,CUST00087,2024-09-04,8273.52,North,Debit Card
ORD208798,CUST00561,2024-01-08,3329.51,East,Net Banking
ORD206733,CUST00333,2023-08-19,2875.23,East,UPI/Wallet
ORD207604,CUST00420,2024-03-18,1211.47,North,Credit Card
ORD205284,CUST00240,2024-11-24,5620.84,West,Cash on Delivery
ORD209208,CUST00612,2023-06-09,1804.2,North,Credit Card
ORD210722,CUST00876,2024-05-16,1202.13,North,Net Banking
ORD207111,CUST00362,2023-07-21,2466.18,South,Debit Card
ORD208918,CUST00576,2023-11-11,2496.18,Central,UPI/Wallet
ORD204024,CUST00157,2023-01-17,2376.77,West,Cash on Delivery
ORD202167,CUST00076,2024-08-05,5345.03,South,Cash on Delivery
ORD200505,CUST00018,2023-08-23,6279.34,East,UPI/Wallet
ORD206162,CUST00296,2023-03-16,2914.58,West,Debit Card
ORD201887,CUST00066,2024-07-08,5155.45,West,Debit Card
ORD205337,CUST00244,2023-10-06,-5197.5,West,Debit Card
ORD207799,CUST00445,2024-06-28,1289.12,South,UPI/Wallet
ORD203753,CUST00137,2023-06-26,2032.26,West,UPI/Wallet
ORD208522,CUST00528,2024-11-23,2647.88,West,Credit Card
ORD208334,CUST00508,2024-06-29,2354.98,Central,Cash on Delivery
ORD201381,CUST00049,2023-04-06,6154.62,South,Credit Card
ORD209190,CUST00610,2024-04-01,2500.2,South,Cash on Delivery
ORD205471,CUST00252,2024-01-23,2882.76,South,Cash on Delivery
ORD207303,CUST00383,2024-06-07,1713.7,North,Credit Card
ORD202244,CUST00080,2023-07-01,5993.37,North,Debit Card
ORD205862,CUST00276,2023-10-14,2927.26,Central,Cash on Delivery
ORD210239,CUST00758,2023-11-01,2521.91,East,Debit Card
ORD200419,CUST00015,2024-07-08,8954.9,Central,Debit Card
ORD203149,CUST00113,2023-10-22,3393.11,Central,UPI/Wallet
ORD201060,CUST00037,2024-08-12,4041.77,Central,Credit Card
ORD206402,CUST00312,2023-06-11,2262.16,West,UPI/Wallet
ORD210632,CUST00846,2024-01-04,1488.91,West,UPI/Wallet
ORD205376,CUST00246,2023-07-20,2855.67,East,Debit Card
ORD203970,CUST00153,2024-04-15,3456.24,West,UPI/Wallet
ORD200675,CUST00025,2023-03-04,7303.83,North,UPI/Wallet
ORD205276,CUST00240,2024-05-07,2776.52,West,Cash on Delivery
ORD206545,CUST00320,2024-11-13,4445.36,West,UPI/Wallet
ORD203311,CUST00118,2023-12-06,8522.02,West,Debit Card
ORD201444,CUST00052,2023-02-09,2189.56,South,Debit Card
ORD201343,CUST00047,2024-09-30,4701.85,South,Cash on Delivery
ORD206299,CUST00304,2024-04-09,4868.55,South,Cash on Delivery
ORD207302,CUST00383,2023-10-12,3239.5,North,Net Banking
ORD210083,CUST00734,2024-04-18,3587.72,West,
ORD206072,CUST00291,2023-03-20,-3828.17,North,Debit Card
ORD209718,CUST00682,2023-12-19,2814.46,North,Cash on Delivery
ORD208370,CUST00512,2023-06-04,495.65,South,UPI/Wallet
ORD202738,CUST00099,2023-07-04,9319.74,East,UPI/Wallet
ORD205183,CUST00234,2024-01-05,3123.71,South,Credit Card
ORD203685,CUST00133,2023-03-18,5777.76,Central,Debit Card
ORD205252,CUST00239,2023-10-25,2162.18,North,Credit Card
ORD206320,CUST00306,2023-09-10,2193.78,West,Credit Card
ORD202128,CUST00075,2023-03-23,4930.32,South,Credit Card
ORD204823,CUST00211,2024-06-06,2504.33,West,Credit Card
ORD207176,CUST00368,2024-11-06,1836.83,Central,Debit Card
ORD200222,CUST00008,2023-12-01,4823.42,West,Net Banking
ORD210932,CUST00952,2023-11-10,1051.11,East,Credit Card
ORD200568,CUST00020,2024-06-30,3148.47,South,Credit Card
ORD208923,CUST00576,2024-11-06,2582.43,Central,Net Banking
ORD205704,CUST00267,2024-05-26,4212.6,Central,UPI/Wallet
ORD203567,CUST00127,2024-05-17,7843.76,Central,Debit Card
ORD204927,CUST00217,2024-11-21,2615.4,Central,Debit Card
ORD203304,CUST00118,2023-08-25,5941.18,West,Credit Card
ORD208427,CUST00518,2023-10-01,2589.68,South,Credit Card
ORD204209,CUST00169,2023-08-21,4820.83,North,Debit Card
ORD209827,CUST00697,2023-12-30,3814.53,North,Net Banking
ORD204138,CUST00164,2024-10-31,3434.17,East,Debit Card
ORD202615,CUST00094,2023-11-14,2482.46,Central,Credit Card
ORD205358,CUST00245,2023-12-31,1982.95,West,UPI/Wallet
ORD206184,CUST00297,2024-03-29,3197.63,East,Debit Card
ORD207742,CUST00437,2023-08-05,743.34,Central,Credit Card
ORD202137,CUST00075,2023-10-03,4661.93,South,Debit Card
ORD204902,CUST00216,2023-02-16,2083.5,South,Cash on Delivery
ORD209038,CUST00591,2024-05-28,1436.73,Central,Cash on Delivery
ORD207850,CUST00452,2024-06-18,2239.67,Central,UPI/Wallet
ORD208968,CUST00582,2023-10-18,4449.79,East,UPI/Wallet
ORD209862,CUST00701,2024-04-08,1899.49,South,Debit Card
ORD204449,CUST00185,2024-09-01,3718.46,North,Debit Card
ORD202833,CUST00102,2024-03-01,6279.76,Central,UPI/Wallet
ORD204785,CUST00208,2024-04-13,3084.28,South,Debit Card
ORD210538,CUST00812,2023-12-19,1095.52,East,UPI/Wallet
ORD209245,CUST00617,2023-04-12,4373.01,East,Credit Card
ORD205189,CUST00234,2024-11-06,3783.07,South,Debit Card
ORD208374,CUST00512,2024-04-21,1869.83,South,Debit Card
ORD207156,CUST00366,2023-11-15,1015.29,North,Credit Card
ORD201586,CUST00057,2024-03-17,7731.24,South,Cash on Delivery
ORD206298,CUST00304,2023-11-30,5651.9,South,Cash on Delivery
ORD202269,CUST00081,2023-05-27,4090.25,West,Cash on Delivery
ORD201332,CUST00047,2023-08-12,4238.35,South,Debit Card
ORD209475,CUST00648,2023-07-21,5138.38,East,Cash on Delivery
ORD205231,CUST00238,2023-08-20,2714.81,Central,Net Banking
ORD204045,CUST00158,2024-01-01,3751.44,North,Cash on Delivery
ORD207489,CUST00407,2024-04-15,2633.12,West,UPI/Wallet
ORD209274,CUST00620,2024-06-24,5614.31,North,Debit Card
ORD204271,CUST00173,2023-08-17,4354.5,South,Net Banking
ORD204425,CUST00184,2023-02-12,3539.54,South,Debit Card
ORD209816,CUST00696,2023-04-25,1266.01,North,Credit Card
ORD210431,CUST00785,2023-06-17,1670.63,North,UPI/Wallet
ORD205660,CUST00264,2024-05-26,5268.05,East,Credit Card
ORD208777,CUST00559,2023-03-13,3314.77,North,Credit Card
ORD201695,CUST00061,2023-06-03,4331.24,South,Net Banking
ORD207971,CUST00466,2023-05-01,4313.57,West,Net Banking
ORD209658,CUST00673,2023-11-10,-2704.44,South,UPI/Wallet
ORD207013,CUST00351,2023-01-06,2129.85,Central,Cash on Delivery
ORD206098,CUST00292,2024-06-28,3378.35,South,Credit Card
ORD207427,CUST00400,2024-09-24,2338.02,West,Credit Card
ORD201471,CUST00053,2023-04-16,5921.02,Central,UPI/Wallet
ORD210067,CUST00732,2023-01-05,2544.1,South,Cash on Delivery
ORD200193,CUST00007,2023-07-20,6817.89,East,Credit Card
ORD208766,CUST00557,2023-11-01,3428.79,North,Credit Card
ORD206533,CUST00319,2024-11-02,3533.28,South,UPI/Wallet
ORD206740,CUST00333,2024-03-27,4633.01,East,UPI/Wallet
ORD202211,CUST00078,2024-05-28,5327.25,South,Credit Card
ORD200270,CUST00010,2023-11-21,7438.47,North,UPI/Wallet
ORD202145,CUST00075,2024-09-09,4506.42,South,UPI/Wallet
ORD201082,CUST00038,2023-09-21,4838.51,West,Credit Card
ORD205962,CUST00283,2024-03-27,5188.82,West,UPI/Wallet
ORD208155,CUST00487,2023-11-21,3870.97,South,Credit Card
ORD205907,CUST00279,2023-10-14,4059.71,West,Cash on Delivery
ORD208703,CUST00549,2023-09-03,4095.66,South,Debit Card
ORD205908,CUST00279,2024-02-15,3554.32,West,Cash on Delivery
ORD200006,CUST00001,2023-05-31,3780.44,North,Credit Card
ORD206612,CUST00324,2024-05-05,2691.05,West,Debit Card
ORD207299,CUST00383,2023-01-30,3428.62,North,Credit Card
ORD210432,CUST00785,2024-03-11,2216.82,North,Credit Card
ORD207978,CUST00466,2024-01-18,1775.68,West,Debit Card
ORD209025,CUST00590,2023-02-04,2370.44,North,Cash on Delivery
ORD206922,CUST00344,2024-01-01,5091.84,East,UPI/Wallet
ORD202608,CUST00094,2023-07-10,3090.66,Central,Debit Card
ORD201025,CUST00036,2024-06-17,4111.39,East,Cash on Delivery
ORD207557,CUST00414,2024-11-30,2500.14,South,Credit Card
ORD202283,CUST00082,2023-01-10,10351.17,West,Credit Card
ORD205969,CUST00284,2023-02-19,3732.7,South,Credit Card
ORD204542,CUST00191,2024-10-28,1604.1,West,Net Banking
ORD210397,CUST00781,2023-07-22,2295.75,Central,UPI/Wallet
ORD206307,CUST00305,2023-11-28,2730.15,North,Debit Card
ORD201045,CUST00037,2023-08-17,-3413.16,Central,UPI/Wallet
ORD206990,CUST00349,2023-05-19,1848.16,South,Debit Card
ORD204801,CUST00210,2023-03-26,6238.13,Central,Credit Card
ORD209922,CUST00710,2023-11-05,845.75,North,Credit Card
ORD206245,CUST00301,2024-01-04,5051.8,Central,Credit Card
ORD203187,CUST00114,2023-10-04,11212.35,West,UPI/Wallet
ORD204762,CUST00207,2023-08-15,2850.43,East,UPI/Wallet
ORD210528,CUST00809,2023-07-21,383.02,South,Cash on Delivery
ORD210474,CUST00792,2023-09-29,1291.64,West,Credit Card
ORD209136,CUST00604,2023-08-15,1760.08,North,Debit Card
ORD209020,CUST00589,2024-03-26,1261.13,West,UPI/Wallet
ORD203560,CUST00127,2023-10-11,6901.79,Central,Debit Card
ORD209634,CUST00670,2023-06-20,3631.56,East,Cash on Delivery
ORD207135,CUST00364,2023-10-03,1787.08,North,UPI/Wallet
ORD208154,CUST00487,2023-10-04,3284.53,South,UPI/Wallet
ORD210052,CUST00729,2024-02-19,2956.03,South,Credit Card
ORD208494,CUST00526,2024-03-09,-2575.94,West,Credit Card
ORD210869,CUST00928,2024-02-29,497.61,North,Credit Card
ORD200072,CUST00003,2023-01-28,5552.71,North,Net Banking
ORD201029,CUST00036,2024-11-07,3514.55,East,UPI/Wallet
ORD209412,CUST00640,2024-01-30,3855.75,North,Net Banking
ORD202480,CUST00090,2023-01-16,6393.57,Central,UPI/Wallet
ORD207044,CUST00354,2023-05-27,1991.5,Central,Cash on Delivery
ORD210402,CUST00781,2024-04-02,2453.88,Central,Debit Card
ORD208468,CUST00523,2023-03-17,2592.74,East,UPI/Wallet
ORD205628,CUST00262,2024-07-02,1787.5,East,Debit Card
ORD207118,CUST00362,2024-07-25,1840.85,South,Cash on Delivery
ORD208691,CUST00548,2023-03-24,1062.77,West,UPI/Wallet
ORD201721,CUST00062,2023-03-25,8523.29,West,UPI/Wallet
ORD210348,CUST00773,2023-12-27,-3127.17,Central,Debit Card
ORD201067,CUST00037,2024-11-07,3345.29,Central,UPI/Wallet
ORD201818,CUST00064,2024-12-17,4208.4,Central,Debit Card
ORD202728,CUST00099,2023-01-25,11286.51,East,UPI/Wallet
ORD210259,CUST00760,2023-09-28,2113.61,Central,Cash on Delivery
ORD210703,CUST00870,2023-06-03,1242.23,South,Cash on Delivery
ORD204455,CUST00186,2023-05-26,4700.61,West,Debit Card
ORD205096,CUST00228,2023-09-14,2543.71,West,Credit Card
ORD209066,CUST00594,2024-04-30,763.46,East,Credit Card
ORD201577,CUST00057,2023-09-01,8411.81,South,Credit Card
ORD210828,CUST00914,2024-04-06,1243.05,East,Debit Card
ORD203381,CUST00120,2024-12-02,4585.61,Central,UPI/Wallet
ORD200115,CUST00004,2024-09-07,10912.49,West,Debit Card
ORD207677,CUST00428,2024-02-14,2520.45,North,Credit Card
ORD209562,CUST00660,2024-04-17,2003.67,Central,Cash on Delivery
ORD208103,CUST00481,2023-10-05,1990.51,West,Debit Card
ORD208686,CUST00547,2023-10-25,1261.75,Central,Credit Card
ORD207930,CUST00461,2024-12-06,3600.07,West,Net Banking
ORD206372,CUST00309,2024-09-04,1808.68,West,Debit Card
ORD205245,CUST00238,2024-10-26,2945.35,Central,UPI/Wallet
ORD202034,CUST00072,2023-11-02,8419.37,Central,Credit Card
ORD210614,CUST00839,2023-06-28,451.89,Central,UPI/Wallet
ORD203878,CUST00146,2023-07-21,2565.99,East,Debit Card
ORD203624,CUST00129,2024-07-11,5402.75,Central,Cash on Delivery
ORD206715,CUST00331,2024-11-25,4615.87,West,Debit Card
ORD202567,CUST00092,2024-08-07,5274.64,South,Debit Card
ORD208165,CUST00488,2023-12-23,-2554.41,East,
ORD208588,CUST00537,2023-01-21,1902.58,East,Credit Card
ORD200278,CUST00010,2024-09-11,5406.86,North,UPI/Wallet
ORD205614,CUST00261,2024-05-01,3184.72,South,Debit Card
ORD201589,CUST00057,2024-04-21,7332.49,South,UPI/Wallet
ORD203251,CUST00116,2024-03-12,5642.69,South,UPI/Wallet
ORD202219,CUST00078,2024-11-23,4028.43,South,UPI/Wallet
ORD203333,CUST00119,2023-12-31,6262.35,West,Credit Card
ORD201860,CUST00065,2024-09-24,-8676.8,South,Cash on Delivery
ORD206830,CUST00339,2024-06-04,2336.7,North,Credit Card
ORD200712,CUST00026,2023-05-17,4347.6,East,Net Banking
ORD208082,CUST00478,2024-07-08,2158.4,West,UPI/Wallet
ORD204197,CUST00168,2024-03-03,2522.96,West,UPI/Wallet
ORD203482,CUST00124,2024-01-01,9530.21,East,Net Banking
ORD206953,CUST00346,2023-12-25,4358.98,East,Cash on Delivery
ORD202658,CUST00095,2024-11-15,9081.74,East,Credit Card
ORD209649,CUST00672,2023-12-15,3542.31,South,Credit Card
ORD209395,CUST00638,2023-09-20,4614.2,West,Debit Card
ORD203702,CUST00133,2024-11-20,5209.4,Central,Credit Card
ORD209913,CUST00708,2024-01-02,1318.47,East,Credit Card
ORD207845,CUST00452,2023-07-19,2273.47,Central,Credit Card
ORD201437,CUST00051,2024-03-08,4591.79,East,Debit Card
ORD201609,CUST00058,2023-02-18,4469.76,South,Credit Card
ORD200564,CUST00020,2024-01-26,5121.2,South,Cash on Delivery
ORD206257,CUST00302,2023-01-07,3559.51,South,Cash on Delivery
ORD209543,CUST00658,2024-06-10,2312.48,East,Debit Card
ORD201311,CUST00046,2024-05-27,7240.78,West,Cash on Delivery
ORD209515,CUST00654,2023-12-06,1913.54,South,Credit Card
ORD208267,CUST00500,2023-10-15,2241.88,East,Credit Card
ORD200170,CUST00006,2024-05-13,8428.54,North,UPI/Wallet
ORD206864,CUST00341,2024-04-08,1035.95,East,UPI/Wallet
ORD207159,CUST00366,2024-09-18,1459.76,North,Credit Card
ORD206626,CUST00325,2024-05-13,4101.21,West,Credit Card
ORD201790,CUST00064,2023-03-07,6542.87,Central,Cash on Delivery
ORD204027,CUST00157,2023-02-08,2385.46,West,Credit Card
ORD200211,CUST00007,2024-12-17,8369.21,East,Credit Card
ORD203349,CUST00120,2023-04-06,1929.67,Central,UPI/Wallet
ORD200320,CUST00012,2023-08-21,5293.03,West,UPI/Wallet
ORD205775,CUST00272,2023-03-28,2321.44,Central,UPI/Wallet
ORD204984,CUST00221,2023-04-26,2181.93,South,Credit Card
ORD204493,CUST00188,2023-08-03,4936.09,East,Debit Card
ORD205837,CUST00275,2023-03-30,3258.47,East,Credit Card
ORD200715,CUST00026,2023-08-10,7518.82,East,UPI/Wallet
ORD202891,CUST00104,2023-07-26,7171.39,East,Debit Card
ORD206450,CUST00315,2023-11-12,3520.94,West,UPI/Wallet
ORD208218,CUST00494,2024-05-22,1450.67,North,UPI/Wallet
ORD205033,CUST00224,2023-07-13,3089.9,West,Credit Card
ORD202682,CUST00096,2024-12-14,2638.95,North,Net Banking
ORD205870,CUST00276,2024-07-19,2872.57,Central,UPI/Wallet
ORD203048,CUST00110,2023-09-03,9647.66,West,Debit Card
ORD210065,CUST00731,2024-03-29,2919.15,East,Credit Card
ORD203272,CUST00117,2023-09-20,5669.44,South,Credit Card
ORD209780,CUST00690,2023-11-27,2873.65,Central,Cash on Delivery
ORD205858,CUST00276,2023-08-19,4323.27,Central,UPI/Wallet
ORD205074,CUST00226,2024-11-21,4610.88,West,UPI/Wallet
ORD209303,CUST00625,2023-08-21,2277.25,South,Cash on Delivery
ORD203114,CUST00112,2024-03-22,7349.17,Central,Credit Card
ORD201898,CUST00066,2024-12-20,5640.68,West,Cash on Delivery
ORD207515,CUST00411,2023-02-24,2561.69,North,UPI/Wallet
ORD202620,CUST00094,2024-03-22,2447.3,Central,Cash on Delivery
ORD207015,CUST00351,2023-09-08,1250.88,Central,Net Banking
ORD201130,CUST00040,2023-03-30,6505.42,South,Credit Card
ORD204186,CUST00167,2024-10-31,2786.81,Central,UPI/Wallet
ORD206786,CUST00336,2023-10-09,3187.62,Central,Cash on Delivery
ORD207659,CUST00426,2023-11-20,2815.44,South,Debit Card
ORD207576,CUST00417,2023-05-29,1800.32,East,Cash on Delivery
ORD208539,CUST00530,2024-10-02,2651.88,North,UPI/Wallet
ORD201793,CUST00064,2023-04-13,3796.57,Central,UPI/Wallet
ORD200649,CUST00024,2023-04-26,5767.79,North,Credit Card
ORD202603,CUST00094,2023-02-06,4194.16,Central,UPI/Wallet
ORD205699,CUST00267,2024-01-01,3073.47,Central,Debit Card
ORD203561,CUST00127,2023-10-22,6145.47,Central,Credit Card
ORD208199,CUST00492,2023-09-28,1019.92,Central,Cash on Delivery
ORD209750,CUST00686,2023-02-01,4355.65,North,Cash on Delivery
ORD201186,CUST00042,2023-02-09,4908.96,South,Credit Card
ORD207432,CUST00401,2023-07-14,2065.78,West,Cash on Delivery
ORD204741,CUST00206,2023-06-16,3177.18,West,Cash on Delivery
ORD203006,CUST00108,2024-06-24,7842.28,East,Cash on Delivery
ORD200660,CUST00024,2023-12-09,11031.82,North,Debit Card
ORD201665,CUST00059,2024-08-12,4355.74,South,UPI/Wallet
ORD206649,CUST00327,2023-07-15,2680.32,East,Debit Card
ORD201749,CUST00062,2024-12-29,7787.59,West,Debit Card
ORD206020,CUST00286,2024-11-28,4988.44,East,Debit Card
ORD202982,CUST00108,2023-01-07,7872.63,East,Debit Card
ORD205762,CUST00271,2023-04-28,3560.75,East,Debit Card
ORD204460,CUST00186,2023-09-30,5434.67,West,Debit Card
ORD206249,CUST00301,2024-04-08,2843.13,Central,Credit Card
ORD210095,CUST00736,2023-03-03,2705.45,East,Debit Card
ORD207567,CUST00415,2024-12-18,1395.02,West,Cash on Delivery
ORD202715,CUST00098,2023-10-04,4650.08,South,Net Banking
ORD210886,CUST00935,2023-02-11,969.91,East,UPI/Wallet
ORD207987,CUST00467,2024-10-06,1317.94,Central,UPI/Wallet
ORD208687,CUST00547,2024-05-23,1401.83,Central,Debit Card
ORD207213,CUST00373,2024-02-02,4021.26,South,Net Banking
ORD201298,CUST00046,2024-01-07,8555.3,West,Credit Card
ORD200203,CUST00007,2024-01-25,9258.05,East,Cash on Delivery
ORD205528,CUST00256,2023-06-06,3499.91,North,Credit Card
ORD205960,CUST00283,2023-12-07,4897.77,West,UPI/Wallet
ORD200361,CUST00013,2024-05-27,4185.23,North,Debit Card
ORD209466,CUST00647,2023-05-26,2873.91,North,Credit Card
ORD203849,CUST00144,2023-05-15,2450.94,North,Credit Card
ORD209447,CUST00644,2023-12-07,1846.28,North,Debit Card
ORD204257,CUST00172,2024-05-08,2815.59,Central,Net Banking
ORD206408,CUST00312,2024-02-22,2442.09,West,Cash on Delivery
ORD200152,CUST00006,2023-04-29,10275.47,North,UPI/Wallet
ORD206699,CUST00331,2023-05-31,3975.09,West,Debit Card
ORD207080,CUST00358,2023-01-22,2088.99,North,Cash on Delivery
ORD209877,CUST00703,2024-02-18,2461.03,West,UPI/Wallet
ORD207740,CUST00436,2024-10-28,1676.64,Central,UPI/Wallet
ORD204208,CUST00169,2023-04-27,7609.32,North,UPI/Wallet
ORD205243,CUST00238,2024-07-11,-2501.91,Central,Debit Card
ORD205979,CUST00284,2023-12-03,6502.75,South,Debit Card
ORD205106,CUST00229,2023-09-17,3510.0,North,UPI/Wallet
ORD205398,CUST00247,2024-04-30,3113.85,Central,Credit Card
ORD208226,CUST00495,2023-12-30,1247.07,Central,Credit Card
ORD210048,CUST00729,2023-01-24,1707.53,South,Cash on Delivery
ORD202336,CUST00083,2024-08-20,3450.21,South,UPI/Wallet
ORD208167,CUST00488,2024-06-28,1581.91,East,Debit Card
ORD204752,CUST00206,2024-07-08,2402.52,West,Credit Card
ORD208948,CUST00580,2023-02-27,1635.88,South,Credit Card
ORD200496,CUST00018,2023-03-08,10565.05,East,Net Banking
ORD202449,CUST00088,2024-04-28,5127.5,North,Debit Card
ORD201590,CUST00057,2024-04-25,8141.52,South,UPI/Wallet
ORD205643,CUST00263,2024-07-27,3268.72,West,Debit Card
ORD201658,CUST00059,2023-09-28,4997.73,South,Credit Card
ORD211034,CUST00990,2024-05-01,1817.77,Central,Cash on Delivery
ORD206269,CUST00302,2024-05-01,3654.22,South,UPI/Wallet
ORD203994,CUST00154,2024-12-07,3942.82,East,Credit Card
ORD205094,CUST00228,2023-06-24,2114.85,West,Debit Card
ORD200466,CUST00017,2023-05-14,2530.64,South,UPI/Wallet
ORD202169,CUST00076,2024-09-10,8648.59,South,Cash on Delivery
ORD200424,CUST00015,2024-09-23,14125.09,Central,Debit Card
ORD200639,CUST00023,2024-06-07,3445.86,South,Credit Card
ORD201782,CUST00063,2024-10-01,8903.24,South,UPI/Wallet
ORD209522,CUST00655,2023-12-17,1498.51,West,UPI/Wallet
ORD204215,CUST00169,2024-01-22,4324.86,North,UPI/Wallet
ORD209146,CUST00605,2024-05-15,3049.24,West,Credit Card
ORD205635,CUST00263,2023-04-28,5979.94,West,Credit Card
ORD210435,CUST00786,2023-03-01,2873.51,Central,Debit Card
ORD207528,CUST00412,2023-10-07,1348.65,North,Credit Card
ORD207435,CUST00401,2024-01-21,3041.94,West,UPI/Wallet
ORD205313,CUST00242,2023-12-28,4016.16,East,Credit Card
ORD208806,CUST00562,2024-05-28,3856.69,Central,Cash on Delivery
ORD204929,CUST00218,2023-02-10,1323.9,Central,UPI/Wallet
ORD206611,CUST00324,2024-04-05,4547.64,West,Debit Card
ORD204596,CUST00196,2024-07-14,2839.95,Central,UPI/Wallet
ORD203602,CUST00129,2023-04-24,4741.54,Central,Debit Card
ORD210737,CUST00882,2023-11-03,508.13,Central,UPI/Wallet
ORD205027,CUST00224,2023-03-31,3080.05,West,Credit Card
ORD208049,CUST00474,2024-08-17,2234.54,East,UPI/Wallet
ORD200043,CUST00002,2023-04-10,3156.45,East,Credit Card
ORD202892,CUST00104,2023-08-03,6808.57,East,UPI/Wallet
ORD200635,CUST00023,2024-04-12,5168.51,South,UPI/Wallet
ORD204147,CUST00165,2024-01-03,3981.94,Central,UPI/Wallet
ORD209773,CUST00689,2024-02-21,3683.99,North,UPI/Wallet
ORD206069,CUST00291,2023-01-16,3525.7,North,Debit Card
ORD203907,CUST00148,2023-06-20,3825.58,North,UPI/Wallet
ORD205895,CUST00278,2024-05-08,2866.51,East,Debit Card
ORD205944,CUST00281,2024-11-02,2493.37,East,Credit Card
ORD208134,CUST00484,2024-10-26,1052.77,North,Debit Card
ORD202969,CUST00107,2023-07-19,6557.94,East,UPI/Wallet
ORD206686,CUST00330,2023-10-23,5421.42,South,Credit Card
ORD205657,CUST00264,2024-03-18,2441.64,East,Credit Card
ORD209888,CUST00704,2024-04-05,4996.24,West,UPI/Wallet
ORD209203,CUST00611,2024-06-15,3298.71,East,Cash on Delivery
ORD210745,CUST00885,2023-09-12,1968.21,South,UPI/Wallet
ORD203430,CUST00122,2023-12-14,4204.04,East,Debit Card
ORD204645,CUST00200,2023-05-12,2301.44,West,Debit Card
ORD203646,CUST00130,2023-09-27,11365.12,South,Cash on Delivery
ORD203273,CUST00117,2023-10-04,4330.95,South,Credit Card
ORD210790,CUST00901,2024-03-28,1561.05,East,UPI/Wallet
ORD201284,CUST00046,2023-01-01,4722.79,West,Credit Card
ORD209405,CUST00639,2024-02-13,3827.49,South,Net Banking
ORD210280,CUST00763,2023-08-04,5773.61,South,Cash on Delivery
ORD205481,CUST00253,2023-07-15,3254.05,East,UPI/Wallet
ORD206256,CUST00301,2024-12-12,5349.02,Central,Debit Card
ORD200268,CUST00010,2023-10-17,5997.25,North,Credit Card
ORD206768,CUST00335,2023-01-01,5900.35,East,Cash on Delivery
ORD201261,CUST00044,2024-10-23,6408.46,East,Credit Card
ORD204044,CUST00158,2023-12-20,4696.1,North,Net Banking
ORD208434,CUST00519,2023-09-27,2827.02,South,Net Banking
ORD201192,CUST00042,2024-01-06,1592.52,South,Credit Card
ORD206606,CUST00324,2023-07-31,2864.08,West,Credit Card
ORD208975,CUST00583,2023-02-22,2897.1,Central,Cash on Delivery
ORD205770,CUST00271,2024-05-07,4737.52,East,Cash on Delivery
ORD208845,CUST00566,2024-12-15,4725.54,West,Credit Card
ORD206053,CUST00289,2024-01-16,1966.88,West,Credit Card
ORD207385,CUST00394,2024-03-30,1215.0,East,Credit Card
ORD201755,CUST00063,2023-06-30,6841.73,South,Debit Card
ORD204089,CUST00161,2023-11-13,2208.41,South,UPI/Wallet
ORD201314,CUST00046,2024-09-18,5720.96,West,UPI/Wallet
ORD210245,CUST00759,2023-09-01,2616.23,West,Credit Card
ORD202256,CUST00080,2024-04-27,2656.33,North,UPI/Wallet
ORD204295,CUST00174,2024-04-18,3375.82,East,Credit Card
ORD208760,CUST00556,2024-02-11,1286.26,East,UPI/Wallet
ORD200166,CUST00006,2024-02-22,4747.24,North,Cash on Delivery
ORD210009,CUST00722,2023-09-06,3058.11,East,Net Banking
ORD207634,CUST00424,2023-02-01,1792.5,West,Cash on Delivery
ORD206911,CUST00343,2024-10-23,1681.33,East,Debit Card
ORD202486,CUST00090,2023-05-30,5591.62,Central,Debit Card
ORD205001,CUST00222,2023-09-16,4826.74,West,UPI/Wallet
ORD205645,CUST00263,2024-09-13,3873.4,West,UPI/Wallet
ORD209856,CUST00700,2024-04-17,3524.89,Central,UPI/Wallet
ORD202474,CUST00089,2024-10-22,6143.39,Central,Cash on Delivery
ORD204683,CUST00202,2024-06-26,2176.6,West,Net Banking
ORD203968,CUST00153,2024-02-24,2681.8,West,Cash on Delivery
ORD201296,CUST00046,2023-12-10,5004.88,West,Credit Card
ORD204246,CUST00172,2023-05-12,4810.11,Central,Cash on Delivery
ORD203266,CUST00117,2023-04-29,6330.77,South,UPI/Wallet
ORD203068,CUST00111,2023-02-26,6553.1,South,UPI/Wallet
ORD203301,CUST00118,2023-07-30,5510.94,West,Credit Card
ORD202387,CUST00085,2024-10-18,3336.38,South,Debit Card
ORD210030,CUST00726,2023-07-01,1919.38,North,Cash on Delivery
ORD207865,CUST00454,2023-12-16,2319.52,South,Net Banking
ORD208099,CUST00480,2024-04-08,3286.65,North,UPI/Wallet
ORD210212,CUST00754,2024-01-03,1641.31,South,Net Banking
ORD202769,CUST00099,2024-12-19,5636.05,East,UPI/Wallet
ORD203614,CUST00129,2023-10-05,3188.06,Central,Net Banking
ORD202840,CUST00102,2024-07-15,8622.79,Central,Credit Card
ORD209329,CUST00629,2023-03-17,1338.47,East,Net Banking
ORD200591,CUST00021,2024-04-14,8981.39,East,UPI/Wallet
ORD204375,CUST00180,2023-01-24,3253.13,East,Credit Card
ORD202124,CUST00074,2024-10-03,8597.93,East,Cash on Delivery
ORD203046,CUST00110,2023-05-13,11336.64,West,Debit Card
ORD201580,CUST00057,2023-11-27,5079.69,South,UPI/Wallet
ORD209299,CUST00624,2023-12-09,4944.07,North,UPI/Wallet
ORD206054,CUST00289,2024-02-13,1722.46,West,Credit Card
ORD205216,CUST00236,2024-11-10,2743.47,North,Debit Card
ORD200074,CUST00003,2023-03-23,4333.21,North,UPI/Wallet
ORD210262,CUST00760,2024-03-08,3259.39,Central,Debit Card
ORD200205,CUST00007,2024-08-20,8196.57,East,UPI/Wallet
ORD211031,CUST00990,2023-06-30,1766.99,Central,Cash on Delivery
ORD208390,CUST00514,2023-09-17,3616.05,East,Net Banking
ORD209468,CUST00647,2023-11-03,2613.35,North,Credit Card
ORD200965,CUST00034,2024-03-03,5571.47,East,Credit Card
ORD211054,CUST00996,2024-03-10,853.57,South,Credit Card
ORD204963,CUST00219,2024-12-18,4363.05,South,Debit Card
ORD206849,CUST00340,2024-04-04,6347.58,South,Debit Card
ORD204240,CUST00171,2024-02-03,4572.34,Central,Credit Card
ORD207918,CUST00460,2024-10-20,2757.46,East,Credit Card
ORD202383,CUST00085,2024-04-27,5579.44,South,Cash on Delivery
ORD205673,CUST00266,2023-01-04,3348.05,Central,UPI/Wallet
ORD201163,CUST00041,2023-11-13,2675.0,South,Debit Card
ORD200472,CUST00017,2023-09-19,4332.53,South,UPI/Wallet
ORD209670,CUST00675,2023-10-15,1792.24,East,UPI/Wallet
ORD210921,CUST00949,2023-05-18,782.35,East,Credit Card
ORD209806,CUST00694,2024-03-19,4303.31,Central,UPI/Wallet
ORD203137,CUST00113,2023-04-05,4396.94,Central,UPI/Wallet
ORD200665,CUST00024,2024-03-25,3637.6,North,Credit Card
ORD205696,CUST00267,2023-10-10,3295.65,Central,Debit Card
ORD209040,CUST00591,2024-12-05,1190.41,Central,Debit Card
ORD208393,CUST00514,2024-03-05,5015.55,East,Credit Card
ORD208538,CUST00530,2024-09-21,2735.77,North,Debit Card
ORD208421,CUST00517,2024-03-27,2128.78,East,Net Banking
ORD203009,CUST00108,2024-08-09,8970.03,East,Cash on Delivery
ORD206345,CUST00307,2024-11-06,4701.68,North,Debit Card
ORD210867,CUST00928,2023-09-16,521.59,North,Cash on Delivery
ORD207513,CUST00410,2024-12-04,2373.57,East,Debit Card
ORD200089,CUST00004,2023-03-15,4021.44,West,Credit Card
ORD200687,CUST00025,2023-09-04,5018.95,North,Net Banking
ORD204021,CUST00156,2024-09-12,2318.78,Central,Debit Card
ORD200645,CUST00023,2024-12-14,4136.75,South,Credit Card
ORD200007,CUST00001,2023-06-28,3781.99,North,Credit Card
ORD202721,CUST00098,2024-09-20,3926.44,South,UPI/Wallet
ORD209906,CUST00707,2023-12-30,976.14,South,UPI/Wallet
ORD208412,CUST00516,2024-03-03,3229.59,Central,Debit Card
ORD210982,CUST00972,2023-06-24,816.31,North,Credit Card
ORD206623,CUST00325,2023-11-13,6010.59,West,Credit Card
ORD208117,CUST00483,2023-10-23,1800.89,South,
ORD207895,CUST00458,2024-03-05,3794.92,Central,Cash on Delivery
ORD203735,CUST00135,2024-11-04,4514.34,Central,UPI/Wallet
ORD200698,CUST00025,2024-06-12,4398.14,North,Cash on Delivery
ORD209481,CUST00649,2023-04-30,5864.44,South,Debit Card
ORD202216,CUST00078,2024-08-28,5070.27,South,UPI/Wallet
ORD210454,CUST00788,2024-04-20,1986.54,North,Cash on Delivery
ORD208981,CUST00583,2024-11-08,3031.39,Central,Cash on Delivery
ORD209128,CUST00603,2023-05-08,1315.41,East,UPI/Wallet
ORD203548,CUST00126,2024-11-15,8173.54,East,Debit Card
ORD206473,CUST00316,2024-08-10,1647.96,West,UPI/Wallet
ORD210606,CUST00836,2023-03-22,1371.1,North,Credit Card
ORD201198,CUST00042,2024-09-20,5542.6,South,Debit Card
ORD205900,CUST00278,2024-09-06,-3888.2,East,Net Banking
ORD205769,CUST00271,2024-02-10,5614.88,East,Debit Card
ORD206775,CUST00335,2024-08-18,5604.03,East,Cash on Delivery
ORD208854,CUST00568,2023-07-02,4149.54,North,Credit Card
ORD204536,CUST00191,2024-03-21,3168.89,West,Debit Card
ORD210855,CUST00924,2023-05-19,1847.75,South,Credit Card
ORD208041,CUST00473,2024-08-06,1468.85,Central,Debit Card
ORD209849,CUST00700,2023-07-31,2840.31,Central,Cash on Delivery
ORD205499,CUST00254,2023-09-01,1742.63,West,Debit Card
ORD206270,CUST00302,2024-06-03,2545.79,South,Credit Card
ORD210043,CUST00728,2023-07-21,2970.84,South,Credit Card
ORD202975,CUST00107,2024-05-20,3459.89,East,Credit Card
ORD208128,CUST00483,2024-10-16,1515.3,South,UPI/Wallet
ORD208951,CUST00580,2023-07-09,1652.67,South,Cash on Delivery
ORD210969,CUST00966,2023-12-04,922.7,East,Credit Card
ORD206519,CUST00319,2023-08-08,4148.13,South,Credit Card
ORD204398,CUST00182,2023-10-08,1276.6,North,
ORD201771,CUST00063,2024-04-03,6747.43,South,Debit Card
ORD202021,CUST00071,2024-09-01,6681.61,South,Credit Card
ORD208097,CUST00480,2023-11-26,2983.16,North,UPI/Wallet
ORD205600,CUST00260,2023-09-01,3182.55,West,Debit Card
ORD208629,CUST00541,2023-04-27,2554.15,Central,Debit Card
ORD203828,CUST00142,2024-07-29,1653.37,North,Cash on Delivery
ORD210210,CUST00754,2023-05-29,1561.21,South,UPI/Wallet
ORD210305,CUST00768,2023-07-21,1703.41,West,
ORD209400,CUST00639,2023-09-10,4231.28,South,Credit Card
ORD203309,CUST00118,2023-10-06,6919.12,West,Debit Card
ORD208893,CUST00572,2024-10-19,3768.25,South,Credit Card
ORD209638,CUST00671,2023-02-13,2020.18,South,Credit Card
ORD209455,CUST00645,2023-10-29,2429.4,South,Cash on Delivery
ORD209512,CUST00654,2023-03-30,1826.37,South,UPI/Wallet
ORD207836,CUST00450,2024-10-21,1638.06,North,Cash on Delivery
ORD208557,CUST00533,2024-10-06,4911.24,East,Net Banking
ORD209870,CUST00702,2024-04-24,1929.37,South,Debit Card
ORD208527,CUST00529,2024-03-21,2514.72,East,Cash on Delivery
ORD209851,CUST00700,2023-10-10,3708.04,Central,Debit Card
ORD203300,CUST00118,2023-07-12,8064.37,West,UPI/Wallet
ORD202701,CUST00097,2024-07-23,9553.97,North,UPI/Wallet
ORD210947,CUST00957,2023-09-07,1982.54,North,
ORD201702,CUST00061,2024-01-13,3195.98,South,Credit Card
ORD203174,CUST00114,2023-02-20,6949.8,West,Credit Card
ORD207217,CUST00374,2023-02-20,2586.17,East,Debit Card
ORD206539,CUST00320,2023-09-24,3271.83,West,Net Banking
ORD203105,CUST00112,2023-12-01,3541.64,Central,Credit Card
ORD201266,CUST00045,2023-03-26,5486.03,East,Cash on Delivery
ORD206694,CUST00331,2023-01-17,4309.02,West,Credit Card
ORD206321,CUST00306,2023-11-15,2642.65,West,Cash on Delivery
ORD207018,CUST00351,2024-06-20,1618.02,Central,Cash on Delivery
ORD202583,CUST00093,2023-10-22,8743.48,East,Debit Card
ORD206824,CUST00339,2023-07-05,3687.92,North,Cash on Delivery
ORD205424,CUST00249,2024-03-25,4876.27,Central,UPI/Wallet
ORD202775,CUST00100,2023-05-31,3663.4,North,UPI/Wallet
ORD205008,CUST00222,2024-10-28,3353.41,West,Credit Card
ORD202904,CUST00104,2024-10-16,6767.53,East,Credit Card
ORD208662,CUST00545,2023-06-05,2114.0,North,Debit Card
ORD206340,CUST00307,2024-02-21,3767.61,North,Debit Card
ORD205530,CUST00256,2023-08-29,5211.72,North,Debit Card
ORD209312,CUST00626,2024-05-06,4430.29,South,Debit Card
ORD202309,CUST00082,2024-07-08,9227.63,West,Debit Card
ORD200928,CUST00033,2024-04-06,5258.36,East,Credit Card
ORD205913,CUST00279,2024-08-20,5060.78,West,Net Banking
ORD208681,CUST00546,2024-09-18,1922.16,West,Credit Card
ORD210784,CUST00900,2023-01-03,1692.06,South,Credit Card
ORD200599,CUST00022,2023-02-02,12230.24,South,Cash on Delivery
ORD203691,CUST00133,2023-08-08,4727.9,Central,Credit Card
ORD200038,CUST00001,2024-11-25,5149.34,North,Credit Card
ORD210128,CUST00739,2024-07-08,1403.44,Central,Cash on Delivery
ORD209521,CUST00655,2023-12-12,3862.85,West,Cash on Delivery
ORD209072,CUST00595,2024-02-27,1362.57,West,UPI/Wallet
ORD200683,CUST00025,2023-06-07,6834.35,North,UPI/Wallet
ORD203703,CUST00134,2023-04-07,4820.65,North,Debit Card
ORD205379,CUST00246,2023-08-20,2387.81,East,Credit Card
ORD201342,CUST00047,2024-08-19,5878.24,South,Debit Card
ORD209248,CUST00617,2023-10-08,3646.01,East,Cash on Delivery
ORD201011,CUST00036,2023-01-12,-4899.1,East,Net Banking
ORD209574,CUST00662,2023-03-16,3264.35,West,UPI/Wallet
ORD205834,CUST00275,2023-03-17,4789.86,East,Credit Card
ORD201748,CUST00062,2024-11-18,4646.48,West,Credit Card
ORD206207,CUST00298,2024-12-14,3768.6,South,Credit Card
ORD209430,CUST00642,2023-07-27,2185.03,Central,Credit Card
ORD207030,CUST00352,2024-10-15,1031.44,West,Cash on Delivery
ORD203320,CUST00118,2024-11-09,6680.46,West,UPI/Wallet
ORD201260,CUST00044,2024-10-16,4611.94,East,UPI/Wallet
ORD204039,CUST00158,2023-01-08,5051.66,North,Credit Card
ORD204633,CUST00199,2023-01-06,3502.74,East,Debit Card
ORD204046,CUST00158,2024-03-07,4513.9,North,UPI/Wallet
ORD210037,CUST00727,2023-07-03,3767.83,North,UPI/Wallet
ORD207084,CUST00358,2023-11-06,2216.1,North,Credit Card
ORD202585,CUST00093,2023-11-02,7409.44,East,Debit Card
ORD201881,CUST00066,2023-11-12,6198.52,West,UPI/Wallet
ORD211006,CUST00979,2023-02-06,719.94,South,Credit Card
ORD207972,CUST00466,2023-06-25,3305.2,West,UPI/Wallet
ORD205978,CUST00284,2023-10-11,4256.37,South,Debit Card
ORD211005,CUST00978,2024-02-24,1665.32,North,Net Banking
ORD201987,CUST00070,2023-02-20,5142.83,North,Debit Card
ORD210465,CUST00790,2023-03-24,2420.45,Central,Credit Card
ORD202618,CUST00094,2024-02-05,2755.24,Central,UPI/Wallet
ORD206290,CUST00303,2024-12-18,2809.96,North,Credit Card
ORD210382,CUST00778,2023-06-16,2081.37,Central,Debit Card
ORD202182,CUST00077,2023-09-09,7575.26,West,UPI/Wallet
ORD201880,CUST00066,2023-11-11,4490.55,West,UPI/Wallet
ORD202101,CUST00074,2023-06-23,4589.69,East,Credit Card
ORD204354,CUST00178,2024-06-30,4512.37,West,UPI/Wallet
ORD208961,CUST00581,2024-09-28,2832.42,Central,UPI/Wallet
ORD202895,CUST00104,2024-01-03,6124.12,East,UPI/Wallet
ORD203825,CUST00142,2023-10-11,1186.17,North,Debit Card
ORD205749,CUST00270,2023-01-07,2976.82,Central,Cash on Delivery
ORD205912,CUST00279,2024-08-09,4592.21,West,Debit Card
ORD201969,CUST00069,2023-10-27,-11585.03,Central,Credit Card
ORD204003,CUST00155,2024-09-26,2261.0,East,Credit Card
ORD210372,CUST00776,2024-01-04,2236.53,Central,UPI/Wallet
ORD210380,CUST00778,2023-05-03,-1900.37,Central,Credit Card
ORD208119,CUST00483,2024-02-09,1918.01,South,Credit Card
ORD205219,CUST00236,2024-12-24,2597.88,North,Debit Card
ORD203520,CUST00126,2023-03-05,3897.14,East,Credit Card
ORD209694,CUST00679,2023-05-03,3568.67,Central,Cash on Delivery
ORD201412,CUST00050,2024-04-07,6300.13,North,Debit Card
ORD200917,CUST00033,2023-10-02,5533.89,East,Cash on Delivery
ORD201155,CUST00041,2023-03-26,4575.36,South,Debit Card
ORD208332,CUST00508,2024-04-14,1647.5,Central,Credit Card
ORD207501,CUST00409,2023-10-24,981.22,East,Cash on Delivery
ORD207250,CUST00377,2024-03-17,2985.85,Central,UPI/Wallet
ORD203229,CUST00115,2024-11-07,1883.54,West,Net Banking
ORD203118,CUST00112,2024-04-20,6336.08,Central,Credit Card
ORD203132,CUST00112,2024-11-14,13323.82,Central,Credit Card
ORD201656,CUST00059,2023-08-16,5743.17,South,Debit Card
ORD208731,CUST00553,2024-07-03,948.78,Central,UPI/Wallet
ORD210424,CUST00784,2023-09-04,2579.64,North,UPI/Wallet
ORD209347,CUST00631,2023-11-09,1973.57,Central,UPI/Wallet
ORD205700,CUST00267,2024-01-27,3117.33,Central,UPI/Wallet
ORD202928,CUST00105,2024-11-01,4440.71,South,Credit Card
ORD200615,CUST00022,2024-03-23,9678.11,South,UPI/Wallet
ORD204900,CUST00215,2024-11-06,3565.21,Central,UPI/Wallet
ORD207205,CUST00372,2023-12-10,1638.09,Central,Net Banking
ORD200044,CUST00002,2023-04-20,3801.55,East,Net Banking
ORD208868,CUST00570,2023-02-28,2777.45,Central,Credit Card
ORD204218,CUST00169,2024-05-26,5208.32,North,Net Banking
ORD200801,CUST00029,2023-01-11,2654.91,North,UPI/Wallet
ORD202146,CUST00075,2024-10-18,2600.65,South,UPI/Wallet
ORD203869,CUST00145,2024-03-24,1135.53,North,UPI/Wallet
ORD205609,CUST00261,2023-06-04,3056.77,South,Debit Card
ORD209941,CUST00713,2023-02-03,1459.18,South,Net Banking
ORD200212,CUST00007,2024-12-22,7899.6,East,Net Banking
ORD203678,CUST00132,2023-08-05,2899.12,West,Credit Card
ORD200518,CUST00018,2024-05-27,8163.24,East,Debit Card
ORD205333,CUST00243,2024-10-08,-5210.59,West,Cash on Delivery
ORD210469,CUST00790,2023-12-20,6396.14,Central,Credit Card
ORD209324,CUST00628,2023-05-21,2682.83,West,Cash on Delivery
ORD208972,CUST00582,2024-07-29,4305.21,East,Cash on Delivery
ORD208682,CUST00546,2024-10-09,1935.51,West,Credit Card
ORD202222,CUST00079,2023-04-27,4568.63,Central,UPI/Wallet
ORD203555,CUST00127,2023-05-12,9661.73,Central,Debit Card
ORD203361,CUST00120,2024-01-17,3706.28,Central,Debit Card
ORD205615,CUST00261,2024-08-24,1977.07,South,Credit Card
ORD205752,CUST00270,2023-12-03,3241.35,Central,Credit Card
ORD206764,CUST00334,2024-08-31,2022.59,North,Net Banking
ORD207751,CUST00438,2024-02-03,3749.62,West,Debit Card
ORD205477,CUST00253,2023-01-02,4890.96,East,Cash on Delivery
ORD201402,CUST00050,2023-03-20,6728.48,North,Debit Card
ORD208990,CUST00585,2023-12-07,2803.41,Central,Credit Card
ORD207367,CUST00391,2024-05-04,2373.54,North,Credit Card
ORD206472,CUST00316,2024-07-29,3107.21,West,Cash on Delivery
ORD204386,CUST00181,2023-08-11,2493.11,Central,Net Banking
ORD207714,CUST00433,2024-08-22,2408.94,West,Credit Card
ORD205314,CUST00242,2024-01-19,4246.68,East,Debit Card
ORD203284,CUST00117,2024-08-21,4838.41,South,Cash on Delivery
ORD201436,CUST00051,2024-03-05,6250.01,East,Cash on Delivery
ORD207975,CUST00466,2023-10-23,1544.5,West,Credit Card
ORD209009,CUST00587,2024-03-30,2244.51,Central,Credit Card
ORD205041,CUST00225,2023-01-25,3854.04,North,Cash on Delivery
ORD209122,CUST00602,2024-03-20,1815.79,Central,UPI/Wallet
ORD200947,CUST00034,2023-01-08,6975.57,East,UPI/Wallet
ORD206309,CUST00305,2024-05-28,3331.96,North,UPI/Wallet
ORD204377,CUST00180,2023-05-20,2822.95,East,Cash on Delivery
ORD204134,CUST00164,2024-03-18,5278.32,East,Credit Card
ORD202586,CUST00093,2023-11-16,7902.08,East,Cash on Delivery
ORD207682,CUST00429,2023-07-18,1533.63,Central,Cash on Delivery
ORD203061,CUST00110,2024-08-17,8559.12,West,UPI/Wallet
ORD204526,CUST00191,2023-01-06,1617.59,West,Cash on Delivery
ORD209663,CUST00674,2023-02-20,4319.98,West,Credit Card
ORD209686,CUST00677,2023-12-09,2347.03,South,Cash on Delivery
ORD207873,CUST00455,2023-07-13,3198.71,North,Credit Card
ORD206142,CUST00295,2023-05-10,2184.98,South,Cash on Delivery
ORD205550,CUST00257,2023-07-21,4070.2,North,Cash on Delivery
ORD202543,CUST00091,2024-12-02,3021.07,East,Debit Card
ORD204346,CUST00178,2023-10-15,6718.06,West,Credit Card
ORD204515,CUST00190,2023-08-14,1792.76,East,Credit Card
ORD200771,CUST00027,2024-06-05,7172.24,Central,Cash on Delivery
ORD205467,CUST00252,2023-05-11,3126.46,South,Cash on Delivery
ORD210459,CUST00789,2023-12-13,2538.58,South,UPI/Wallet
ORD208578,CUST00536,2023-02-16,2035.35,South,Credit Card
ORD205726,CUST00268,2024-11-21,2502.1,West,Credit Card
ORD206133,CUST00294,2024-03-26,5696.06,West,Credit Card
ORD209665,CUST00674,2023-06-21,3016.47,West,Credit Card
ORD204224,CUST00170,2024-01-27,2491.01,North,UPI/Wallet
ORD208627,CUST00541,2023-01-21,2076.51,Central,Cash on Delivery
ORD200490,CUST00017,2024-12-15,3111.47,South,Credit Card
ORD201207,CUST00043,2023-03-26,6849.76,North,UPI/Wallet
ORD210667,CUST00857,2023-11-28,1126.09,North,UPI/Wallet
ORD211048,CUST00995,2023-05-18,793.61,West,UPI/Wallet
ORD205402,CUST00248,2023-04-07,2723.15,South,Cash on Delivery
ORD204199,CUST00168,2024-06-03,4532.08,West,UPI/Wallet
ORD208259,CUST00499,2023-12-09,509.17,North,Credit Card
ORD200988,CUST00035,2023-08-18,8009.56,North,UPI/Wallet
ORD201788,CUST00064,2023-01-27,6325.12,Central,UPI/Wallet
ORD202419,CUST00087,2023-12-02,5750.45,North,Credit Card
ORD202267,CUST00081,2023-01-22,4867.13,West,Credit Card
ORD201338,CUST00047,2024-05-08,6125.38,South,Credit Card
ORD202195,CUST00078,2023-07-01,3559.91,South,UPI/Wallet
ORD203860,CUST00145,2023-02-28,2676.8,North,Cash on Delivery
ORD204087,CUST00161,2023-10-05,4006.02,South,Debit Card
ORD204292,CUST00174,2023-10-09,6201.38,East,Credit Card
ORD200228,CUST00008,2024-12-06,3642.51,West,Debit Card
ORD202042,CUST00072,2024-03-01,7641.14,Central,Credit Card
ORD204558,CUST00193,2023-08-10,3693.24,South,Net Banking
ORD203556,CUST00127,2023-05-27,7055.93,Central,UPI/Wallet
ORD200093,CUST00004,2023-04-28,-10157.74,West,Cash on Delivery
ORD205525,CUST00255,2024-09-02,2416.84,East,Credit Card
ORD204853,CUST00213,2023-08-26,-3719.82,South,UPI/Wallet
ORD206134,CUST00294,2024-04-23,3947.64,West,Cash on Delivery
ORD206583,CUST00322,2024-06-03,2166.91,West,UPI/Wallet
ORD208348,CUST00509,2024-10-08,1040.99,Central,Net Banking
ORD210175,CUST00747,2023-09-04,4175.73,West,Cash on Delivery
ORD208502,CUST00527,2023-07-30,2818.09,North,Cash on Delivery
ORD205502,CUST00254,2024-01-11,3707.18,West,Credit Card
ORD204705,CUST00203,2024-06-09,1909.51,West,Cash on Delivery
ORD202017,CUST00071,2024-04-26,8295.13,South,Cash on Delivery
ORD200898,CUST00032,2024-10-13,9524.55,North,Debit Card
ORD210619,CUST00841,2024-02-18,1103.32,South,Debit Card
ORD202162,CUST00076,2023-11-25,7278.9,South,UPI/Wallet
ORD208529,CUST00529,2024-06-09,-3106.26,East,UPI/Wallet
ORD211026,CUST00988,2024-02-10,1070.9,South,Net Banking
ORD201335,CUST00047,2023-12-22,4642.25,South,Net Banking
ORD204787,CUST00208,2024-06-01,2678.54,South,Credit Card
ORD209607,CUST00666,2024-05-09,4075.19,East,Cash on Delivery
ORD202832,CUST00102,2024-02-02,-7351.18,Central,Debit Card
ORD210892,CUST00936,2024-02-02,674.61,North,Credit Card
ORD210282,CUST00763,2024-06-25,4023.89,South,Credit Card
ORD204440,CUST00185,2023-05-27,3114.12,North,Credit Card
ORD209774,CUST00689,2024-03-14,3028.13,North,Credit Card
ORD201868,CUST00066,2023-04-08,5238.23,West,Credit Card
ORD201865,CUST00066,2023-01-06,5365.22,West,UPI/Wallet
ORD201904,CUST00067,2023-03-15,6649.88,Central,Credit Card
ORD202630,CUST00095,2023-06-11,9887.59,East,Credit Card
ORD201813,CUST00064,2024-07-08,4810.08,Central,Net Banking
ORD209302,CUST00625,2023-05-23,1356.09,South,Credit Card
ORD200629,CUST00023,2023-11-20,4262.24,South,UPI/Wallet
ORD202807,CUST00101,2024-04-01,6295.26,West,Debit Card
ORD204114,CUST00163,2023-08-12,2931.51,Central,Credit Card
ORD201135,CUST00040,2023-08-21,5768.29,South,Credit Card
ORD209391,CUST00637,2024-04-15,2471.81,Central,UPI/Wallet
ORD205302,CUST00241,2024-12-23,3841.28,South,Net Banking
ORD201304,CUST00046,2024-03-29,6306.37,West,Credit Card
ORD209621,CUST00668,2023-10-15,5056.78,North,Cash on Delivery
ORD203927,CUST00150,2023-03-28,2075.46,North,Debit Card
ORD201678,CUST00060,2023-04-01,2510.84,Central,Debit Card
ORD201912,CUST00067,2023-09-02,8730.16,Central,Credit Card
ORD209757,CUST00687,2023-03-12,3467.26,West,Cash on Delivery
ORD205576,CUST00258,2024-06-03,3187.68,East,UPI/Wallet
ORD200187,CUST00007,2023-02-24,11743.81,East,Debit Card
ORD202984,CUST00108,2023-02-02,7541.8,East,Cash on Delivery
ORD209680,CUST00676,2024-02-18,1737.46,West,UPI/Wallet
ORD210126,CUST00739,2024-06-17,2468.97,Central,Credit Card
ORD205501,CUST00254,2023-11-12,3501.6,West,Debit Card
ORD202906,CUST00104,2024-12-19,4651.56,East,Credit Card
ORD209119,CUST00602,2023-06-12,1643.98,Central,Net Banking
ORD200536,CUST00019,2023-11-07,9453.48,North,Debit Card
ORD210487,CUST00795,2024-02-11,806.72,Central,Credit Card
ORD202963,CUST00107,2023-03-12,5599.59,East,Debit Card
ORD207409,CUST00397,2024-09-25,2570.02,Central,Net Banking
ORD201718,CUST00062,2023-02-09,6239.12,West,Cash on Delivery
ORD208255,CUST00498,2024-11-08,1419.21,Central,UPI/Wallet
ORD203532,CUST00126,2023-12-15,7451.22,East,Debit Card
ORD210548,CUST00815,2023-11-26,788.59,South,Credit Card
ORD207613,CUST00421,2023-09-28,4604.31,West,Debit Card
ORD204351,CUST00178,2024-03-14,4437.26,West,Credit Card
ORD204364,CUST00179,2023-11-04,3016.32,South,Credit Card
ORD209547,CUST00659,2023-10-04,4443.33,South,Debit Card
ORD207518,CUST00411,2023-12-04,1774.55,North,UPI/Wallet
ORD200169,CUST00006,2024-05-08,10564.83,North,Cash on Delivery
ORD205160,CUST00232,2024-12-10,3427.56,South,UPI/Wallet
ORD206996,CUST00349,2024-04-18,2488.91,South,Credit Card
ORD201853,CUST00065,2024-07-07,6299.84,South,Net Banking
ORD202156,CUST00076,2023-07-30,7775.07,South,Net Banking
ORD210246,CUST00759,2023-09-10,4700.71,West,UPI/Wallet
ORD204461,CUST00186,2023-10-10,3518.89,West,Cash on Delivery
ORD200847,CUST00030,2023-12-27,9898.15,North,UPI/Wallet
ORD210127,CUST00739,2024-06-27,2460.43,Central,Credit Card
ORD200455,CUST00016,2024-07-29,9095.47,East,Cash on Delivery
ORD201321,CUST00046,2024-12-06,4702.55,West,Net Banking
ORD201979,CUST00069,2024-08-15,9490.65,Central,Cash on Delivery
ORD205852,CUST00276,2023-05-11,2571.66,Central,Credit Card
ORD209103,CUST00599,2024-10-21,4757.8,East,Debit Card
ORD204816,CUST00211,2023-02-05,1369.67,West,Debit Card
ORD205685,CUST00266,2024-09-30,4310.32,Central,Debit Card
ORD203313,CUST00118,2024-01-11,6151.38,West,Debit Card
ORD201026,CUST00036,2024-07-26,5783.64,East,Debit Card
ORD207991,CUST00468,2023-05-29,3493.33,Central,Cash on Delivery
ORD200447,CUST00016,2023-12-26,6852.32,East,UPI/Wallet
ORD200258,CUST00010,2023-01-10,7355.36,North,UPI/Wallet
ORD200634,CUST00023,2024-03-30,4677.39,South,Cash on Delivery
ORD210772,CUST00895,2023-11-17,1971.27,Central,UPI/Wallet
ORD205355,CUST00245,2023-10-28,2560.4,West,Debit Card
ORD206109,CUST00293,2023-12-04,3000.57,North,Credit Card
ORD203643,CUST00130,2023-07-15,6594.85,South,Credit Card
ORD206904,CUST00343,2023-11-15,2250.27,East,Credit Card
ORD201452,CUST00052,2023-11-06,5253.35,South,Net Banking
ORD204757,CUST00207,2023-04-01,4263.85,East,UPI/Wallet
ORD201410,CUST00050,2024-01-27,10948.16,North,UPI/Wallet
ORD204072,CUST00160,2023-10-11,3953.26,West,Debit Card
ORD204293,CUST00174,2023-12-14,6070.56,East,Cash on Delivery
ORD210394,CUST00780,2024-01-03,4878.86,East,Debit Card
ORD201729,CUST00062,2023-11-15,9004.35,West,UPI/Wallet
ORD200706,CUST00025,2024-11-10,5674.62,North,Credit Card
ORD201019,CUST00036,2023-11-24,5853.25,East,UPI/Wallet
ORD203086,CUST00111,2024-05-11,7977.62,South,Net Banking
ORD200579,CUST00021,2023-02-17,10809.64,East,UPI/Wallet
ORD207211,CUST00373,2023-02-13,2906.69,South,UPI/Wallet
ORD204689,CUST00202,2024-10-23,1334.42,West,Credit Card
ORD207943,CUST00463,2024-04-10,1317.15,North,Credit Card
ORD203633,CUST00129,2024-12-25,2955.29,Central,Cash on Delivery
ORD202565,CUST00092,2024-07-09,8476.5,South,UPI/Wallet
ORD208852,CUST00568,2023-03-06,4006.89,North,Debit Card
ORD204936,CUST00218,2023-09-27,3290.7,Central,Debit Card
ORD209712,CUST00681,2023-12-18,2685.05,West,Credit Card
ORD210516,CUST00805,2023-01-10,1530.65,Central,Debit Card
ORD200365,CUST00013,2024-09-24,4560.91,North,Credit Card
ORD201879,CUST00066,2023-11-02,4697.14,West,UPI/Wallet
ORD203996,CUST00155,2023-04-22,3719.64,East,UPI/Wallet
ORD210378,CUST00777,2024-02-13,1241.5,West,Debit Card
ORD201250,CUST00044,2024-05-04,4671.35,East,Cash on Delivery
ORD201372,CUST00048,2024-10-04,-4242.06,South,UPI/Wallet
ORD206302,CUST00305,2023-01-20,3163.49,North,Cash on Delivery
ORD210344,CUST00772,2024-01-08,2415.6,West,Credit Card
ORD201773,CUST00063,2024-04-18,3174.88,South,Net Banking
ORD206082,CUST00291,2024-10-01,3459.53,North,Cash on Delivery
ORD201048,CUST00037,2023-10-20,4157.12,Central,Cash on Delivery
ORD202230,CUST00079,2024-03-31,5679.43,Central,UPI/Wallet
ORD206738,CUST00333,2024-02-09,4086.73,East,Debit Card
ORD202184,CUST00077,2023-12-08,8708.68,West,Cash on Delivery
ORD203464,CUST00123,2024-06-03,7562.53,West,Credit Card
ORD204948,CUST00219,2023-04-26,2353.94,South,Credit Card
ORD205334,CUST00243,2024-12-25,6333.96,West,Net Banking
ORD208046,CUST00474,2023-09-21,3025.9,East,Cash on Delivery
ORD201509,CUST00054,2024-04-09,3547.43,East,Debit Card
ORD209037,CUST00591,2023-12-11,1702.96,Central,UPI/Wallet
ORD210099,CUST00736,2023-07-12,3796.2,East,Net Banking
ORD207166,CUST00367,2024-04-14,2802.3,North,Cash on Delivery
ORD209865,CUST00702,2023-06-26,2501.09,South,Debit Card
ORD210136,CUST00740,2024-03-08,4098.15,West,Debit Card
ORD203749,CUST00136,2024-11-29,6729.0,North,Credit Card
ORD201967,CUST00069,2023-06-24,7396.05,Central,Cash on Delivery
ORD205139,CUST00231,2023-09-07,6158.5,Central,UPI/Wallet
ORD204681,CUST00202,2024-04-30,2747.12,West,Credit Card
ORD200580,CUST00021,2023-03-12,9288.56,East,Credit Card
ORD207893,CUST00458,2023-11-16,5014.72,Central,Net Banking
ORD201379,CUST00049,2023-03-17,9039.06,South,Cash on Delivery
ORD210954,CUST00959,2024-01-08,1116.97,East,Net Banking
ORD209163,CUST00607,2023-08-11,-2782.44,Central,UPI/Wallet
ORD202742,CUST00099,2023-09-04,6385.38,East,Credit Card
ORD203724,CUST00135,2023-09-23,5548.75,Central,Net Banking
ORD204332,CUST00177,2023-05-01,3404.27,East,UPI/Wallet
ORD208850,CUST00567,2024-06-28,3508.82,South,Credit Card
ORD204906,CUST00216,2023-05-26,3728.48,South,Credit Card
ORD206045,CUST00288,2024-11-29,3416.73,West,Credit Card
ORD206746,CUST00334,2023-01-20,2305.23,North,Credit Card
ORD200674,CUST00025,2023-02-09,3781.07,North,Credit Card
ORD210928,CUST00951,2023-08-06,1079.45,West,Cash on Delivery
ORD203332,CUST00119,2023-12-25,9530.71,West,Debit Card
ORD209479,CUST00648,2024-02-19,-2028.4,East,Debit Card
ORD205511,CUST00254,2024-11-24,4691.55,West,UPI/Wallet
ORD202399,CUST00086,2023-10-08,9459.98,East,Credit Card
ORD209898,CUST00706,2023-04-17,3821.69,South,Credit Card
ORD206277,CUST00303,2023-01-16,2996.51,North,Cash on Delivery
ORD204068,CUST00160,2023-04-05,3097.21,West,Net Banking
ORD203591,CUST00128,2024-06-09,2246.4,West,Debit Card
ORD210164,CUST00745,2024-02-18,4585.0,Central,Credit Card
ORD209729,CUST00683,2023-10-06,2267.03,East,Cash on Delivery
ORD203673,CUST00131,2024-12-18,3160.67,South,UPI/Wallet
ORD200147,CUST00005,2024-12-03,6473.0,South,Debit Card
ORD208106,CUST00481,2024-10-17,2038.9,West,UPI/Wallet
ORD200741,CUST00026,2024-06-21,5367.09,East,Cash on Delivery
ORD205463,CUST00251,2024-06-26,3229.86,South,Net Banking
ORD201165,CUST00041,2024-01-01,3634.95,South,Net Banking
ORD208072,CUST00477,2023-04-18,1091.85,Central,Credit Card
ORD210967,CUST00965,2023-09-14,937.8,East,Credit Card
ORD200371,CUST00014,2023-02-17,4802.87,West,Cash on Delivery
ORD206392,CUST00311,2024-03-05,5664.89,West,Credit Card
ORD203916,CUST00149,2023-05-16,4799.66,West,Credit Card
ORD203374,CUST00120,2024-09-04,3760.21,Central,Debit Card
ORD204737,CUST00205,2024-11-04,5724.54,East,UPI/Wallet
ORD206388,CUST00310,2024-12-13,2364.99,West,UPI/Wallet
ORD209180,CUST00609,2023-10-25,2125.72,Central,UPI/Wallet
ORD210981,CUST00971,2024-02-01,1482.98,South,Credit Card
ORD206835,CUST00340,2023-03-25,5005.16,South,Cash on Delivery
ORD210933,CUST00952,2024-03-08,1934.63,East,UPI/Wallet
ORD201193,CUST00042,2024-01-31,5660.45,South,UPI/Wallet
ORD202530,CUST00091,2024-04-08,4146.96,East,Cash on Delivery
ORD204811,CUST00210,2024-06-29,4623.74,Central,Cash on Delivery
ORD203295,CUST00118,2023-01-16,4174.5,West,Debit Card
ORD201153,CUST00041,2023-02-08,3018.9,South,Net Banking
ORD201664,CUST00059,2024-07-15,4508.21,South,Credit Card
ORD204518,CUST00190,2024-01-16,4568.54,East,Cash on Delivery
ORD200717,CUST00026,2023-08-21,4590.35,East,UPI/Wallet
ORD200999,CUST00035,2024-04-25,5310.24,North,Debit Card
ORD200539,CUST00019,2024-03-26,7689.35,North,UPI/Wallet
ORD201671,CUST00059,2024-12-06,4278.46,South,Credit Card
ORD211010,CUST00980,2024-04-26,378.01,West,Cash on Delivery
ORD207310,CUST00384,2024-04-27,2319.42,East,Cash on Delivery
ORD207139,CUST00364,2024-05-11,2403.92,North,Debit Card
ORD205548,CUST00257,2023-04-04,1078.81,North,Debit Card
ORD200627,CUST00023,2023-09-16,5302.07,South,Credit Card
ORD203423,CUST00122,2023-07-25,5002.74,East,Credit Card
ORD211025,CUST00987,2024-05-08,877.2,East,Credit Card
ORD206177,CUST00297,2023-06-29,3228.95,East,Credit Card
ORD204714,CUST00204,2023-06-19,2825.4,North,UPI/Wallet
ORD201263,CUST00044,2024-12-01,8183.11,East,UPI/Wallet
ORD204635,CUST00199,2023-11-02,3556.28,East,Debit Card
ORD201944,CUST00068,2023-05-01,7981.35,West,Debit Card
ORD205872,CUST00276,2024-11-23,2417.31,Central,Cash on Delivery
ORD201449,CUST00052,2023-08-14,3328.0,South,Debit Card
ORD205892,CUST00278,2024-02-26,4541.43,East,UPI/Wallet
ORD205158,CUST00232,2024-07-26,2388.65,South,Net Banking
ORD209701,CUST00680,2023-06-05,2639.53,North,UPI/Wallet
ORD203853,CUST00144,2024-03-15,2462.74,North,UPI/Wallet
ORD207584,CUST00418,2024-09-10,2435.4,South,UPI/Wallet
ORD210961,CUST00962,2024-04-02,1191.06,Central,Net Banking
ORD206093,CUST00292,2024-02-05,4712.19,South,Cash on Delivery
ORD201753,CUST00063,2023-03-29,4035.15,South,Debit Card
ORD208544,CUST00531,2024-08-30,2624.11,East,Debit Card
ORD210490,CUST00796,2023-11-04,649.86,South,UPI/Wallet
ORD206218,CUST00299,2024-12-01,4945.46,Central,Credit Card
ORD210955,CUST00960,2024-05-20,714.96,South,UPI/Wallet
ORD203609,CUST00129,2023-07-04,6577.35,Central,UPI/Wallet
ORD207194,CUST00371,2023-02-27,2571.93,North,UPI/Wallet
ORD206199,CUST00298,2023-08-13,3925.01,South,UPI/Wallet
ORD208164,CUST00488,2023-12-14,1306.95,East,
ORD210162,CUST00745,2023-07-15,3943.73,Central,UPI/Wallet
ORD210138,CUST00741,2023-10-08,3440.0,East,Debit Card
ORD208006,CUST00469,2024-02-02,2745.28,East,Cash on Delivery
ORD208409,CUST00516,2023-08-10,4158.36,Central,UPI/Wallet
ORD205368,CUST00245,2024-11-06,2811.37,West,UPI/Wallet
ORD205597,CUST00260,2023-03-06,5196.24,West,UPI/Wallet
ORD209786,CUST00691,2023-10-21,1722.7,East,UPI/Wallet
ORD200130,CUST00005,2023-06-29,6847.44,South,Credit Card
ORD205175,CUST00233,2024-12-20,2265.68,North,Net Banking
ORD206141,CUST00295,2023-05-02,3163.99,South,UPI/Wallet
ORD203928,CUST00150,2023-04-07,2592.72,North,UPI/Wallet
ORD208492,CUST00526,2023-02-16,2922.22,West,UPI/Wallet
ORD201267,CUST00045,2023-04-09,5648.49,East,UPI/Wallet
ORD206963,CUST00347,2023-07-27,1926.66,Central,Cash on Delivery
ORD203748,CUST00136,2024-10-20,3121.54,North,Net Banking
ORD203338,CUST00119,2024-04-30,5271.19,West,UPI/Wallet
ORD204819,CUST00211,2023-09-15,3420.57,West,Credit Card
ORD210235,CUST00758,2023-01-06,3831.12,East,Cash on Delivery
ORD210898,CUST00940,2023-04-12,382.06,Central,Credit Card
ORD209387,CUST00637,2023-04-03,2337.78,Central,UPI/Wallet
ORD207339,CUST00388,2024-06-25,1077.65,West,Net Banking
ORD208973,CUST00582,2024-10-02,2960.0,East,Credit Card
ORD208213,CUST00494,2023-01-03,1504.4,North,Cash on Delivery
ORD206601,CUST00323,2024-11-15,2409.53,South,Debit Card
ORD207623,CUST00422,2024-03-05,2211.87,Central,UPI/Wallet
ORD204453,CUST00186,2023-03-08,-4319.88,West,Debit Card
ORD203936,CUST00150,2024-09-02,1728.83,North,Cash on Delivery
ORD210265,CUST00761,2023-04-05,1976.08,North,Debit Card
ORD207289,CUST00382,2023-06-12,2584.67,West,UPI/Wallet
ORD203188,CUST00114,2023-11-21,6600.5,West,UPI/Wallet
ORD205320,CUST00243,2023-03-02,4857.17,West,Credit Card
ORD202448,CUST00088,2024-04-18,6729.93,North,Cash on Delivery
ORD206721,CUST00332,2023-10-12,2218.34,West,Cash on Delivery
ORD210133,CUST00740,2023-04-10,2433.18,West,UPI/Wallet
ORD207988,CUST00467,2024-12-04,2224.67,Central,Debit Card
ORD207442,CUST00402,2024-03-23,1715.85,West,Cash on Delivery
ORD206926,CUST00344,2024-11-16,2981.09,East,Cash on Delivery
ORD207266,CUST00379,2024-12-01,1266.42,South,Credit Card
ORD202029,CUST00072,2023-07-31,9068.69,Central,Debit Card
ORD209174,CUST00608,2024-10-04,2143.46,South,UPI/Wallet
ORD205431,CUST00250,2023-02-24,-5398.73,East,Cash on Delivery
ORD206477,CUST00316,2024-12-16,2765.12,West,UPI/Wallet
ORD204426,CUST00184,2023-03-04,3234.93,South,Credit Card
ORD206651,CUST00327,2023-08-28,3796.88,East,Credit Card
ORD202254,CUST00080,2024-01-30,5904.8,North,Credit Card
ORD200020,CUST00001,2023-12-24,4189.78,North,Credit Card
ORD203584,CUST00128,2023-07-12,4160.16,West,Cash on Delivery
ORD208488,CUST00525,2023-06-22,2891.52,South,Credit Card
ORD203171,CUST00114,2023-01-13,8170.71,West,Debit Card
ORD205050,CUST00225,2024-05-31,4552.14,North,Credit Card
ORD204308,CUST00175,2024-04-12,1842.37,South,Credit Card
ORD208518,CUST00528,2023-11-24,1986.91,West,UPI/Wallet
ORD209108,CUST00600,2024-10-26,1867.02,Central,Debit Card
ORD206409,CUST00312,2024-02-24,2958.97,West,Net Banking
ORD208510,CUST00528,2023-01-01,1434.38,West,UPI/Wallet
ORD204185,CUST00167,2024-10-10,3289.73,Central,
ORD201605,CUST00058,2023-01-23,3590.18,South,UPI/Wallet
ORD203448,CUST00122,2024-09-25,3229.79,East,Debit Card
ORD210853,CUST00923,2023-12-24,895.58,South,Cash on Delivery
ORD203841,CUST00143,2024-07-26,5309.39,West,UPI/Wallet
ORD204971,CUST00220,2024-01-30,4370.34,West,UPI/Wallet
ORD201490,CUST00054,2023-01-11,3744.84,East,Cash on Delivery
ORD206106,CUST00293,2023-08-07,2180.77,North,Net Banking
ORD201072,CUST00038,2023-03-26,7582.22,West,Net Banking
ORD202361,CUST00084,2024-06-26,9713.47,North,Net Banking
ORD201175,CUST00041,2024-07-07,3954.2,South,UPI/Wallet
ORD200768,CUST00027,2024-03-16,8086.37,Central,Net Banking
ORD204159,CUST00166,2023-12-10,1889.15,East,Debit Card
ORD207390,CUST00395,2023-02-13,2780.1,East,UPI/Wallet
ORD207559,CUST00415,2023-04-29,2336.47,West,Cash on Delivery
ORD207002,CUST00350,2023-02-16,2839.55,North,Credit Card
ORD203598,CUST00129,2023-01-19,5587.05,Central,Cash on Delivery
ORD204179,CUST00167,2024-03-22,2563.7,Central,Credit Card
ORD209406,CUST00639,2024-04-13,2985.51,South,Credit Card
ORD203932,CUST00150,2024-05-16,1137.11,North,Net Banking
ORD200221,CUST00008,2023-11-20,4245.5,West,Cash on Delivery
ORD210536,CUST00811,2024-04-17,1007.73,West,Cash on Delivery
ORD204554,CUST00193,2023-01-25,2598.3,South,UPI/Wallet
ORD209707,CUST00680,2024-06-22,1808.65,North,Debit Card
ORD208069,CUST00476,2024-10-08,2637.36,West,Debit Card
ORD200263,CUST00010,2023-07-26,6016.39,North,
ORD204319,CUST00176,2023-08-12,1580.22,North,UPI/Wallet
ORD207420,CUST00399,2024-10-31,1430.81,North,Credit Card
ORD202398,CUST00086,2023-10-08,6268.99,East,
ORD200550,CUST00020,2023-01-19,4121.33,South,Credit Card
ORD202305,CUST00082,2024-05-08,8618.17,West,Cash on Delivery
ORD209488,CUST00650,2023-09-11,2615.29,North,Credit Card
ORD202568,CUST00092,2024-09-06,10674.97,South,UPI/Wallet
ORD201421,CUST00050,2024-11-22,7031.55,North,Credit Card
ORD207854,CUST00453,2023-02-21,2007.2,Central,Cash on Delivery
ORD203324,CUST00119,2023-05-11,7721.01,West,UPI/Wallet
ORD201313,CUST00046,2024-09-14,7842.12,West,Credit Card
ORD207913,CUST00460,2024-03-19,2383.59,East,Credit Card
ORD200157,CUST00006,2023-08-01,8000.7,North,UPI/Wallet
ORD200135,CUST00005,2024-01-11,7626.64,South,UPI/Wallet
ORD209309,CUST00626,2023-10-27,4177.02,South,Cash on Delivery
ORD207907,CUST00459,2024-06-04,2192.01,West,Credit Card
ORD201264,CUST00045,2023-03-04,7451.51,East,Net Banking
ORD204731,CUST00205,2023-11-13,5585.43,East,Net Banking
ORD204170,CUST00167,2023-03-29,2599.73,Central,Net Banking
ORD202374,CUST00085,2023-09-04,7183.33,South,Debit Card
ORD207220,CUST00374,2023-06-10,3071.7,East,Cash on Delivery
ORD205134,CUST00231,2023-04-24,4202.73,Central,Net Banking
ORD201484,CUST00053,2024-05-10,7578.47,Central,Credit Card
ORD206854,CUST00340,2024-09-30,3788.83,South,Debit Card
ORD200871,CUST00031,2023-08-29,5830.46,West,Debit Card
ORD205031,CUST00224,2023-05-15,4582.78,West,Cash on Delivery
ORD201415,CUST00050,2024-05-07,5184.21,North,UPI/Wallet
ORD209318,CUST00627,2023-12-22,3771.43,South,Credit Card
ORD206430,CUST00313,2024-10-28,5110.0,North,Credit Card
ORD204343,CUST00178,2023-03-28,6713.55,West,Credit Card
ORD202571,CUST00092,2024-10-16,5542.22,South,UPI/Wallet
ORD205665,CUST00265,2023-04-06,3060.22,North,Credit Card
ORD210806,CUST00907,2024-04-20,1695.39,North,Credit Card
ORD203909,CUST00148,2023-08-17,4914.73,North,Credit Card
ORD200703,CUST00025,2024-10-04,6432.95,North,Credit Card
ORD208695,CUST00548,2024-05-21,1311.07,West,Debit Card
ORD205325,CUST00243,2023-09-08,1280.85,West,Credit Card
ORD204576,CUST00195,2023-03-23,1011.4,West,UPI/Wallet
ORD202609,CUST00094,2023-07-28,4656.94,Central,
ORD206168,CUST00296,2023-11-01,3921.42,West,UPI/Wallet
ORD201121,CUST00039,2024-05-25,9824.84,East,Debit Card
ORD205119,CUST00230,2023-01-29,2360.14,East,Debit Card
ORD203065,CUST00110,2024-12-28,9195.28,West,Net Banking
ORD200888,CUST00032,2024-01-07,6969.87,North,Credit Card
ORD209013,CUST00588,2023-09-30,1707.88,Central,UPI/Wallet
ORD207636,CUST00424,2023-05-21,1601.05,West,Debit Card
ORD210449,CUST00787,2024-06-14,1998.04,Central,Cash on Delivery
ORD203918,CUST00149,2023-09-26,4254.39,West,Cash on Delivery
ORD208683,CUST00547,2023-01-03,2672.61,Central,Credit Card
ORD201148,CUST00040,2024-10-24,4131.29,South,UPI/Wallet
ORD203340,CUST00119,2024-09-11,9171.67,West,Debit Card
ORD201626,CUST00058,2023-12-05,1865.96,South,Debit Card
ORD204605,CUST00197,2023-07-13,3936.33,South,UPI/Wallet
ORD202039,CUST00072,2024-01-17,9888.6,Central,Cash on Delivery
ORD210681,CUST00863,2024-02-25,1159.42,West,Debit Card
ORD201108,CUST00039,2023-05-27,9216.83,East,Cash on Delivery
ORD202777,CUST00100,2023-09-27,5031.73,North,UPI/Wallet
ORD206930,CUST00345,2023-06-10,4355.16,North,Debit Card
ORD209088,CUST00598,2023-06-16,1745.06,North,Debit Card
ORD207649,CUST00425,2024-01-12,1740.2,South,
ORD201854,CUST00065,2024-07-13,10526.48,South,Credit Card
ORD204750,CUST00206,2024-04-20,3642.4,West,UPI/Wallet
ORD202155,CUST00076,2023-06-05,7123.99,South,Credit Card
ORD207702,CUST00431,2024-05-14,1675.13,South,Cash on Delivery
ORD201998,CUST00070,2024-08-23,11979.69,North,Debit Card
ORD202237,CUST00079,2024-11-03,4133.07,Central,Credit Card
ORD203060,CUST00110,2024-07-20,9499.5,West,Debit Card
ORD209885,CUST00704,2023-07-29,4844.72,West,Cash on Delivery
ORD200850,CUST00030,2024-02-13,13339.05,North,UPI/Wallet
ORD207065,CUST00356,2024-06-19,-2628.34,North,Credit Card
ORD203154,CUST00113,2024-03-18,4244.93,Central,Credit Card
ORD204849,CUST00213,2023-04-14,5037.14,South,UPI/Wallet
ORD209243,CUST00616,2024-05-17,956.44,West,Cash on Delivery
ORD210456,CUST00789,2023-05-05,2453.81,South,Cash on Delivery
ORD209783,CUST00690,2024-07-24,1853.66,Central,UPI/Wallet
ORD208669,CUST00545,2024-09-07,2675.32,North,Credit Card
ORD208548,CUST00532,2023-12-12,2432.85,South,Credit Card
ORD202589,CUST00093,2024-05-11,8212.3,East,UPI/Wallet
ORD200078,CUST00003,2023-06-25,3490.18,North,Debit Card
ORD201464,CUST00052,2024-08-22,3416.19,South,UPI/Wallet
ORD207955,CUST00464,2024-10-11,1404.53,West,Cash on Delivery
ORD208636,CUST00541,2024-03-12,3031.94,Central,Credit Card
ORD206814,CUST00338,2024-01-28,2064.12,Central,Cash on Delivery
ORD202508,CUST00091,2023-01-07,4246.11,East,Cash on Delivery
ORD205961,CUST00283,2024-01-11,6832.71,West,UPI/Wallet
ORD205991,CUST00285,2023-04-09,5326.8,South,UPI/Wallet
ORD201403,CUST00050,2023-04-21,6659.23,North,Debit Card
ORD200046,CUST00002,2023-08-12,6967.47,East,Net Banking
ORD207767,CUST00440,2024-02-05,2126.05,West,UPI/Wallet
ORD201844,CUST00065,2024-01-28,7325.09,South,Credit Card
ORD204692,CUST00202,2024-11-22,2389.78,West,UPI/Wallet
ORD204841,CUST00212,2024-08-21,4348.89,Central,Cash on Delivery
ORD202319,CUST00082,2024-12-20,7977.61,West,Debit Card
ORD206287,CUST00303,2024-11-07,2459.19,North,UPI/Wallet
ORD209390,CUST00637,2024-04-13,2935.9,Central,Debit Card
ORD208925,CUST00577,2023-06-11,2092.59,East,Debit Card
ORD202968,CUST00107,2023-07-03,8042.35,East,Net Banking
ORD200668,CUST00024,2024-05-28,9474.54,North,Cash on Delivery
ORD202432,CUST00087,2024-11-14,3207.86,North,Net Banking
ORD205751,CUST00270,2023-08-20,2239.99,Central,Credit Card
ORD201553,CUST00056,2023-10-18,6219.35,West,Credit Card
ORD203973,CUST00153,2024-07-11,3940.09,West,Cash on Delivery
ORD207844,CUST00451,2024-11-28,2541.83,East,Credit Card
ORD208283,CUST00502,2024-02-23,1939.54,South,UPI/Wallet
ORD209073,CUST00595,2024-11-27,1669.65,West,Credit Card
ORD209623,CUST00668,2024-02-21,2616.7,North,Cash on Delivery
ORD205360,CUST00245,2024-02-23,1838.73,West,Net Banking
ORD206966,CUST00347,2024-07-25,2108.12,Central,Net Banking
ORD209699,CUST00679,2024-07-11,2939.38,Central,Debit Card
ORD205794,CUST00273,2023-04-25,6941.85,East,Net Banking
ORD206476,CUST00316,2024-12-15,2126.82,West,Net Banking
ORD210092,CUST00735,2023-12-17,2444.66,East,Credit Card
ORD207594,CUST00419,2024-08-25,1747.43,East,
ORD202879,CUST00103,2024-08-17,4400.44,Central,UPI/Wallet
ORD209768,CUST00688,2024-07-14,3244.91,East,Net Banking
ORD206567,CUST00321,2024-03-29,1715.45,West,Credit Card
ORD202060,CUST00073,2023-04-14,3738.63,West,Credit Card
ORD208611,CUST00539,2023-06-27,3308.58,Central,Debit Card
ORD205857,CUST00276,2023-07-17,3652.32,Central,Cash on Delivery
ORD202217,CUST00078,2024-09-30,4996.15,South,UPI/Wallet
ORD207609,CUST00421,2023-07-10,2576.93,West,Credit Card
ORD207317,CUST00385,2024-07-04,3211.34,Central,UPI/Wallet
ORD207036,CUST00353,2023-12-13,3117.1,North,Debit Card
ORD203553,CUST00127,2023-03-08,8699.22,Central,Net Banking
ORD205168,CUST00233,2024-04-12,3107.27,North,Cash on Delivery
ORD205577,CUST00258,2024-06-25,4113.97,East,Debit Card
ORD203777,CUST00139,2024-02-06,2695.08,Central,Credit Card
ORD206650,CUST00327,2023-08-09,-4031.26,East,Credit Card
ORD203055,CUST00110,2023-12-30,6913.27,West,Debit Card
ORD209096,CUST00599,2023-06-09,1914.58,East,Credit Card
ORD204935,CUST00218,2023-07-27,3146.92,Central,Credit Card
ORD207484,CUST00407,2023-04-12,2448.6,West,Cash on Delivery
ORD210062,CUST00731,2023-09-04,2481.15,East,UPI/Wallet
ORD205400,CUST00247,2024-10-31,4063.61,Central,Debit Card
ORD210040,CUST00727,2023-10-05,5182.57,North,Credit Card
ORD207133,CUST00364,2023-01-18,1856.36,North,Credit Card
ORD203395,CUST00121,2024-02-15,672.61,South,Credit Card
ORD205405,CUST00248,2024-02-17,2540.43,South,UPI/Wallet
ORD203564,CUST00127,2024-02-15,5439.28,Central,Debit Card
ORD205392,CUST00247,2023-06-29,2575.69,Central,Cash on Delivery
ORD200495,CUST00018,2023-03-03,9671.4,East,UPI/Wallet
ORD209226,CUST00615,2023-05-24,1808.16,Central,Cash on Delivery
ORD204696,CUST00203,2023-03-09,1919.83,West,Cash on Delivery
ORD204287,CUST00174,2023-04-16,4049.66,East,Credit Card
ORD203915,CUST00149,2023-03-17,5913.49,West,Net Banking
ORD204436,CUST00184,2024-11-25,3620.55,South,Net Banking
ORD202323,CUST00083,2023-03-15,3829.12,South,UPI/Wallet
ORD203197,CUST00114,2024-07-08,7905.61,West,Debit Card
ORD205455,CUST00251,2023-09-05,4076.17,South,Credit Card
ORD206349,CUST00308,2023-05-18,4869.99,South,Credit Card
ORD210051,CUST00729,2024-01-21,2301.42,South,UPI/Wallet
ORD210290,CUST00765,2023-10-21,1586.93,South,Debit Card
ORD207314,CUST00385,2023-02-05,3310.17,Central,Credit Card
ORD208328,CUST00508,2023-03-15,1537.57,Central,Net Banking
ORD206692,CUST00330,2024-09-14,3293.6,South,UPI/Wallet
ORD201152,CUST00041,2023-01-30,3604.55,South,UPI/Wallet
ORD205734,CUST00269,2023-07-18,2359.28,West,UPI/Wallet
ORD202939,CUST00106,2023-07-25,3633.03,Central,Credit Card
ORD208108,CUST00482,2023-10-17,2629.65,Central,UPI/Wallet
ORD200688,CUST00025,2023-09-04,3633.81,North,Net Banking
ORD209617,CUST00668,2023-02-09,1101.04,North,UPI/Wallet
ORD203603,CUST00129,2023-04-28,4892.47,Central,UPI/Wallet
ORD209169,CUST00607,2024-10-08,1582.62,Central,Cash on Delivery
ORD209796,CUST00692,2024-04-30,1718.16,North,Credit Card
ORD208190,CUST00491,2024-04-21,2382.78,North,Net Banking
ORD206044,CUST00288,2024-11-18,4070.84,West,Cash on Delivery
ORD205867,CUST00276,2024-05-08,2245.85,Central,Credit Card
ORD200149,CUST00006,2023-03-06,8090.15,North,Net Banking
ORD203665,CUST00131,2024-01-17,2301.72,South,Credit Card
ORD202531,CUST00091,2024-04-13,4515.47,East,Credit Card
ORD206607,CUST00324,2023-09-13,3033.13,West,Cash on Delivery
ORD205034,CUST00224,2023-07-17,2198.9,West,UPI/Wallet
ORD203489,CUST00124,2024-06-29,5927.88,East,Credit Card
ORD203712,CUST00134,2024-01-26,3466.82,North,Debit Card
ORD206474,CUST00316,2024-10-03,2939.05,West,Net Banking
ORD201641,CUST00058,2024-11-03,4187.05,South,Credit Card
ORD208915,CUST00575,2024-02-07,2761.84,South,Credit Card
ORD209191,CUST00610,2024-04-12,2069.38,South,Net Banking
ORD203814,CUST00141,2024-03-16,3345.27,Central,Debit Card
ORD210373,CUST00776,2024-04-15,1678.8,Central,Debit Card
ORD208827,CUST00565,2023-02-28,-3033.78,South,Net Banking
ORD210669,CUST00858,2023-04-06,1225.55,South,Cash on Delivery
ORD203504,CUST00125,2024-01-06,6474.16,South,Credit Card
ORD202999,CUST00108,2024-02-16,9536.14,East,Debit Card
ORD203262,CUST00116,2024-12-03,7746.75,South,UPI/Wallet
ORD202970,CUST00107,2023-09-11,3703.97,East,Cash on Delivery
ORD205151,CUST00232,2023-10-26,2705.8,South,Credit Card
ORD201063,CUST00037,2024-08-24,4353.54,Central,Debit Card
ORD208550,CUST00532,2024-07-28,1480.7,South,Credit Card
ORD205881,CUST00277,2024-09-04,2068.66,Central,UPI/Wallet
ORD208991,CUST00585,2024-02-04,2899.92,Central,Debit Card
ORD205262,CUST00240,2023-02-06,4216.89,West,Credit Card
ORD201388,CUST00049,2023-09-21,8192.25,South,Debit Card
ORD203721,CUST00135,2023-07-24,5228.96,Central,UPI/Wallet
ORD210511,CUST00803,2024-03-20,2363.8,North,UPI/Wallet
ORD204609,CUST00197,2024-04-29,3358.57,South,Net Banking
ORD209540,CUST00658,2023-02-11,2014.48,East,Credit Card
ORD209942,CUST00713,2023-02-22,2091.5,South,UPI/Wallet
ORD205153,CUST00232,2024-01-13,3957.27,South,Credit Card
ORD205653,CUST00264,2023-11-01,4800.88,East,
ORD206795,CUST00337,2023-01-21,4410.94,East,Credit Card
ORD206096,CUST00292,2024-04-25,3245.08,South,
ORD210395,CUST00780,2024-02-02,4452.57,East,Credit Card
ORD204672,CUST00202,2023-05-26,2192.4,West,UPI/Wallet
ORD204333,CUST00177,2023-12-06,-3137.03,East,Debit Card
ORD202668,CUST00096,2023-08-24,5313.11,North,UPI/Wallet
ORD206873,CUST00342,2023-07-09,2398.93,East,Credit Card
ORD204559,CUST00193,2023-10-14,4205.79,South,Credit Card
ORD203611,CUST00129,2023-07-22,4824.6,Central,Credit Card
ORD207581,CUST00418,2023-05-02,3341.83,South,Cash on Delivery
ORD204121,CUST00163,2024-10-23,2479.75,Central,Cash on Delivery
ORD206514,CUST00319,2023-03-03,3979.06,South,Net Banking
ORD204721,CUST00204,2024-07-17,3250.39,North,UPI/Wallet
ORD208404,CUST00516,2023-02-03,2719.96,Central,Debit Card
ORD200867,CUST00031,2023-03-09,8771.09,West,Cash on Delivery
ORD207382,CUST00393,2024-03-27,1918.71,East,UPI/Wallet
ORD200079,CUST00003,2023-08-04,5888.92,North,Credit Card
ORD204712,CUST00203,2024-11-08,3016.57,West,Debit Card
ORD209031,CUST00590,2024-04-03,1442.28,North,Credit Card
ORD200076,CUST00003,2023-05-13,5494.09,North,Cash on Delivery
ORD200448,CUST00016,2024-01-18,6626.28,East,Credit Card
ORD210873,CUST00929,2024-05-09,885.51,West,Credit Card
ORD202393,CUST00086,2023-04-17,-6893.1,East,UPI/Wallet
ORD203596,CUST00128,2024-12-03,4068.72,West,Cash on Delivery
ORD207255,CUST00378,2023-11-04,4801.7,North,Debit Card
ORD201166,CUST00041,2024-01-08,1507.07,South,UPI/Wallet
ORD200345,CUST00012,2024-06-28,6768.03,West,Cash on Delivery
ORD200299,CUST00011,2024-01-30,11184.22,South,Credit Card
ORD208830,CUST00565,2023-12-16,2399.23,South,UPI/Wallet
ORD209450,CUST00645,2023-04-22,2682.21,South,Credit Card
ORD208652,CUST00543,2024-09-27,2620.82,West,UPI/Wallet
ORD211058,CUST00998,2024-06-02,1779.74,Central,Debit Card
ORD203446,CUST00122,2024-07-16,4030.47,East,UPI/Wallet
ORD210999,CUST00977,2023-11-25,1869.26,North,Net Banking
ORD201438,CUST00051,2024-05-17,4553.48,East,Debit Card
ORD203018,CUST00109,2023-04-18,9500.65,Central,Cash on Delivery
ORD204685,CUST00202,2024-08-01,2496.17,West,UPI/Wallet
ORD208773,CUST00558,2023-08-28,2817.24,East,Net Banking
ORD209177,CUST00609,2023-05-26,2377.14,Central,UPI/Wallet
ORD209882,CUST00704,2023-02-23,4317.01,West,UPI/Wallet
ORD204770,CUST00207,2024-08-28,5328.65,East,Debit Card
ORD200792,CUST00028,2023-12-21,10524.29,East,Cash on Delivery
ORD200241,CUST00009,2023-09-25,4121.06,North,UPI/Wallet
ORD210066,CUST00731,2024-04-02,3140.61,East,Credit Card
ORD206927,CUST00345,2023-02-18,4841.63,North,Credit Card
ORD209326,CUST00628,2024-03-15,2721.44,West,Debit Card
ORD205359,CUST00245,2024-02-06,4334.32,West,Cash on Delivery
ORD206743,CUST00333,2024-04-15,3553.71,East,Credit Card
ORD200397,CUST00014,2024-07-16,3748.52,West,Cash on Delivery
ORD208554,CUST00533,2024-01-06,2746.82,East,UPI/Wallet
ORD208625,CUST00540,2024-07-09,2249.35,North,Credit Card
ORD208121,CUST00483,2024-03-16,2395.37,South,UPI/Wallet
ORD204861,CUST00213,2024-11-16,2838.22,South,UPI/Wallet
ORD201285,CUST00046,2023-01-02,4068.45,West,Credit Card
ORD203224,CUST00115,2024-03-21,3814.06,West,Cash on Delivery
ORD201872,CUST00066,2023-05-12,614.27,West,Credit Card
ORD202601,CUST00094,2023-01-29,3525.26,Central,Credit Card
ORD203658,CUST00130,2024-12-07,8456.31,South,Credit Card
ORD206376,CUST00310,2023-01-20,2139.67,West,UPI/Wallet
ORD200154,CUST00006,2023-07-16,7117.69,North,Credit Card
ORD201612,CUST00058,2023-05-31,4127.41,South,Debit Card
ORD205950,CUST00282,2023-08-10,2187.07,North,Credit Card
ORD210293,CUST00765,2024-07-16,1882.37,South,Cash on Delivery
ORD201115,CUST00039,2023-11-09,9487.34,East,Net Banking
ORD205712,CUST00268,2023-03-11,2913.06,West,Cash on Delivery
ORD205154,CUST00232,2024-01-19,-2887.84,South,Credit Card
ORD202677,CUST00096,2024-08-28,5040.22,North,Credit Card
ORD207141,CUST00364,2024-11-04,1652.77,North,Cash on Delivery
ORD203519,CUST00125,2024-12-19,8387.95,South,Cash on Delivery
ORD202613,CUST00094,2023-10-12,3268.04,Central,Cash on Delivery
ORD206414,CUST00312,2024-06-21,2974.88,West,Debit Card
ORD205663,CUST00264,2024-12-03,4993.74,East,UPI/Wallet
ORD206997,CUST00349,2024-05-23,1960.13,South,UPI/Wallet
ORD204684,CUST00202,2024-07-23,3327.83,West,UPI/Wallet
ORD200462,CUST00017,2023-01-21,3853.34,South,UPI/Wallet
ORD208837,CUST00566,2023-05-17,2144.11,West,Net Banking
ORD204225,CUST00170,2024-02-07,2811.92,North,Credit Card
ORD209338,CUST00630,2023-03-25,3323.33,Central,
ORD204806,CUST00210,2023-10-20,4100.91,Central,Credit Card
ORD203859,CUST00145,2023-02-27,2845.62,North,Net Banking
ORD200866,CUST00031,2023-03-05,8146.77,West,UPI/Wallet
ORD208593,CUST00537,2023-09-05,1354.8,East,Credit Card
ORD207716,CUST00433,2024-11-20,4943.06,West,Debit Card
ORD201741,CUST00062,2024-07-24,4767.29,West,Net Banking
ORD201762,CUST00063,2023-08-31,6853.24,South,Credit Card
ORD205011,CUST00223,2023-04-29,3852.66,West,Credit Card
ORD206913,CUST00343,2024-12-23,4864.1,East,UPI/Wallet
ORD206198,CUST00298,2023-07-03,4427.27,South,UPI/Wallet
ORD209234,CUST00615,2024-07-04,2072.46,Central,Credit Card
ORD209657,CUST00673,2023-11-08,1513.36,South,Credit Card
ORD208498,CUST00526,2024-09-24,3057.62,West,Cash on Delivery
ORD203433,CUST00122,2024-01-08,4674.24,East,UPI/Wallet
ORD206631,CUST00326,2023-06-11,2599.3,North,Cash on Delivery
ORD208737,CUST00554,2023-10-03,1716.24,North,UPI/Wallet
ORD202358,CUST00084,2024-04-21,9435.79,North,Net Banking
ORD202121,CUST00074,2024-07-18,8512.16,East,UPI/Wallet
ORD204099,CUST00162,2023-11-25,2726.93,West,Debit Card
ORD202960,CUST00106,2024-11-30,4083.6,Central,Cash on Delivery
ORD208496,CUST00526,2024-06-04,2484.09,West,UPI/Wallet
ORD209685,CUST00677,2023-11-17,2325.86,South,UPI/Wallet
ORD210856,CUST00924,2023-07-24,1891.81,South,UPI/Wallet
ORD202822,CUST00102,2023-03-07,7842.85,Central,UPI/Wallet
ORD210750,CUST00886,2024-04-13,1258.74,West,Credit Card
ORD210081,CUST00734,2023-03-20,4310.47,West,Cash on Delivery
ORD206335,CUST00307,2023-11-29,7390.05,North,Cash on Delivery
ORD202263,CUST00080,2024-12-20,5051.93,North,Cash on Delivery
ORD208954,CUST00580,2024-03-05,1178.92,South,Credit Card
ORD205601,CUST00260,2023-09-14,4601.41,West,Debit Card
ORD209509,CUST00653,2024-03-30,2661.47,Central,Debit Card
ORD202451,CUST00088,2024-05-14,4747.03,North,UPI/Wallet
ORD201483,CUST00053,2024-04-14,9861.69,Central,Debit Card
ORD210173,CUST00746,2024-02-29,4075.89,South,Debit Card
ORD201418,CUST00050,2024-10-24,9098.19,North,Credit Card
ORD204459,CUST00186,2023-08-30,4427.68,West,Debit Card
ORD210061,CUST00731,2023-08-25,1894.54,East,UPI/Wallet
ORD209611,CUST00667,2023-07-31,2195.22,Central,UPI/Wallet
ORD201708,CUST00061,2024-04-24,3844.61,South,
ORD201973,CUST00069,2024-02-25,9867.46,Central,UPI/Wallet
ORD210795,CUST00903,2023-05-05,410.16,Central,Debit Card
ORD202144,CUST00075,2024-09-04,4024.21,South,Credit Card
ORD200417,CUST00015,2024-06-03,9562.99,Central,Cash on Delivery
ORD206958,CUST00346,2024-11-11,4687.42,East,UPI/Wallet
ORD202325,CUST00083,2023-05-09,8119.22,South,Credit Card
ORD205475,CUST00252,2024-08-10,1661.17,South,Debit Card
ORD205952,CUST00282,2024-01-03,3293.66,North,Net Banking
ORD205590,CUST00259,2024-03-30,3761.71,North,Credit Card
ORD203743,CUST00136,2023-11-04,3423.68,North,Debit Card
ORD209411,CUST00640,2023-11-09,4218.55,North,
ORD210343,CUST00772,2023-09-02,1391.81,West,Net Banking
ORD206549,CUST00321,2023-03-18,1708.72,West,UPI/Wallet
ORD204640,CUST00199,2024-09-29,2438.2,East,Credit Card
ORD207957,CUST00465,2023-01-01,1369.79,Central,Cash on Delivery
ORD207229,CUST00375,2023-08-04,2108.62,East,Debit Card
ORD203071,CUST00111,2023-04-11,4984.93,South,Credit Card
ORD205199,CUST00236,2023-01-22,4759.33,North,Credit Card
ORD200494,CUST00018,2023-02-14,10336.42,East,Debit Card
ORD206728,CUST00332,2024-10-09,2002.01,West,Credit Card
ORD205415,CUST00249,2023-02-11,3264.38,Central,Cash on Delivery
ORD205993,CUST00285,2023-05-16,2099.4,South,UPI/Wallet
ORD206039,CUST00288,2023-08-27,3170.1,West,Net Banking
ORD206794,CUST00336,2024-11-09,1414.27,Central,Cash on Delivery
ORD203457,CUST00123,2023-10-05,8503.09,West,Credit Card
ORD208810,CUST00563,2023-02-25,2243.12,North,Credit Card
ORD207001,CUST00350,2023-02-08,2286.75,North,Debit Card
ORD206504,CUST00318,2023-08-01,3302.49,South,Credit Card
ORD203245,CUST00116,2023-08-23,8059.82,South,Debit Card
ORD208029,CUST00472,2023-04-21,3680.84,North,Net Banking
ORD204827,CUST00211,2024-12-08,3397.59,West,Credit Card
ORD204369,CUST00179,2024-07-20,1532.59,South,Credit Card
ORD210285,CUST00764,2023-06-12,4449.14,West,Credit Card
ORD206161,CUST00296,2023-03-13,3321.1,West,UPI/Wallet
ORD201477,CUST00053,2023-07-13,6847.88,Central,Credit Card
ORD203016,CUST00109,2023-03-28,11140.53,Central,UPI/Wallet
ORD206189,CUST00297,2024-08-12,3187.25,East,Credit Card
ORD209100,CUST00599,2024-02-01,3648.9,East,Cash on Delivery
ORD204059,CUST00159,2023-08-03,2433.73,South,Credit Card
ORD208517,CUST00528,2023-09-28,1654.48,West,Debit Card
ORD202867,CUST00103,2024-01-12,3881.65,Central,Debit Card
ORD205095,CUST00228,2023-07-24,3311.71,West,Credit Card
ORD206929,CUST00345,2023-05-31,5558.08,North,Debit Card
ORD200846,CUST00030,2023-09-19,7429.94,North,UPI/Wallet
ORD208974,CUST00582,2024-10-27,3625.93,East,UPI/Wallet
ORD209896,CUST00705,2024-03-22,2070.51,Central,Credit Card
ORD201905,CUST00067,2023-03-16,5786.64,Central,Debit Card
ORD200905,CUST00033,2023-04-21,6844.54,East,Cash on Delivery
ORD209249,CUST00617,2023-11-16,4434.83,East,Credit Card
ORD203261,CUST00116,2024-11-24,6667.59,South,Cash on Delivery
ORD205491,CUST00253,2024-09-24,4383.73,East,Cash on Delivery
ORD208461,CUST00522,2023-11-22,2517.92,East,UPI/Wallet
ORD202958,CUST00106,2024-09-18,4155.53,Central,UPI/Wallet
ORD200693,CUST00025,2024-02-13,3347.25,North,Credit Card
ORD208299,CUST00504,2023-03-14,1530.96,West,Cash on Delivery
ORD210692,CUST00867,2023-06-02,1898.03,Central,Debit Card
ORD202956,CUST00106,2024-08-06,3315.59,Central,Net Banking
ORD209674,CUST00675,2024-04-09,996.54,East,Debit Card
ORD204226,CUST00170,2024-02-27,3020.3,North,UPI/Wallet
ORD206523,CUST00319,2024-01-10,5173.05,South,Net Banking
ORD201416,CUST00050,2024-05-14,7515.05,North,UPI/Wallet
ORD202826,CUST00102,2023-08-19,8862.95,Central,Net Banking
ORD204708,CUST00203,2024-09-07,3426.47,West,Net Banking
ORD210785,CUST00900,2023-05-21,2803.03,South,Debit Card
ORD209327,CUST00629,2023-02-08,1661.11,East,Credit Card
ORD208481,CUST00524,2024-06-22,1062.95,South,Debit Card
ORD207859,CUST00453,2023-11-30,2138.37,Central,UPI/Wallet
ORD200288,CUST00011,2023-05-22,6043.62,South,Debit Card
ORD204328,CUST00176,2024-11-07,2437.49,North,Debit Card
ORD205693,CUST00267,2023-05-24,5329.72,Central,UPI/Wallet
ORD200780,CUST00027,2024-11-06,8358.55,Central,Cash on Delivery
ORD206720,CUST00332,2023-08-23,2722.17,West,Net Banking
ORD206861,CUST00341,2023-06-18,2563.47,East,Credit Card
ORD205815,CUST00274,2023-05-23,2555.18,East,Credit Card
ORD208001,CUST00468,2024-12-02,3576.43,Central,Credit Card
ORD204580,CUST00195,2024-05-12,2880.01,West,UPI/Wallet
ORD207471,CUST00405,2024-03-28,2177.75,South,Debit Card
ORD203934,CUST00150,2024-06-12,2333.3,North,Credit Card
ORD202054,CUST00073,2023-02-01,5180.03,West,Credit Card
ORD208907,CUST00574,2024-05-12,2610.64,Central,Debit Card
ORD201602,CUST00057,2024-12-23,5837.42,South,UPI/Wallet
ORD208995,CUST00585,2024-12-02,3591.11,Central,Net Banking
ORD209071,CUST00595,2023-12-02,2574.86,West,Debit Card
ORD203498,CUST00125,2023-02-13,9391.44,South,Credit Card
ORD210281,CUST00763,2024-06-11,4772.53,South,Credit Card
ORD202509,CUST00091,2023-01-07,5233.16,East,UPI/Wallet
ORD203024,CUST00109,2023-10-11,10037.32,Central,UPI/Wallet
ORD201300,CUST00046,2024-01-15,7318.72,West,Credit Card
ORD205893,CUST00278,2024-04-09,5446.53,East,Credit Card
ORD210120,CUST00738,2024-03-13,2427.03,North,Net Banking
ORD206555,CUST00321,2023-05-31,2913.02,West,Debit Card
ORD203221,CUST00115,2024-02-11,3654.74,West,Debit Card
ORD202859,CUST00103,2023-09-07,3533.84,Central,UPI/Wallet
ORD203157,CUST00113,2024-08-06,3215.91,Central,UPI/Wallet
ORD201253,CUST00044,2024-06-16,6713.65,East,Credit Card
ORD203866,CUST00145,2023-08-31,2883.78,North,UPI/Wallet
ORD202726,CUST00098,2024-12-06,5172.91,South,Cash on Delivery
ORD204986,CUST00221,2023-08-10,1801.57,South,Debit Card
ORD203881,CUST00146,2024-03-03,2951.61,East,UPI/Wallet
ORD200196,CUST00007,2023-08-14,6269.74,East,UPI/Wallet
ORD201598,CUST00057,2024-10-11,8659.82,South,Debit Card
ORD205512,CUST00255,2023-03-14,1561.89,East,Credit Card
ORD204488,CUST00188,2023-01-17,-4210.26,East,UPI/Wallet
ORD204401,CUST00182,2024-03-23,-2121.96,North,UPI/Wallet
ORD204697,CUST00203,2023-08-15,3723.84,West,Debit Card
ORD208943,CUST00579,2024-01-21,1072.3,East,Credit Card
ORD204479,CUST00187,2024-05-31,2337.0,Central,Credit Card
ORD200105,CUST00004,2023-12-06,8084.08,West,Credit Card
ORD206371,CUST00309,2024-08-03,2354.77,West,Debit Card
ORD205973,CUST00284,2023-06-02,5077.36,South,Debit Card
ORD201112,CUST00039,2023-10-13,7801.79,East,Credit Card
ORD206998,CUST00349,2024-07-06,3508.24,South,UPI/Wallet
ORD210294,CUST00766,2023-02-14,1926.87,South,UPI/Wallet
ORD200689,CUST00025,2023-09-08,4944.79,North,UPI/Wallet
ORD203573,CUST00127,2024-10-11,10902.99,Central,Net Banking
ORD207652,CUST00425,2024-03-04,1886.47,South,Credit Card
ORD205774,CUST00272,2023-03-03,2945.39,Central,Credit Card
ORD210143,CUST00742,2023-08-07,3262.83,Central,Credit Card
ORD210858,CUST00925,2023-11-06,591.05,West,Cash on Delivery
ORD202437,CUST00088,2023-02-12,4477.87,North,Credit Card
ORD208220,CUST00494,2024-08-15,1671.62,North,Net Banking
ORD208591,CUST00537,2023-08-03,936.87,East,Cash on Delivery
ORD205367,CUST00245,2024-09-22,1429.12,West,Cash on Delivery
ORD210076,CUST00733,2023-07-11,2380.82,South,Debit Card
ORD202053,CUST00073,2023-01-13,1857.06,West,UPI/Wallet
ORD207358,CUST00390,2024-06-15,1421.19,East,Credit Card
ORD204334,CUST00177,2023-12-25,3381.95,East,Credit Card
ORD204675,CUST00202,2023-09-22,3081.31,West,Debit Card
ORD200334,CUST00012,2023-12-28,5702.81,West,Credit Card
ORD202604,CUST00094,2023-04-12,-3291.64,Central,Net Banking
ORD203440,CUST00122,2024-04-18,3171.23,East,UPI/Wallet
ORD203028,CUST00109,2024-03-11,11122.5,Central,Debit Card
ORD200119,CUST00004,2024-10-15,7233.94,West,UPI/Wallet
ORD202308,CUST00082,2024-07-07,7504.17,West,Cash on Delivery
ORD202320,CUST00082,2024-12-22,7571.92,West,Debit Card
ORD200302,CUST00011,2024-04-22,6384.54,South,Net Banking
ORD209349,CUST00631,2024-03-19,-2051.29,Central,Cash on Delivery
ORD200819,CUST00029,2024-01-16,4089.53,North,Credit Card
ORD209106,CUST00600,2024-03-12,2368.16,Central,UPI/Wallet
ORD203997,CUST00155,2023-09-20,4083.35,East,Debit Card
ORD200998,CUST00035,2024-04-21,7191.03,North,Debit Card
ORD200143,CUST00005,2024-10-12,9458.68,South,UPI/Wallet
ORD205414,CUST00248,2024-11-18,3729.82,South,UPI/Wallet
ORD211001,CUST00977,2024-06-05,1531.15,North,Debit Card
ORD205447,CUST00250,2024-11-05,5249.86,East,UPI/Wallet
ORD203930,CUST00150,2023-12-21,2251.53,North,Net Banking
ORD201841,CUST00065,2023-11-04,7781.07,South,UPI/Wallet
ORD203023,CUST00109,2023-09-20,7433.94,Central,Debit Card
ORD205198,CUST00235,2024-11-10,2312.47,West,Debit Card
ORD208253,CUST00498,2023-11-21,1461.45,Central,UPI/Wallet
ORD202563,CUST00092,2024-06-28,6265.4,South,Cash on Delivery
ORD203864,CUST00145,2023-06-17,3278.42,North,UPI/Wallet
ORD208812,CUST00563,2023-06-20,2665.79,North,UPI/Wallet
ORD210229,CUST00756,2024-04-04,1687.56,West,Net Banking
ORD204501,CUST00189,2023-04-14,5269.15,Central,Debit Card
ORD200501,CUST00018,2023-07-03,7872.09,East,UPI/Wallet
ORD202436,CUST00087,2024-12-15,10039.05,North,Credit Card
ORD211007,CUST00979,2023-10-23,965.54,South,Credit Card
ORD202255,CUST00080,2024-03-12,5858.2,North,UPI/Wallet
ORD208125,CUST00483,2024-07-29,1556.64,South,Cash on Delivery
ORD200097,CUST00004,2023-07-04,5854.62,West,Cash on Delivery
ORD201070,CUST00038,2023-03-10,4878.06,West,UPI/Wallet
ORD203717,CUST00135,2023-01-24,4562.95,Central,Net Banking
ORD210059,CUST00730,2024-03-23,3476.57,Central,UPI/Wallet
ORD206318,CUST00306,2023-06-27,2926.17,West,Credit Card
ORD207462,CUST00404,2024-08-26,2885.46,West,Debit Card
ORD207277,CUST00380,2024-09-21,3811.66,West,Cash on Delivery
ORD207003,CUST00350,2023-07-14,2744.04,North,Cash on Delivery
ORD200996,CUST00035,2024-03-01,6989.18,North,UPI/Wallet
ORD205942,CUST00281,2024-03-09,2908.16,East,Debit Card
ORD209981,CUST00718,2023-09-01,3380.27,North,Debit Card
ORD206332,CUST00307,2023-07-04,4016.8,North,UPI/Wallet
ORD200700,CUST00025,2024-08-24,5583.94,North,UPI/Wallet
ORD209343,CUST00631,2023-02-13,2482.63,Central,Credit Card
ORD206326,CUST00306,2024-08-31,2608.86,West,Credit Card
ORD208996,CUST00586,2023-02-27,1078.97,East,Net Banking
ORD203578,CUST00128,2023-03-09,4108.94,West,Cash on Delivery
ORD202236,CUST00079,2024-09-29,4760.49,Central,Debit Card
ORD200990,CUST00035,2023-09-29,6379.78,North,Credit Card
ORD204848,CUST00213,2023-03-21,3313.32,South,Credit Card
ORD205911,CUST00279,2024-06-12,2760.43,West,Credit Card
ORD208520,CUST00528,2024-04-23,2900.79,West,UPI/Wallet
ORD208189,CUST00491,2024-03-27,3329.71,North,UPI/Wallet
ORD210450,CUST00787,2024-06-17,1034.05,Central,Cash on Delivery
ORD202468,CUST00089,2024-05-03,7795.52,Central,Cash on Delivery
ORD201488,CUST00053,2024-12-05,3590.88,Central,Credit Card
ORD208945,CUST00579,2024-09-23,1494.48,East,UPI/Wallet
ORD202622,CUST00094,2024-09-10,3164.4,Central,UPI/Wallet
ORD206325,CUST00306,2024-07-20,2618.12,West,Credit Card
ORD209731,CUST00683,2024-01-21,2918.15,East,UPI/Wallet
ORD203873,CUST00146,2023-02-21,3075.34,East,Credit Card
ORD208196,CUST00492,2023-04-17,1208.86,Central,Cash on Delivery
ORD206426,CUST00313,2024-05-19,3594.47,North,Net Banking
ORD200083,CUST00003,2024-05-13,4589.72,North,Cash on Delivery
ORD200892,CUST00032,2024-03-12,4042.84,North,Credit Card
ORD204412,CUST00183,2023-06-13,2658.21,South,Cash on Delivery
ORD208559,CUST00534,2023-02-17,3047.28,North,UPI/Wallet
ORD207712,CUST00433,2023-11-26,2783.3,West,Debit Card
ORD209735,CUST00684,2023-05-01,2848.72,Central,UPI/Wallet
ORD210890,CUST00936,2023-12-12,924.69,North,Cash on Delivery
ORD203029,CUST00109,2024-03-21,9983.98,Central,Debit Card
ORD210888,CUST00935,2024-02-17,805.22,East,Debit Card
ORD209431,CUST00642,2023-08-03,3118.21,Central,Net Banking
ORD208671,CUST00546,2023-07-22,2151.5,West,Cash on Delivery
ORD204749,CUST00206,2024-03-15,3144.89,West,Cash on Delivery
ORD207994,CUST00468,2024-04-01,3841.45,Central,UPI/Wallet
ORD204969,CUST00220,2023-10-13,5200.27,West,Cash on Delivery
ORD209642,CUST00671,2024-02-20,1498.85,South,Debit Card
ORD208385,CUST00513,2024-09-30,3522.37,South,UPI/Wallet
ORD208748,CUST00555,2024-06-17,967.47,Central,Cash on Delivery
ORD202802,CUST00101,2023-08-12,9591.99,West,Credit Card
ORD209990,CUST00719,2024-02-17,2090.17,South,Credit Card
ORD207970,CUST00465,2024-11-26,1055.26,Central,Cash on Delivery
ORD201328,CUST00047,2023-05-11,2241.89,South,Credit Card
ORD200791,CUST00028,2023-10-25,8734.87,East,Debit Card
ORD201538,CUST00055,2024-02-23,3881.72,East,Net Banking
ORD208490,CUST00525,2024-04-04,1919.03,South,UPI/Wallet
ORD202871,CUST00103,2024-02-17,4184.46,Central,Credit Card
ORD209472,CUST00648,2023-03-05,3760.09,East,Cash on Delivery
ORD209944,CUST00713,2023-05-21,803.51,South,Credit Card
ORD200618,CUST00022,2024-08-16,8122.37,South,UPI/Wallet
ORD207828,CUST00449,2024-10-17,1159.96,East,Credit Card
ORD201069,CUST00037,2024-12-13,3897.26,Central,Debit Card
ORD204883,CUST00215,2023-03-27,3523.75,Central,Debit Card
ORD201010,CUST00035,2024-12-09,7285.63,North,UPI/Wallet
ORD202681,CUST00096,2024-11-27,6081.53,North,UPI/Wallet
ORD206366,CUST00309,2024-02-06,2902.6,West,Debit Card
ORD209745,CUST00685,2023-02-20,2122.62,Central,Net Banking
ORD206705,CUST00331,2023-11-02,4292.59,West,UPI/Wallet
ORD205188,CUST00234,2024-09-29,4642.51,South,UPI/Wallet
ORD202446,CUST00088,2024-03-21,5624.05,North,UPI/Wallet
ORD206225,CUST00300,2023-12-26,2672.47,South,Cash on Delivery
ORD201042,CUST00037,2023-07-03,4282.04,Central,UPI/Wallet
ORD203948,CUST00151,2024-11-11,4547.25,North,Credit Card
ORD210296,CUST00766,2023-04-21,2587.12,South,Credit Card
ORD210840,CUST00919,2024-05-26,1491.42,East,UPI/Wallet
ORD200047,CUST00002,2023-09-16,8853.48,East,Net Banking
ORD206084,CUST00292,2023-01-13,5798.3,South,Credit Card
ORD210811,CUST00909,2023-11-16,664.11,Central,UPI/Wallet
ORD205619,CUST00261,2024-11-18,4575.97,South,Credit Card
ORD209251,CUST00617,2024-07-01,4071.14,East,Credit Card
ORD203113,CUST00112,2024-02-08,7901.26,Central,UPI/Wallet
ORD210671,CUST00858,2024-04-24,983.13,South,Credit Card
ORD201294,CUST00046,2023-11-22,5994.45,West,UPI/Wallet
ORD205891,CUST00278,2023-11-16,2915.13,East,Credit Card
ORD202762,CUST00099,2024-07-03,11208.95,East,Debit Card
ORD204821,CUST00211,2023-10-21,-1873.81,West,Cash on Delivery
ORD201317,CUST00046,2024-11-13,6871.24,West,Cash on Delivery
ORD208056,CUST00475,2024-08-29,3755.19,North,UPI/Wallet
ORD202391,CUST00086,2023-03-25,7083.45,East,UPI/Wallet
ORD202805,CUST00101,2024-02-11,9331.75,West,UPI/Wallet
ORD206308,CUST00305,2023-12-15,3234.24,North,UPI/Wallet
ORD204740,CUST00206,2023-03-13,3030.54,West,Net Banking
ORD207600,CUST00420,2023-02-24,1497.16,North,UPI/Wallet
ORD207589,CUST00419,2023-07-30,1392.78,East,Credit Card
ORD206620,CUST00325,2023-04-18,4511.81,West,Credit Card
ORD202687,CUST00097,2023-04-08,6698.06,North,UPI/Wallet
ORD206582,CUST00322,2024-04-12,1800.7,West,Credit Card
ORD209742,CUST00684,2024-02-28,2791.42,Central,Cash on Delivery
ORD201386,CUST00049,2023-08-08,9283.3,South,Debit Card
ORD203133,CUST00112,2024-11-15,8363.29,Central,Debit Card
ORD208003,CUST00469,2023-08-09,1987.5,East,Debit Card
ORD208058,CUST00476,2023-08-01,2865.3,West,UPI/Wallet
ORD203949,CUST00152,2023-01-04,6714.1,South,UPI/Wallet
ORD208547,CUST00532,2023-11-18,3631.33,South,Cash on Delivery
ORD207582,CUST00418,2023-12-28,3037.5,South,Credit Card
ORD209616,CUST00668,2023-01-25,4024.26,North,
ORD204124,CUST00164,2023-02-20,2538.62,East,Debit Card
ORD207267,CUST00379,2024-12-20,4121.42,South,Credit Card
ORD200297,CUST00011,2023-12-27,6902.78,South,Net Banking
ORD202307,CUST00082,2024-06-30,6948.29,West,UPI/Wallet
ORD201603,CUST00058,2023-01-03,2569.33,South,Cash on Delivery
ORD203839,CUST00143,2023-10-02,2659.16,West,Cash on Delivery
ORD206506,CUST00318,2024-01-23,2978.81,South,Credit Card
ORD201504,CUST00054,2023-10-09,6660.09,East,UPI/Wallet
ORD209130,CUST00603,2023-06-22,2486.7,East,Credit Card
ORD208340,CUST00509,2023-01-20,2885.19,Central,Cash on Delivery
ORD201492,CUST00054,2023-02-09,5730.6,East,UPI/Wallet
ORD208829,CUST00565,2023-10-14,2097.89,South,UPI/Wallet
ORD210850,CUST00922,2023-09-03,1151.28,Central,Credit Card
ORD209113,CUST00601,2024-08-20,1307.29,West,UPI/Wallet
ORD208084,CUST00478,2024-08-15,3424.13,West,Cash on Delivery
ORD205490,CUST00253,2024-08-21,3105.07,East,Debit Card
ORD204077,CUST00160,2024-04-01,3264.59,West,Debit Card
ORD200054,CUST00002,2024-04-13,8375.77,East,Credit Card
ORD202412,CUST00086,2024-10-03,8402.01,East,Debit Card
ORD208364,CUST00511,2024-05-25,-1696.85,South,Cash on Delivery
ORD208596,CUST00537,2024-03-25,1608.69,East,Credit Card
ORD200669,CUST00024,2024-07-12,9880.11,North,Debit Card
ORD200726,CUST00026,2023-11-11,3317.32,East,Cash on Delivery
ORD203707,CUST00134,2023-06-26,2862.18,North,Credit Card
ORD209394,CUST00638,2023-06-20,2764.47,West,Credit Card
ORD202125,CUST00074,2024-11-12,11292.05,East,Debit Card
ORD201370,CUST00048,2024-09-30,2241.6,South,
ORD210521,CUST00806,2024-05-23,1365.07,West,Net Banking
ORD209497,CUST00652,2023-06-21,4049.03,South,UPI/Wallet
ORD206110,CUST00293,2023-12-31,1534.56,North,Credit Card
ORD204279,CUST00173,2024-06-01,3731.68,South,Debit Card
ORD209000,CUST00586,2023-09-04,1640.53,East,Credit Card
ORD201697,CUST00061,2023-07-02,3867.65,South,Debit Card
ORD209448,CUST00644,2024-07-09,2265.94,North,UPI/Wallet
ORD202837,CUST00102,2024-04-15,4433.16,Central,Credit Card
ORD206951,CUST00346,2023-11-21,4583.44,East,Credit Card
ORD208828,CUST00565,2023-09-02,3337.0,South,Credit Card
ORD207039,CUST00353,2024-07-03,2165.81,North,Debit Card
ORD203776,CUST00139,2024-01-08,1659.2,Central,Cash on Delivery
ORD210087,CUST00735,2023-06-28,1918.36,East,Credit Card
ORD202223,CUST00079,2023-08-01,4982.73,Central,Cash on Delivery
ORD208574,CUST00535,2024-05-17,1501.55,North,Credit Card
ORD204315,CUST00175,2024-11-03,1702.37,South,Cash on Delivery
ORD206291,CUST00304,2023-05-18,5792.28,South,Credit Card
ORD201047,CUST00037,2023-09-22,2798.68,Central,Cash on Delivery
ORD208944,CUST00579,2024-04-21,1155.95,East,Debit Card
ORD206469,CUST00316,2024-05-25,2327.22,West,Cash on Delivery
ORD200912,CUST00033,2023-07-16,6056.77,East,UPI/Wallet
ORD201655,CUST00059,2023-05-05,3680.16,South,Cash on Delivery
ORD204456,CUST00186,2023-05-30,3768.56,West,Cash on Delivery
ORD202724,CUST00098,2024-11-19,3227.08,South,UPI/Wallet
ORD211019,CUST00985,2023-05-13,1764.25,East,Credit Card
ORD203363,CUST00120,2024-02-11,3936.04,Central,Credit Card
ORD207395,CUST00396,2023-01-05,1899.81,South,UPI/Wallet
ORD210416,CUST00783,2024-01-01,1343.54,South,UPI/Wallet
ORD207451,CUST00403,2023-07-04,1483.34,North,Debit Card
ORD201564,CUST00057,2023-01-12,11272.3,South,Credit Card
ORD200324,CUST00012,2023-10-05,4747.43,West,Credit Card
ORD210735,CUST00882,2023-04-30,877.62,Central,Net Banking
ORD202523,CUST00091,2023-11-30,1754.94,East,Cash on Delivery
ORD210974,CUST00968,2024-04-26,289.91,East,Credit Card
ORD206464,CUST00316,2024-02-05,2761.72,West,Debit Card
ORD200650,CUST00024,2023-05-09,6072.28,North,UPI/Wallet
ORD203815,CUST00141,2024-05-26,5881.17,Central,Debit Card
ORD204380,CUST00180,2024-07-16,2999.84,East,UPI/Wallet
ORD204136,CUST00164,2024-04-05,4420.09,East,Cash on Delivery
ORD207459,CUST00404,2024-01-15,1614.03,West,Cash on Delivery
ORD207300,CUST00383,2023-03-09,3762.6,North,Credit Card
ORD206895,CUST00343,2023-06-15,3255.05,East,Debit Card
ORD202187,CUST00077,2024-06-11,7732.14,West,UPI/Wallet
ORD205172,CUST00233,2024-09-08,2744.09,North,Credit Card
ORD207655,CUST00425,2024-11-24,2309.65,South,UPI/Wallet
ORD210859,CUST00925,2024-05-29,792.02,West,Cash on Delivery
ORD201096,CUST00038,2024-07-08,5855.1,West,Cash on Delivery
ORD205234,CUST00238,2023-10-19,4290.74,Central,UPI/Wallet
ORD208566,CUST00534,2024-08-19,3086.09,North,Credit Card
ORD209142,CUST00605,2023-09-12,1754.29,West,Net Banking
ORD209178,CUST00609,2023-07-07,3134.67,Central,Credit Card
ORD203049,CUST00110,2023-09-08,9417.46,West,Debit Card
ORD209453,CUST00645,2023-07-17,2289.98,South,Cash on Delivery
ORD201996,CUST00070,2024-02-20,7197.47,North,Credit Card
ORD202488,CUST00090,2023-07-26,6413.91,Central,UPI/Wallet
ORD208567,CUST00534,2024-09-04,1382.68,North,Cash on Delivery
ORD204210,CUST00169,2023-09-01,5072.65,North,Credit Card
ORD200765,CUST00027,2024-01-12,6829.51,Central,Credit Card
ORD209907,CUST00707,2024-01-10,3178.57,South,Cash on Delivery
ORD204163,CUST00166,2024-05-04,3569.59,East,Net Banking
ORD203640,CUST00130,2023-04-27,4005.33,South,UPI/Wallet
ORD210000,CUST00720,2024-05-21,2690.49,Central,Net Banking
ORD201333,CUST00047,2023-10-16,4266.83,South,UPI/Wallet
ORD205807,CUST00273,2024-07-03,6267.17,East,Debit Card
ORD200769,CUST00027,2024-03-28,6567.48,Central,UPI/Wallet
ORD201808,CUST00064,2024-02-13,4594.46,Central,UPI/Wallet
ORD204796,CUST00209,2023-12-02,-4557.91,South,UPI/Wallet
ORD200646,CUST00024,2023-02-06,8314.47,North,Credit Card
ORD202918,CUST00105,2024-01-08,2308.82,South,Cash on Delivery
ORD205866,CUST00276,2024-03-29,2995.58,Central,Debit Card
ORD208031,CUST00472,2023-09-29,2380.46,North,Debit Card
ORD205416,CUST00249,2023-02-22,4919.71,Central,Credit Card
ORD204370,CUST00179,2024-07-23,1798.22,South,Credit Card
ORD209557,CUST00660,2023-04-29,2599.15,Central,Debit Card
ORD210303,CUST00768,2023-05-15,3337.18,West,UPI/Wallet
ORD201035,CUST00037,2023-02-11,4667.14,Central,
ORD205731,CUST00269,2023-04-06,2650.03,West,Credit Card
ORD200433,CUST00016,2023-03-03,8536.99,East,UPI/Wallet
ORD203152,CUST00113,2024-01-27,2429.57,Central,Credit Card
ORD206404,CUST00312,2023-08-28,2085.26,West,UPI/Wallet
ORD202197,CUST00078,2023-08-19,6324.41,South,Debit Card
ORD200266,CUST00010,2023-10-02,7891.25,North,Credit Card
ORD210018,CUST00723,2024-05-31,1986.29,East,Credit Card
ORD210874,CUST00930,2023-01-09,1118.08,West,UPI/Wallet
ORD204651,CUST00200,2024-05-29,2606.12,West,Cash on Delivery
ORD206940,CUST00345,2024-08-07,3632.08,North,Debit Card
ORD210082,CUST00734,2024-04-15,5158.05,West,Net Banking
ORD208997,CUST00586,2023-04-07,860.78,East,Credit Card
ORD207583,CUST00418,2024-09-07,2264.02,South,Debit Card
ORD202752,CUST00099,2023-12-19,9824.21,East,Cash on Delivery
ORD202914,CUST00105,2023-08-24,4482.63,South,Debit Card
ORD207903,CUST00459,2023-08-17,3168.22,West,Cash on Delivery
ORD202819,CUST00101,2024-12-17,8062.96,West,Debit Card
ORD209664,CUST00674,2023-04-15,3380.21,West,Credit Card
ORD206253,CUST00301,2024-10-11,3625.88,Central,Debit Card
ORD203549,CUST00126,2024-12-18,10299.47,East,Credit Card
ORD204135,CUST00164,2024-03-19,5886.5,East,Debit Card
ORD202300,CUST00082,2024-03-31,7752.15,West,Cash on Delivery
ORD211041,CUST00992,2024-03-19,1031.05,West,UPI/Wallet
ORD208757,CUST00556,2023-09-06,891.32,East,Credit Card
ORD210244,CUST00759,2023-08-01,7202.75,West,UPI/Wallet
ORD209010,CUST00587,2024-09-02,2507.52,Central,Credit Card
ORD209456,CUST00645,2024-02-29,3259.94,South,Credit Card
ORD205083,CUST00227,2024-09-06,5397.18,North,UPI/Wallet
ORD210885,CUST00934,2024-04-01,1540.4,West,Net Banking
ORD206920,CUST00344,2023-07-06,6368.05,East,Cash on Delivery
ORD207797,CUST00445,2023-08-08,1907.56,South,UPI/Wallet
ORD202462,CUST00089,2023-12-15,5929.65,Central,UPI/Wallet
ORD208044,CUST00473,2024-11-09,1181.35,Central,Cash on Delivery
ORD202912,CUST00105,2023-03-26,4240.79,South,Net Banking
ORD206848,CUST00340,2024-04-01,4320.75,South,Net Banking
ORD200271,CUST00010,2023-12-03,9433.49,North,Cash on Delivery
ORD208469,CUST00523,2023-11-02,1906.85,East,UPI/Wallet
ORD201286,CUST00046,2023-02-06,6740.68,West,Credit Card
ORD203360,CUST00120,2024-01-11,4071.84,Central,UPI/Wallet
ORD203763,CUST00138,2023-01-22,3567.21,East,Debit Card
ORD203666,CUST00131,2024-02-24,3293.1,South,UPI/Wallet
ORD210654,CUST00853,2024-03-25,1164.13,Central,Cash on Delivery
ORD208336,CUST00508,2024-07-15,1585.5,Central,UPI/Wallet
ORD205373,CUST00246,2023-04-17,2187.43,East,Debit Card
ORD207805,CUST00446,2023-12-29,2644.06,East,Credit Card
ORD202297,CUST00082,2024-02-13,3707.29,West,UPI/Wallet
ORD202772,CUST00100,2023-04-15,6934.96,North,Cash on Delivery
ORD203127,CUST00112,2024-08-22,9327.15,Central,UPI/Wallet
ORD208656,CUST00544,2024-02-21,1318.0,South,Credit Card
ORD200923,CUST00033,2024-02-05,4182.37,East,Cash on Delivery
ORD210199,CUST00751,2024-07-12,3325.91,Central,Cash on Delivery
ORD208969,CUST00582,2023-11-19,3323.25,East,Cash on Delivery
ORD203960,CUST00152,2024-12-04,6503.29,South,Cash on Delivery
ORD202484,CUST00090,2023-04-19,10121.31,Central,UPI/Wallet
ORD202179,CUST00077,2023-07-25,9662.09,West,Cash on Delivery
ORD210718,CUST00875,2023-12-12,1092.27,West,Debit Card
ORD203314,CUST00118,2024-04-26,2795.57,West,Credit Card
ORD202026,CUST00072,2023-06-20,9183.99,Central,Credit Card
ORD208050,CUST00474,2024-10-04,1580.74,East,UPI/Wallet
ORD204011,CUST00156,2023-08-19,3365.78,Central,Credit Card
ORD202173,CUST00076,2024-12-03,6839.33,South,UPI/Wallet
ORD200549,CUST00019,2024-12-24,5699.96,North,Net Banking
ORD205385,CUST00246,2024-09-16,2661.16,East,Cash on Delivery
ORD208623,CUST00540,2024-01-25,4619.18,North,Credit Card
ORD200459,CUST00016,2024-09-27,6779.54,East,UPI/Wallet
ORD203965,CUST00153,2023-10-13,2467.31,West,Net Banking
ORD206078,CUST00291,2023-12-20,3025.39,North,Net Banking
ORD207485,CUST00407,2023-04-29,2641.73,West,Credit Card
ORD201221,CUST00043,2024-08-25,8338.53,North,UPI/Wallet
ORD210881,CUST00932,2023-10-22,2298.75,East,Cash on Delivery
ORD203980,CUST00154,2023-03-26,2863.27,East,Cash on Delivery
ORD209074,CUST00596,2023-02-13,1152.99,North,Cash on Delivery
ORD206709,CUST00331,2024-04-24,3842.92,West,Net Banking
ORD209740,CUST00684,2023-11-25,3287.98,Central,UPI/Wallet
ORD201838,CUST00065,2023-10-12,8523.86,South,Debit Card
ORD200516,CUST00018,2024-04-30,5112.07,East,Cash on Delivery
ORD202862,CUST00103,2023-10-26,5923.84,Central,Credit Card
ORD202844,CUST00102,2024-09-16,8970.15,Central,Cash on Delivery
ORD201059,CUST00037,2024-07-15,5347.28,Central,Cash on Delivery
ORD203890,CUST00147,2023-03-17,2219.49,North,Net Banking
ORD205800,CUST00273,2023-09-04,7062.89,East,Debit Card
ORD206380,CUST00310,2023-09-22,1711.3,West,Cash on Delivery
ORD204249,CUST00172,2023-10-05,2873.93,Central,Credit Card
ORD205061,CUST00226,2023-12-17,5327.79,West,Net Banking
ORD205983,CUST00284,2024-05-19,3587.95,South,UPI/Wallet
ORD206599,CUST00323,2024-11-09,2669.67,South,Credit Card
ORD201105,CUST00039,2023-03-13,4199.81,East,Credit Card
ORD208384,CUST00513,2024-04-07,4211.48,South,Cash on Delivery
ORD208752,CUST00555,2024-11-28,1119.88,Central,Cash on Delivery
ORD203025,CUST00109,2023-10-12,10753.91,Central,Credit Card
ORD208161,CUST00488,2023-01-24,2054.24,East,Credit Card
ORD202534,CUST00091,2024-07-04,2034.33,East,Credit Card
ORD206778,CUST00335,2024-09-25,5529.16,East,UPI/Wallet
ORD202159,CUST00076,2023-10-21,9540.88,South,Credit Card
ORD209546,CUST00659,2023-07-28,3530.73,South,
ORD207910,CUST00459,2024-11-26,4278.06,West,UPI/Wallet
ORD207993,CUST00468,2024-02-26,3214.17,Central,Debit Card
ORD200880,CUST00031,2024-08-10,4723.28,West,Credit Card
ORD210989,CUST00974,2024-04-11,789.66,Central,UPI/Wallet
ORD205404,CUST00248,2024-01-19,3865.08,South,UPI/Wallet
ORD202161,CUST00076,2023-11-19,5778.64,South,Cash on Delivery
ORD209809,CUST00695,2023-05-09,1405.61,North,Credit Card
ORD210116,CUST00738,2023-01-28,2070.05,North,Credit Card
ORD200820,CUST00029,2024-02-17,4600.46,North,Cash on Delivery
ORD210522,CUST00806,2024-06-06,1945.49,West,Cash on Delivery
ORD208447,CUST00521,2023-06-08,2206.29,West,UPI/Wallet
ORD200342,CUST00012,2024-06-13,5977.28,West,UPI/Wallet
ORD203901,CUST00147,2024-06-15,3394.87,North,Credit Card
ORD207449,CUST00403,2023-04-03,642.53,North,Credit Card
ORD205430,CUST00250,2023-02-23,3833.53,East,Credit Card
ORD203630,CUST00129,2024-11-05,6750.02,Central,UPI/Wallet
ORD206598,CUST00323,2024-09-24,3075.38,South,Credit Card
ORD204057,CUST00159,2023-07-03,2594.08,South,Cash on Delivery
ORD208610,CUST00539,2023-03-09,4417.71,Central,Debit Card
ORD207585,CUST00418,2024-09-21,3344.73,South,Credit Card
ORD204261,CUST00172,2024-08-11,3468.23,Central,Net Banking
ORD202676,CUST00096,2024-07-20,1836.05,North,UPI/Wallet
ORD210638,CUST00848,2024-01-01,2291.68,Central,UPI/Wallet
ORD207680,CUST00429,2023-03-09,1355.18,Central,UPI/Wallet
ORD210764,CUST00892,2024-04-12,737.07,North,UPI/Wallet
ORD209457,CUST00645,2024-03-31,1760.62,South,Cash on Delivery
ORD210593,CUST00831,2023-01-06,410.42,East,Cash on Delivery
ORD202208,CUST00078,2024-04-11,4860.79,South,Net Banking
ORD208238,CUST00497,2023-07-30,2451.82,West,Credit Card
ORD204237,CUST00171,2023-08-20,4501.19,Central,UPI/Wallet
ORD207588,CUST00419,2023-03-17,2801.69,East,Cash on Delivery
ORD200713,CUST00026,2023-06-12,4853.33,East,Cash on Delivery
ORD205783,CUST00272,2024-03-15,3155.67,Central,Cash on Delivery
ORD209969,CUST00716,2024-03-12,-5064.18,Central,Debit Card
ORD204860,CUST00213,2024-10-14,4384.09,South,UPI/Wallet
ORD202364,CUST00084,2024-11-27,5789.81,North,Credit Card
ORD204032,CUST00157,2024-04-27,2822.87,West,Cash on Delivery
ORD200798,CUST00028,2024-11-12,6290.37,East,Debit Card
ORD204602,CUST00197,2023-01-16,3624.14,South,UPI/Wallet
ORD201144,CUST00040,2024-07-03,6096.43,South,Credit Card
ORD201913,CUST00067,2023-09-27,9444.55,Central,UPI/Wallet
ORD208188,CUST00491,2023-02-26,2301.47,North,Credit Card
ORD208346,CUST00509,2024-04-17,3125.82,Central,Cash on Delivery
ORD201548,CUST00055,2024-12-04,5565.05,East,Debit Card
ORD208879,CUST00571,2024-03-22,3337.14,Central,Cash on Delivery
ORD202429,CUST00087,2024-09-26,5492.26,North,Debit Card
ORD207731,CUST00435,2024-10-09,3192.29,North,UPI/Wallet
ORD202938,CUST00106,2023-04-15,2462.24,Central,UPI/Wallet
ORD207803,CUST00446,2023-02-18,2563.63,East,Credit Card
ORD208526,CUST00529,2023-10-27,3100.69,East,Debit Card
ORD208314,CUST00505,2024-08-11,2461.94,North,Credit Card
ORD205205,CUST00236,2023-07-15,3398.96,North,UPI/Wallet
ORD200395,CUST00014,2024-05-18,3736.44,West,UPI/Wallet
ORD205782,CUST00272,2024-02-21,1153.52,Central,Credit Card
ORD203158,CUST00113,2024-09-06,3920.78,Central,Debit Card
ORD201425,CUST00051,2023-05-21,5229.59,East,Cash on Delivery
ORD201599,CUST00057,2024-10-25,6872.84,South,UPI/Wallet
ORD202786,CUST00100,2024-04-29,5482.68,North,Cash on Delivery
ORD201064,CUST00037,2024-10-06,4220.3,Central,Credit Card
ORD203588,CUST00128,2023-11-13,2372.19,West,Cash on Delivery
ORD202138,CUST00075,2023-10-27,4467.59,South,Net Banking
ORD202030,CUST00072,2023-08-23,8128.71,Central,Credit Card
ORD204556,CUST00193,2023-05-14,1589.95,South,Net Banking
ORD202228,CUST00079,2024-01-16,6290.26,Central,UPI/Wallet
ORD202820,CUST00102,2023-01-14,8461.87,Central,Debit Card
ORD207934,CUST00462,2024-02-27,902.81,Central,Credit Card
ORD201269,CUST00045,2023-05-28,5630.67,East,Cash on Delivery
ORD200662,CUST00024,2023-12-22,7527.11,North,Cash on Delivery
ORD201705,CUST00061,2024-03-04,2693.53,South,Net Banking
ORD207610,CUST00421,2023-07-30,3458.1,West,Cash on Delivery
ORD210070,CUST00732,2024-02-04,1820.14,South,Debit Card
ORD203177,CUST00114,2023-04-01,4744.49,West,UPI/Wallet
ORD202075,CUST00073,2024-01-08,4384.03,West,UPI/Wallet
ORD200978,CUST00034,2024-11-06,3954.02,East,Cash on Delivery
ORD206222,CUST00300,2023-11-01,1630.66,South,Net Banking
ORD200607,CUST00022,2023-07-12,10204.17,South,Debit Card
ORD204245,CUST00172,2023-05-06,2134.67,Central,Debit Card
ORD211000,CUST00977,2024-04-01,1341.54,North,Net Banking
ORD203207,CUST00114,2024-11-07,8644.89,West,Cash on Delivery
ORD209940,CUST00713,2023-01-11,2319.36,South,UPI/Wallet
ORD210903,CUST00942,2023-08-13,493.14,West,UPI/Wallet
ORD205247,CUST00239,2023-05-03,3295.96,North,UPI/Wallet
ORD204115,CUST00163,2023-08-27,1985.09,Central,UPI/Wallet
ORD206957,CUST00346,2024-09-01,3111.82,East,UPI/Wallet
ORD206268,CUST00302,2024-02-07,4408.13,South,Credit Card
ORD208344,CUST00509,2024-03-05,4311.67,Central,Credit Card
ORD206818,CUST00338,2024-05-30,3880.94,Central,Credit Card
ORD200750,CUST00027,2023-01-18,9837.51,Central,Cash on Delivery
ORD201307,CUST00046,2024-04-14,6410.06,West,Cash on Delivery
ORD210307,CUST00768,2023-11-22,-3509.13,West,Credit Card
ORD200604,CUST00022,2023-06-03,13108.73,South,Debit Card
ORD207932,CUST00462,2023-03-31,830.18,Central,Debit Card
ORD204267,CUST00173,2023-05-18,4888.79,South,UPI/Wallet
ORD210597,CUST00832,2023-10-08,-1090.63,West,Net Banking
ORD204774,CUST00208,2023-04-29,3092.62,South,Cash on Delivery
ORD206723,CUST00332,2023-12-07,2917.99,West,Credit Card
ORD210073,CUST00732,2024-04-27,1913.2,South,Cash on Delivery
ORD204047,CUST00158,2024-04-09,6264.56,North,Cash on Delivery
ORD200743,CUST00026,2024-07-26,3886.37,East,Credit Card
ORD207379,CUST00393,2023-10-02,1351.28,East,Cash on Delivery
ORD202366,CUST00084,2024-12-29,8127.47,North,UPI/Wallet
ORD200991,CUST00035,2023-10-12,6250.84,North,UPI/Wallet
ORD201223,CUST00043,2024-12-04,6469.31,North,Debit Card
ORD202188,CUST00077,2024-06-30,7805.26,West,UPI/Wallet
ORD208071,CUST00477,2023-02-23,1301.81,Central,Cash on Delivery
ORD201134,CUST00040,2023-07-14,8216.05,South,Cash on Delivery
ORD204626,CUST00198,2024-03-05,4501.69,South,UPI/Wallet
ORD205994,CUST00285,2023-06-22,2539.64,South,Credit Card
ORD207771,CUST00441,2023-06-24,1757.83,Central,Debit Card
ORD200449,CUST00016,2024-01-22,8721.34,East,Cash on Delivery
ORD207647,CUST00425,2023-10-04,2383.64,South,UPI/Wallet
ORD210180,CUST00748,2023-03-27,2340.15,West,Cash on Delivery
ORD208203,CUST00492,2024-11-22,891.98,Central,UPI/Wallet
ORD200967,CUST00034,2024-03-12,8128.2,East,Debit Card
ORD208400,CUST00515,2024-06-01,3490.45,Central,Credit Card
ORD200794,CUST00028,2024-04-13,7223.03,East,Cash on Delivery
ORD201795,CUST00064,2023-05-07,4968.97,Central,Debit Card
ORD201290,CUST00046,2023-05-02,5675.25,West,Net Banking
ORD207755,CUST00439,2023-03-13,3456.47,East,Cash on Delivery
ORD209050,CUST00593,2023-02-16,2513.74,North,Debit Card
ORD201168,CUST00041,2024-02-05,4080.3,South,Cash on Delivery
ORD207670,CUST00427,2024-10-11,2153.56,North,Debit Card
ORD204171,CUST00167,2023-04-14,2942.3,Central,UPI/Wallet
ORD200107,CUST00004,2024-02-15,10271.54,West,Cash on Delivery
ORD205612,CUST00261,2024-03-24,5924.53,South,UPI/Wallet
ORD209027,CUST00590,2023-03-29,1408.19,North,Cash on Delivery
ORD208546,CUST00532,2023-01-10,2568.0,South,Cash on Delivery
ORD210310,CUST00769,2023-03-31,4612.72,East,Debit Card
ORD209042,CUST00592,2023-07-14,1653.92,South,Credit Card
ORD203365,CUST00120,2024-02-12,3621.83,Central,Debit Card
ORD210140,CUST00741,2024-01-02,3801.7,East,UPI/Wallet
ORD209659,CUST00673,2023-11-12,1690.91,South,Credit Card
ORD208079,CUST00478,2023-04-30,2380.11,West,UPI/Wallet
ORD202579,CUST00093,2023-09-08,8616.72,East,Credit Card
ORD207345,CUST00389,2023-03-11,2252.93,South,Net Banking
ORD209204,CUST00612,2023-01-21,1009.98,North,Credit Card
ORD202995,CUST00108,2023-10-24,10473.45,East,Credit Card
ORD205705,CUST00267,2024-05-31,3530.18,Central,Credit Card
ORD205642,CUST00263,2024-04-25,4034.28,West,Cash on Delivery
ORD203355,CUST00120,2023-09-20,3709.13,Central,UPI/Wallet
ORD210847,CUST00921,2024-02-27,932.98,North,Cash on Delivery
ORD208420,CUST00517,2023-10-03,2847.39,East,Cash on Delivery
ORD207852,CUST00452,2024-11-29,2088.32,Central,Credit Card
ORD206919,CUST00344,2023-05-23,4908.67,East,Credit Card
ORD204007,CUST00156,2023-03-23,3049.22,Central,UPI/Wallet
ORD206489,CUST00317,2023-11-11,2845.18,South,Credit Card
ORD202852,CUST00103,2023-06-06,6206.35,Central,Cash on Delivery
ORD210453,CUST00788,2024-03-17,1644.21,North,Cash on Delivery
ORD202435,CUST00087,2024-12-03,10583.66,North,Net Banking
ORD201581,CUST00057,2023-12-01,5946.85,South,Credit Card
ORD204921,CUST00217,2023-11-13,1617.06,Central,Credit Card
ORD206509,CUST00318,2024-06-16,3443.39,South,Cash on Delivery
ORD210587,CUST00828,2024-03-31,1882.17,South,UPI/Wallet
ORD201923,CUST00067,2024-03-27,6074.93,Central,UPI/Wallet
ORD209476,CUST00648,2023-07-30,3159.55,East,Credit Card
ORD204306,CUST00175,2024-02-11,2451.08,South,UPI/Wallet
ORD210122,CUST00739,2023-10-30,1285.45,Central,UPI/Wallet
ORD200678,CUST00025,2023-05-15,4918.84,North,Credit Card
ORD210643,CUST00849,2024-05-14,552.86,West,Debit Card
ORD203257,CUST00116,2024-10-02,5716.7,South,UPI/Wallet
ORD202788,CUST00100,2024-06-09,7936.16,North,Net Banking
ORD201443,CUST00051,2024-12-05,4968.16,East,Credit Card
ORD210652,CUST00852,2024-04-25,1043.07,East,Debit Card
ORD200795,CUST00028,2024-05-09,7051.88,East,Credit Card
ORD207998,CUST00468,2024-08-21,3004.28,Central,UPI/Wallet
ORD208542,CUST00531,2024-03-15,2536.98,East,Net Banking
ORD203681,CUST00132,2024-06-04,4205.98,West,Debit Card
ORD210755,CUST00888,2023-02-21,1137.88,West,Cash on Delivery
ORD209868,CUST00702,2024-01-07,1849.81,South,Cash on Delivery
ORD200582,CUST00021,2023-06-05,11219.82,East,Debit Card
ORD204010,CUST00156,2023-08-08,2147.45,Central,Credit Card
ORD206182,CUST00297,2024-01-04,4367.69,East,Credit Card
ORD202117,CUST00074,2024-04-19,9880.55,East,Debit Card
ORD200224,CUST00008,2024-06-22,5810.08,West,UPI/Wallet
ORD201289,CUST00046,2023-04-16,5496.26,West,Net Banking
ORD207376,CUST00393,2023-01-10,2297.44,East,Debit Card
ORD210797,CUST00903,2024-02-07,887.06,Central,UPI/Wallet
ORD207620,CUST00422,2023-04-28,2034.41,Central,UPI/Wallet
ORD204583,CUST00195,2024-06-01,2764.14,West,Credit Card
ORD206600,CUST00323,2024-11-14,3529.72,South,Cash on Delivery
ORD205000,CUST00222,2023-08-25,3758.36,West,UPI/Wallet
ORD208701,CUST00549,2023-04-23,3205.98,South,Debit Card
ORD205680,CUST00266,2023-08-27,4533.1,Central,Debit Card
ORD200671,CUST00024,2024-12-16,9750.8,North,Cash on Delivery
ORD210493,CUST00797,2024-05-03,1536.02,Central,Cash on Delivery
ORD203694,CUST00133,2023-10-18,6322.53,Central,Cash on Delivery
ORD203242,CUST00116,2023-06-17,7497.61,South,Credit Card
ORD202905,CUST00104,2024-11-10,6746.87,East,Credit Card
ORD203627,CUST00129,2024-08-26,6226.89,Central,UPI/Wallet
ORD203732,CUST00135,2024-08-05,3693.55,Central,Debit Card
ORD209378,CUST00636,2023-04-20,4051.54,Central,Credit Card
ORD206627,CUST00325,2024-06-14,4640.87,West,Credit Card
ORD204383,CUST00181,2023-02-27,3061.79,Central,Cash on Delivery
ORD209156,CUST00606,2024-12-01,1354.17,West,Credit Card
ORD207483,CUST00406,2024-11-01,-3069.91,North,Credit Card
ORD200895,CUST00032,2024-07-13,7431.16,North,Net Banking
ORD205085,CUST00227,2024-11-09,6256.61,North,UPI/Wallet
ORD202151,CUST00076,2023-02-20,5342.63,South,UPI/Wallet
ORD210257,CUST00760,2023-07-08,3221.77,Central,UPI/Wallet
ORD202641,CUST00095,2023-12-04,6484.47,East,Cash on Delivery
ORD207566,CUST00415,2024-11-12,2502.14,West,Cash on Delivery
ORD210384,CUST00778,2023-10-29,2004.91,Central,Credit Card
ORD210299,CUST00767,2023-01-04,3923.73,East,Credit Card
ORD202097,CUST00074,2023-04-28,5083.66,East,Debit Card
ORD209087,CUST00598,2023-05-01,1010.84,North,Credit Card
ORD201947,CUST00068,2023-09-29,10687.66,West,Credit Card
ORD203428,CUST00122,2023-10-03,5101.86,East,Debit Card
ORD205748,CUST00269,2024-11-01,2587.77,West,UPI/Wallet
ORD204822,CUST00211,2023-11-07,1494.52,West,Credit Card
ORD211008,CUST00979,2024-01-24,1142.27,South,UPI/Wallet
ORD207006,CUST00350,2023-11-12,4031.58,North,Cash on Delivery
ORD203230,CUST00115,2024-11-30,3722.79,West,UPI/Wallet
ORD208664,CUST00545,2023-12-24,2395.96,North,Credit Card
ORD200883,CUST00032,2023-05-03,8029.1,North,UPI/Wallet
ORD203122,CUST00112,2024-05-24,9931.0,Central,UPI/Wallet
ORD205202,CUST00236,2023-06-10,3552.05,North,Debit Card
ORD205701,CUST00267,2024-02-29,1238.73,Central,Debit Card
ORD208081,CUST00478,2024-04-18,2144.08,West,UPI/Wallet
ORD210163,CUST00745,2024-02-01,3683.46,Central,Debit Card
ORD204255,CUST00172,2024-02-24,3544.93,Central,Debit Card
ORD203286,CUST00117,2024-09-20,5192.64,South,Cash on Delivery
ORD207829,CUST00450,2023-07-24,1808.83,North,Credit Card
ORD204294,CUST00174,2024-03-20,5788.93,East,Credit Card
ORD209231,CUST00615,2023-11-06,2359.16,Central,UPI/Wallet
ORD210489,CUST00796,2023-08-25,712.11,South,Credit Card
ORD210187,CUST00749,2023-02-16,2693.24,North,UPI/Wallet
ORD206119,CUST00293,2024-05-14,2076.12,North,Debit Card
ORD210762,CUST00891,2023-04-11,1805.07,Central,UPI/Wallet
ORD204265,CUST00173,2023-04-13,2972.43,South,Net Banking
ORD210500,CUST00800,2023-06-17,1069.13,West,Credit Card
ORD200783,CUST00028,2023-01-14,3142.23,East,Credit Card
ORD202709,CUST00098,2023-04-06,5132.52,South,Net Banking
ORD208622,CUST00540,2023-10-01,1411.88,North,UPI/Wallet
ORD206428,CUST00313,2024-08-25,6081.25,North,Cash on Delivery
ORD208679,CUST00546,2024-05-30,2155.01,West,Debit Card
ORD210650,CUST00852,2023-01-03,1534.67,East,Cash on Delivery
ORD209609,CUST00667,2023-07-15,1189.93,Central,Credit Card
ORD208749,CUST00555,2024-07-22,1711.28,Central,Credit Card
ORD205523,CUST00255,2024-07-11,2477.31,East,UPI/Wallet
ORD206181,CUST00297,2023-11-13,4059.22,East,Cash on Delivery
ORD205610,CUST00261,2023-09-29,5186.14,South,Cash on Delivery
ORD202192,CUST00078,2023-05-05,3890.31,South,Credit Card
ORD206456,CUST00315,2024-11-21,2288.48,West,UPI/Wallet
ORD209991,CUST00719,2024-07-09,2152.51,South,Cash on Delivery
ORD210636,CUST00848,2023-01-25,1757.88,Central,Debit Card
ORD202168,CUST00076,2024-08-11,8501.11,South,Credit Card
ORD207232,CUST00375,2024-10-05,2434.57,East,Net Banking
ORD206540,CUST00320,2023-10-04,2603.36,West,Credit Card
ORD208847,CUST00567,2023-09-10,2899.24,South,Credit Card
ORD208734,CUST00553,2024-10-30,2343.04,Central,UPI/Wallet
ORD201874,CUST00066,2023-05-22,4433.21,West,Net Banking
ORD200619,CUST00022,2024-09-19,5056.36,South,Cash on Delivery
ORD202346,CUST00084,2023-05-13,11125.78,North,Credit Card
ORD203202,CUST00114,2024-09-12,10432.66,West,Cash on Delivery
ORD202761,CUST00099,2024-07-01,7911.79,East,UPI/Wallet
ORD208618,CUST00539,2024-11-17,3203.54,Central,Cash on Delivery
ORD209172,CUST00608,2023-11-10,3057.6,South,Cash on Delivery
ORD201691,CUST00061,2023-02-19,4558.13,South,Net Banking
ORD201616,CUST00058,2023-06-23,3802.35,South,Cash on Delivery
ORD209567,CUST00661,2023-04-11,1633.19,East,Net Banking
ORD211051,CUST00996,2023-07-22,1184.19,South,Cash on Delivery
ORD207980,CUST00466,2024-03-08,2589.51,West,Cash on Delivery
ORD210585,CUST00827,2023-07-01,543.47,North,UPI/Wallet
ORD203281,CUST00117,2024-05-12,3583.95,South,UPI/Wallet
ORD202089,CUST00073,2024-10-02,5719.42,West,Debit Card
ORD202665,CUST00096,2023-07-21,2593.21,North,Credit Card
ORD208462,CUST00522,2024-06-20,4587.01,East,Cash on Delivery
ORD205410,CUST00248,2024-05-11,5291.81,South,Credit Card
ORD200318,CUST00012,2023-08-07,2636.02,West,Net Banking
ORD204590,CUST00196,2024-02-27,3880.67,Central,Debit Card
ORD208354,CUST00510,2024-03-18,948.15,East,UPI/Wallet
ORD203002,CUST00108,2024-05-25,8759.31,East,Credit Card
ORD200027,CUST00001,2024-05-19,5555.35,North,Cash on Delivery
ORD210562,CUST00820,2023-06-18,-879.3,East,UPI/Wallet
ORD208965,CUST00582,2023-07-07,3853.68,East,Cash on Delivery
ORD208387,CUST00514,2023-06-23,3248.88,East,UPI/Wallet
ORD200593,CUST00021,2024-09-05,13760.56,East,UPI/Wallet
ORD201811,CUST00064,2024-05-02,5516.32,Central,Net Banking
ORD204327,CUST00176,2024-10-31,1521.03,North,UPI/Wallet
ORD204345,CUST00178,2023-09-26,4134.37,West,Cash on Delivery
ORD207591,CUST00419,2023-11-12,2226.89,East,Cash on Delivery
ORD204797,CUST00209,2023-12-05,5788.47,South,UPI/Wallet
ORD204707,CUST00203,2024-08-14,4598.37,West,Credit Card
ORD202262,CUST00080,2024-11-20,2977.16,North,Cash on Delivery
ORD207256,CUST00378,2024-02-01,2256.6,North,Cash on Delivery
ORD201174,CUST00041,2024-07-06,3418.89,South,Cash on Delivery
ORD203437,CUST00122,2024-03-02,3995.76,East,Credit Card
ORD204887,CUST00215,2023-08-03,3739.29,Central,Credit Card
ORD202519,CUST00091,2023-10-20,4688.55,East,Debit Card
ORD201027,CUST00036,2024-09-07,5432.62,East,Cash on Delivery
ORD204476,CUST00187,2023-12-30,2015.77,Central,Debit Card
ORD203465,CUST00123,2024-08-01,8209.9,West,UPI/Wallet
ORD204885,CUST00215,2023-05-13,3115.96,Central,Cash on Delivery
ORD200252,CUST00009,2024-08-27,3087.85,North,Credit Card
ORD202299,CUST00082,2024-02-27,7083.61,West,Debit Card
ORD201742,CUST00062,2024-08-29,12096.72,West,Credit Card
ORD208755,CUST00556,2023-05-21,1976.01,East,Cash on Delivery
ORD211062,CUST01000,2023-12-16,176.2,South,Credit Card
ORD210603,CUST00834,2024-02-02,2472.69,East,UPI/Wallet
ORD201435,CUST00051,2024-03-01,6535.96,East,Debit Card
ORD203172,CUST00114,2023-01-19,9257.56,West,Debit Card
ORD204958,CUST00219,2024-04-04,3763.84,South,Credit Card
ORD208808,CUST00562,2024-11-15,2819.57,Central,UPI/Wallet
ORD209835,CUST00698,2024-04-15,3640.74,East,Credit Card
ORD206700,CUST00331,2023-06-08,4620.62,West,Cash on Delivery
ORD205211,CUST00236,2023-11-28,2675.52,North,Credit Card
ORD205213,CUST00236,2024-06-12,2076.92,North,Cash on Delivery
ORD209388,CUST00637,2023-08-07,1431.55,Central,Credit Card
ORD204467,CUST00186,2024-04-30,3750.25,West,Cash on Delivery
ORD202006,CUST00071,2023-04-21,10330.0,South,Net Banking
ORD209489,CUST00650,2023-10-24,5294.84,North,Debit Card
ORD206660,CUST00327,2024-11-21,2346.43,East,Debit Card
ORD204221,CUST00169,2024-10-25,2965.25,North,Credit Card
ORD204151,CUST00165,2024-11-14,4911.07,Central,Cash on Delivery
ORD200479,CUST00017,2024-05-03,5505.2,South,UPI/Wallet
ORD201693,CUST00061,2023-05-18,2686.07,South,Credit Card
ORD207624,CUST00422,2024-03-20,1508.2,Central,Debit Card
ORD210444,CUST00786,2024-03-05,2598.28,Central,Debit Card
ORD202164,CUST00076,2024-04-22,8818.53,South,Credit Card
ORD200191,CUST00007,2023-06-13,6584.62,East,Cash on Delivery
ORD209155,CUST00606,2024-09-01,1603.83,West,Debit Card
ORD207175,CUST00368,2024-08-28,2093.21,Central,UPI/Wallet
ORD202342,CUST00083,2024-11-27,6362.7,South,Cash on Delivery
ORD200681,CUST00025,2023-05-29,3310.43,North,Debit Card
ORD205335,CUST00244,2023-03-09,4248.86,West,UPI/Wallet
ORD203475,CUST00124,2023-02-14,8608.18,East,Debit Card
ORD204178,CUST00167,2024-03-17,1619.57,Central,Cash on Delivery
ORD201619,CUST00058,2023-09-13,4213.19,South,Debit Card
ORD202275,CUST00081,2024-01-11,4418.85,West,Credit Card
ORD208223,CUST00495,2023-05-22,917.79,Central,Cash on Delivery
ORD207333,CUST00388,2023-06-06,1283.96,West,Credit Card
ORD200776,CUST00027,2024-08-24,4701.44,Central,Credit Card
ORD203745,CUST00136,2024-07-01,4972.68,North,Credit Card
ORD203259,CUST00116,2024-11-02,5630.41,South,Debit Card
ORD203398,CUST00121,2024-03-21,3405.87,South,Net Banking
ORD202818,CUST00101,2024-12-09,6602.5,West,Credit Card
ORD205282,CUST00240,2024-09-13,1699.75,West,Credit Card
ORD207089,CUST00359,2023-01-11,3994.4,North,Net Banking
ORD203235,CUST00116,2023-01-20,7327.81,South,Debit Card
ORD204266,CUST00173,2023-05-12,2725.96,South,Cash on Delivery
ORD203495,CUST00125,2023-01-04,7599.09,South,Debit Card
ORD205894,CUST00278,2024-04-13,6504.32,East,Credit Card
ORD207357,CUST00390,2023-11-11,1452.34,East,Cash on Delivery
ORD207514,CUST00410,2024-12-18,2211.36,East,Credit Card
ORD205876,CUST00277,2023-06-30,856.53,Central,Cash on Delivery
ORD203755,CUST00137,2023-08-27,2870.92,West,Cash on Delivery
ORD207983,CUST00467,2023-08-07,1477.53,Central,UPI/Wallet
ORD200540,CUST00019,2024-04-21,3872.73,North,Debit Card
ORD205474,CUST00252,2024-03-19,3058.43,South,Cash on Delivery
ORD201735,CUST00062,2024-05-01,8418.03,West,Debit Card
ORD204942,CUST00218,2024-05-22,1501.33,Central,UPI/Wallet
ORD203115,CUST00112,2024-03-24,6732.06,Central,Debit Card
ORD202977,CUST00107,2024-07-01,4185.47,East,Credit Card
ORD207129,CUST00363,2024-07-06,1806.7,North,UPI/Wallet
ORD205648,CUST00264,2023-01-25,3742.96,East,UPI/Wallet
ORD201892,CUST00066,2024-09-17,4036.2,West,Debit Card
ORD206265,CUST00302,2024-01-08,4021.2,South,Credit Card
ORD208844,CUST00566,2024-06-03,5292.48,West,Debit Card
ORD209993,CUST00719,2024-07-31,2716.07,South,Debit Card
ORD209278,CUST00621,2024-04-02,2249.66,North,Credit Card
ORD206785,CUST00336,2023-07-22,3903.02,Central,UPI/Wallet
ORD210176,CUST00747,2024-01-03,4505.74,West,
ORD204119,CUST00163,2024-09-01,2184.54,Central,Credit Card
ORD210549,CUST00815,2024-01-07,1108.5,South,UPI/Wallet
ORD200617,CUST00022,2024-06-04,4332.69,South,Debit Card
ORD205240,CUST00238,2024-02-17,3284.92,Central,Credit Card
ORD209784,CUST00691,2023-01-09,2425.7,East,Credit Card
ORD207286,CUST00381,2024-05-23,6188.92,East,Debit Card
ORD201136,CUST00040,2024-01-19,5529.75,South,Debit Card
ORD207325,CUST00387,2023-08-10,2276.06,Central,UPI/Wallet
ORD200370,CUST00014,2023-02-08,3777.21,West,Net Banking
ORD200237,CUST00009,2023-07-11,4222.65,North,UPI/Wallet
ORD203190,CUST00114,2024-01-26,5568.48,West,Net Banking
ORD202274,CUST00081,2024-01-02,7314.75,West,UPI/Wallet
ORD207641,CUST00424,2023-12-04,1604.25,West,Credit Card
ORD209966,CUST00716,2023-08-07,3697.97,Central,Debit Card
ORD201271,CUST00045,2023-08-12,8193.96,East,Credit Card
ORD203169,CUST00113,2024-12-15,3972.8,Central,UPI/Wallet
ORD209255,CUST00618,2024-02-25,3312.12,East,UPI/Wallet
ORD204695,CUST00203,2023-03-03,4957.39,West,UPI/Wallet
ORD209379,CUST00636,2023-06-10,3447.17,Central,Credit Card
ORD202799,CUST00101,2023-02-04,7179.6,West,Credit Card
ORD207355,CUST00390,2023-07-24,941.28,East,UPI/Wallet
ORD209619,CUST00668,2023-04-10,5710.99,North,UPI/Wallet
ORD207928,CUST00461,2024-06-30,3136.91,West,UPI/Wallet
ORD204164,CUST00166,2024-06-24,2269.12,East,Credit Card
ORD200875,CUST00031,2024-03-25,9590.82,West,Debit Card
ORD208380,CUST00513,2023-07-15,2680.65,South,Cash on Delivery
ORD201043,CUST00037,2023-07-17,3150.67,Central,UPI/Wallet
ORD202705,CUST00098,2023-01-31,4959.41,South,Cash on Delivery
ORD207888,CUST00457,2024-03-29,2310.64,East,Debit Card
ORD210946,CUST00956,2024-04-19,1409.2,South,UPI/Wallet
ORD209584,CUST00663,2023-07-14,2700.15,South,UPI/Wallet
ORD201380,CUST00049,2023-03-28,6499.77,South,Credit Card
ORD207210,CUST00372,2024-12-09,1586.59,Central,Debit Card
ORD206781,CUST00336,2023-05-26,1335.52,Central,Debit Card
ORD203824,CUST00142,2023-07-27,5885.63,North,Credit Card
ORD207837,CUST00451,2023-02-24,2413.26,East,Cash on Delivery
ORD204622,CUST00198,2023-10-26,3562.4,South,Credit Card
ORD210629,CUST00845,2024-03-28,1751.34,South,Debit Card
ORD208014,CUST00470,2023-09-24,2292.27,North,UPI/Wallet
ORD207144,CUST00365,2023-07-02,2101.93,East,
ORD208217,CUST00494,2024-04-10,1499.46,North,UPI/Wallet
ORD203108,CUST00112,2023-12-26,8909.98,Central,Cash on Delivery
ORD200238,CUST00009,2023-07-17,3396.86,North,UPI/Wallet
ORD205691,CUST00267,2023-04-19,3532.3,Central,Credit Card
ORD209545,CUST00659,2023-07-04,3906.47,South,Net Banking
ORD210841,CUST00920,2023-06-03,273.1,East,Debit Card
ORD209798,CUST00693,2023-11-04,3859.07,East,UPI/Wallet
ORD204418,CUST00183,2023-11-14,3595.08,South,Cash on Delivery
ORD201116,CUST00039,2023-11-12,6758.17,East,Credit Card
ORD201023,CUST00036,2024-01-14,6796.62,East,Credit Card
ORD204004,CUST00155,2024-11-24,3381.63,East,Credit Card
ORD204926,CUST00217,2024-09-25,1902.47,Central,UPI/Wallet
ORD200790,CUST00028,2023-09-05,9372.96,East,Cash on Delivery
ORD202683,CUST00097,2023-02-24,9211.65,North,Credit Card
ORD208022,CUST00471,2024-03-20,1390.37,East,Cash on Delivery
ORD200756,CUST00027,2023-06-20,5367.44,Central,Credit Card
ORD206123,CUST00293,2024-10-24,2160.17,North,UPI/Wallet
ORD203204,CUST00114,2024-10-23,9783.88,West,Credit Card
ORD209708,CUST00681,2023-01-27,3127.66,West,Net Banking
ORD207000,CUST00349,2024-11-29,2379.27,South,Credit Card
ORD204728,CUST00205,2023-06-12,2880.07,East,Cash on Delivery
ORD201821,CUST00065,2023-02-03,5499.87,South,Credit Card
ORD210997,CUST00976,2024-02-29,589.91,West,Debit Card
ORD203329,CUST00119,2023-07-18,7677.0,West,Cash on Delivery
ORD203838,CUST00143,2023-09-24,2037.04,West,Debit Card
ORD202286,CUST00082,2023-06-03,8651.07,West,UPI/Wallet
ORD209855,CUST00700,2024-02-06,2803.2,Central,Credit Card
ORD204064,CUST00159,2024-07-27,3642.07,South,Net Banking
ORD201760,CUST00063,2023-08-05,12757.58,South,Credit Card
ORD207941,CUST00463,2024-01-11,1130.64,North,Debit Card
ORD205418,CUST00249,2023-05-09,3962.92,Central,Credit Card
ORD209661,CUST00673,2023-12-13,2345.48,South,Cash on Delivery
ORD210003,CUST00721,2023-04-12,2885.1,West,Credit Card
ORD201937,CUST00067,2024-11-23,7225.45,Central,Debit Card
ORD207445,CUST00402,2024-04-27,1733.62,West,UPI/Wallet
ORD204472,CUST00187,2023-03-28,3254.83,Central,Net Banking
ORD207332,CUST00388,2023-02-04,1901.66,West,Cash on Delivery
ORD210519,CUST00805,2024-02-07,787.88,Central,Cash on Delivery
ORD204943,CUST00218,2024-08-20,3092.9,Central,Credit Card
ORD210831,CUST00916,2023-10-14,2064.48,West,Debit Card
ORD206801,CUST00337,2024-08-11,3147.57,East,Cash on Delivery
ORD203189,CUST00114,2023-11-25,11359.85,West,Debit Card
ORD203510,CUST00125,2024-04-08,6062.65,South,Credit Card
ORD208073,CUST00477,2023-05-18,1441.75,Central,UPI/Wallet
ORD206575,CUST00322,2023-08-03,1002.32,West,UPI/Wallet
ORD207425,CUST00400,2023-12-09,2575.74,West,UPI/Wallet
ORD211064,CUST01000,2024-03-07,700.49,South,Credit Card
ORD201681,CUST00060,2023-10-13,3713.41,Central,Debit Card
ORD202591,CUST00093,2024-06-10,6399.05,East,Debit Card
ORD201976,CUST00069,2024-05-19,5655.42,Central,Debit Card
ORD204165,CUST00166,2024-06-30,2499.15,East,Cash on Delivery
ORD205542,CUST00256,2024-10-20,5306.0,North,UPI/Wallet
ORD200140,CUST00005,2024-08-23,8151.45,South,Credit Card
ORD209024,CUST00590,2023-01-28,1232.99,North,Net Banking
ORD201357,CUST00048,2023-09-05,7068.11,South,Debit Card
ORD204247,CUST00172,2023-08-14,3943.9,Central,UPI/Wallet
ORD207396,CUST00396,2023-03-27,1714.04,South,Cash on Delivery
ORD207016,CUST00351,2023-09-12,1261.18,Central,Net Banking
ORD206994,CUST00349,2023-12-27,2586.63,South,Net Banking
ORD200949,CUST00034,2023-03-10,7024.83,East,Credit Card
ORD200243,CUST00009,2023-10-24,2977.41,North,Debit Card
ORD203906,CUST00148,2023-06-09,3816.15,North,UPI/Wallet
ORD204981,CUST00220,2024-12-01,3108.1,West,Net Banking
ORD200977,CUST00034,2024-10-27,8421.52,East,Debit Card
ORD201559,CUST00056,2024-06-06,5347.68,West,Credit Card
ORD202377,CUST00085,2023-11-04,5244.12,South,Cash on Delivery
ORD209166,CUST00607,2024-04-06,3056.22,Central,Credit Card
ORD201621,CUST00058,2023-09-25,3418.3,South,Cash on Delivery
ORD203716,CUST00134,2024-11-05,5200.65,North,Debit Card
ORD206902,CUST00343,2023-10-19,3187.69,East,Credit Card
ORD202633,CUST00095,2023-07-29,10731.02,East,Credit Card
ORD208875,CUST00570,2024-10-07,5425.39,Central,Debit Card
ORD203125,CUST00112,2024-07-26,13386.91,Central,Credit Card
ORD206517,CUST00319,2023-04-30,5161.39,South,Debit Card
ORD205473,CUST00252,2024-02-01,3342.4,South,Cash on Delivery
ORD208747,CUST00555,2023-12-30,1866.19,Central,Debit Card
ORD204296,CUST00174,2024-07-13,7283.11,East,Credit Card
ORD203522,CUST00126,2023-03-19,8415.34,East,Credit Card
ORD204238,CUST00171,2023-11-22,2864.0,Central,Credit Card
ORD206658,CUST00327,2024-09-04,2985.53,East,Cash on Delivery
ORD205622,CUST00262,2023-06-09,2555.0,East,UPI/Wallet
ORD203237,CUST00116,2023-02-16,5843.35,South,UPI/Wallet
ORD201336,CUST00047,2024-03-20,5265.26,South,Debit Card
ORD203984,CUST00154,2023-09-15,2513.74,East,Credit Card
ORD206532,CUST00319,2024-09-23,3568.58,South,Net Banking
ORD207433,CUST00401,2023-11-22,2457.14,West,Credit Card
ORD205816,CUST00274,2023-06-18,1458.87,East,
ORD208619,CUST00539,2024-12-05,3697.3,Central,Credit Card
ORD205539,CUST00256,2024-08-07,3895.4,North,Cash on Delivery
ORD207842,CUST00451,2023-11-13,1947.75,East,UPI/Wallet
ORD205829,CUST00274,2024-08-23,4201.05,East,Debit Card
ORD200153,CUST00006,2023-04-30,10267.08,North,UPI/Wallet
ORD201164,CUST00041,2023-12-07,3999.2,South,UPI/Wallet
ORD209931,CUST00711,2024-02-11,2665.46,North,Credit Card
ORD209176,CUST00609,2023-01-18,3628.98,Central,Debit Card
ORD203515,CUST00125,2024-08-12,7605.14,South,Debit Card
ORD202872,CUST00103,2024-03-06,3658.29,Central,Credit Card
ORD208386,CUST00513,2024-11-05,3897.72,South,UPI/Wallet
ORD210329,CUST00770,2024-03-30,1161.84,East,Credit Card
ORD207402,CUST00396,2024-10-04,990.31,South,Cash on Delivery
ORD206906,CUST00343,2024-03-30,4324.89,East,UPI/Wallet
ORD209334,CUST00629,2024-03-16,2394.13,East,UPI/Wallet
ORD208677,CUST00546,2024-03-17,1604.11,West,Cash on Delivery
ORD206644,CUST00326,2024-09-07,3847.28,North,Debit Card
ORD209365,CUST00634,2023-07-19,2732.88,South,Cash on Delivery
ORD204702,CUST00203,2024-02-02,2976.4,West,Credit Card
ORD210701,CUST00870,2023-02-07,994.02,South,UPI/Wallet
ORD200313,CUST00012,2023-06-03,4152.5,West,Credit Card
ORD200352,CUST00013,2023-06-13,5632.03,North,Credit Card
ORD210464,CUST00790,2023-02-23,5101.31,Central,Net Banking
ORD200306,CUST00011,2024-12-23,7878.1,South,Debit Card
ORD209167,CUST00607,2024-08-03,2632.28,Central,Credit Card
ORD206170,CUST00296,2024-08-26,3524.29,West,Cash on Delivery
ORD206725,CUST00332,2024-08-30,2354.72,West,Cash on Delivery
ORD201137,CUST00040,2024-02-22,5417.12,South,Net Banking
ORD204544,CUST00192,2023-04-18,4020.54,East,Credit Card
ORD210577,CUST00825,2023-04-18,2344.73,East,UPI/Wallet
ORD208501,CUST00527,2023-03-15,2449.15,North,Cash on Delivery
ORD205417,CUST00249,2023-03-28,3521.46,Central,Cash on Delivery
ORD201367,CUST00048,2024-05-23,4870.75,South,Net Banking
ORD210404,CUST00782,2023-05-07,3914.88,South,Cash on Delivery
ORD210102,CUST00736,2023-09-01,2961.48,East,UPI/Wallet
ORD204439,CUST00185,2023-03-26,4591.27,North,Credit Card
ORD209460,CUST00646,2023-06-19,4227.82,South,Debit Card
ORD209284,CUST00622,2023-05-06,2785.58,West,Net Banking
ORD203697,CUST00133,2023-12-04,6386.27,Central,UPI/Wallet
ORD204080,CUST00160,2024-10-29,3371.95,West,Net Banking
ORD204919,CUST00217,2023-06-25,2446.44,Central,Credit Card
ORD201213,CUST00043,2023-06-16,7821.19,North,Debit Card
ORD205565,CUST00258,2023-05-17,4325.97,East,UPI/Wallet
ORD204457,CUST00186,2023-06-24,4169.27,West,Cash on Delivery
ORD200744,CUST00026,2024-07-31,3737.04,East,Credit Card
ORD203038,CUST00109,2024-12-07,9885.29,Central,UPI/Wallet
ORD208797,CUST00561,2023-12-04,978.79,East,Cash on Delivery
ORD203500,CUST00125,2023-08-24,5067.7,South,Credit Card
ORD210936,CUST00953,2024-01-20,728.82,Central,Net Banking
ORD208790,CUST00560,2024-05-24,1852.23,East,UPI/Wallet
ORD203487,CUST00124,2024-05-28,7465.85,East,Credit Card
ORD203530,CUST00126,2023-10-30,9063.83,East,Credit Card
ORD207710,CUST00433,2023-09-13,4065.2,West,Cash on Delivery
ORD203354,CUST00120,2023-07-15,5147.52,Central,Debit Card
ORD210340,CUST00772,2023-02-18,1983.69,West,Debit Card
ORD208560,CUST00534,2023-04-09,2646.84,North,Debit Card
ORD206107,CUST00293,2023-08-18,1893.05,North,Debit Card
ORD208116,CUST00483,2023-08-13,1659.87,South,Debit Card
ORD203634,CUST00130,2023-01-09,8353.73,South,Cash on Delivery
ORD202088,CUST00073,2024-07-26,3701.65,West,Debit Card
ORD202835,CUST00102,2024-04-10,9016.08,Central,Cash on Delivery
ORD204724,CUST00205,2023-02-28,5091.29,East,UPI/Wallet
ORD208727,CUST00553,2024-01-04,1367.65,Central,Cash on Delivery
ORD200821,CUST00029,2024-02-18,3461.65,North,Net Banking
ORD209402,CUST00639,2023-10-20,4305.3,South,UPI/Wallet
ORD206048,CUST00289,2023-07-30,2772.17,West,Credit Card
ORD203005,CUST00108,2024-06-19,5910.85,East,Cash on Delivery
ORD210114,CUST00737,2024-05-01,2081.52,West,Cash on Delivery
ORD203397,CUST00121,2024-03-02,2830.94,South,Cash on Delivery
ORD207952,CUST00464,2024-02-28,2608.49,West,Debit Card
ORD202390,CUST00086,2023-01-21,6089.72,East,Cash on Delivery
ORD209084,CUST00597,2024-11-16,2104.39,Central,Net Banking
ORD202245,CUST00080,2023-08-28,5315.25,North,Cash on Delivery
ORD202058,CUST00073,2023-03-12,5382.1,West,Credit Card
ORD203463,CUST00123,2024-05-21,11824.61,West,UPI/Wallet
ORD208416,CUST00516,2024-10-06,4101.67,Central,Credit Card
ORD201303,CUST00046,2024-02-15,6501.96,West,Cash on Delivery
ORD210534,CUST00810,2024-04-16,1543.73,East,Net Banking
ORD209471,CUST00647,2024-07-21,3117.87,North,Credit Card
ORD210674,CUST00860,2024-02-17,1625.57,Central,Debit Card
ORD200082,CUST00003,2024-04-23,5207.24,North,Credit Card
ORD207958,CUST00465,2023-01-10,1323.36,Central,Credit Card
ORD208166,CUST00488,2024-02-04,3095.86,East,Debit Card
ORD202515,CUST00091,2023-08-11,3992.57,East,UPI/Wallet
ORD209095,CUST00599,2023-05-07,3442.86,East,Credit Card
ORD200312,CUST00012,2023-04-19,6909.14,West,UPI/Wallet
ORD209462,CUST00646,2024-03-31,3870.98,South,Net Banking
ORD208243,CUST00497,2024-06-10,3578.34,West,UPI/Wallet
ORD205088,CUST00228,2023-04-02,-4146.34,West,Debit Card
ORD202744,CUST00099,2023-09-12,5579.75,East,Net Banking
ORD210535,CUST00811,2023-06-17,1615.35,West,UPI/Wallet
ORD208776,CUST00558,2024-10-10,1641.19,East,Cash on Delivery
ORD207079,CUST00358,2023-01-06,1982.54,North,Debit Card
ORD200457,CUST00016,2024-09-06,8612.23,East,Debit Card
ORD208536,CUST00530,2024-07-01,3274.87,North,Debit Card
ORD210129,CUST00739,2024-07-22,2474.16,Central,Debit Card
ORD211021,CUST00986,2023-09-05,1194.27,East,Net Banking
ORD209764,CUST00688,2023-04-08,3546.21,East,Cash on Delivery
ORD210145,CUST00742,2023-11-09,4609.76,Central,UPI/Wallet
ORD206178,CUST00297,2023-08-31,4018.31,East,Credit Card
ORD204195,CUST00168,2023-10-05,5493.57,West,Debit Card
ORD201133,CUST00040,2023-06-05,4842.18,South,Cash on Delivery
ORD205898,CUST00278,2024-08-18,4177.62,East,UPI/Wallet
ORD203302,CUST00118,2023-08-09,5651.24,West,Debit Card
ORD210707,CUST00871,2024-04-11,836.06,East,Credit Card
ORD201460,CUST00052,2024-04-28,4008.36,South,Credit Card
ORD203662,CUST00131,2023-08-12,2457.21,South,Credit Card
ORD208278,CUST00501,2024-10-26,1265.6,Central,Credit Card
ORD202981,CUST00107,2024-12-17,7601.76,East,
ORD208576,CUST00535,2024-08-21,1254.02,North,Cash on Delivery
ORD201551,CUST00056,2023-02-08,5825.42,West,UPI/Wallet
ORD206710,CUST00331,2024-05-10,5065.07,West,Credit Card
ORD209267,CUST00619,2024-05-29,2342.12,North,Net Banking
ORD206928,CUST00345,2023-05-13,2380.77,North,UPI/Wallet
ORD200899,CUST00032,2024-10-30,7825.55,North,Credit Card
ORD210768,CUST00894,2023-10-19,2000.41,North,Credit Card
ORD204650,CUST00200,2023-11-14,2951.21,West,UPI/Wallet
ORD210591,CUST00830,2023-12-23,1371.43,North,Debit Card
ORD200942,CUST00033,2024-11-22,6340.41,East,Debit Card
ORD203677,CUST00132,2023-06-04,4945.88,West,UPI/Wallet
ORD205617,CUST00261,2024-09-28,4486.62,South,Cash on Delivery
ORD204614,CUST00197,2024-11-16,2777.35,South,Cash on Delivery
ORD201758,CUST00063,2023-07-21,10622.44,South,Debit Card
ORD210205,CUST00753,2023-05-15,3751.8,South,Credit Card
ORD201376,CUST00048,2024-12-26,3556.67,South,Net Banking
ORD205016,CUST00223,2023-10-21,5427.79,West,UPI/Wallet
ORD205874,CUST00277,2023-03-18,2559.17,Central,Credit Card
ORD202780,CUST00100,2023-12-23,6825.87,North,Credit Card
ORD208876,CUST00570,2024-10-10,1495.39,Central,UPI/Wallet
ORD206080,CUST00291,2024-06-30,3466.05,North,UPI/Wallet
ORD202863,CUST00103,2023-11-13,4503.44,Central,UPI/Wallet
ORD210112,CUST00737,2024-03-04,1851.46,West,Credit Card
ORD200808,CUST00029,2023-07-13,4866.86,North,Debit Card
ORD204621,CUST00198,2023-09-15,-3769.6,South,UPI/Wallet
ORD209218,CUST00613,2024-04-27,2082.11,East,Debit Card
ORD200303,CUST00011,2024-09-11,7524.52,South,Cash on Delivery
ORD207087,CUST00358,2024-04-05,1277.02,North,Debit Card
ORD202056,CUST00073,2023-03-04,-4863.69,West,Cash on Delivery
ORD203201,CUST00114,2024-09-08,4827.33,West,Cash on Delivery
ORD207321,CUST00386,2023-08-07,2502.05,West,Debit Card
ORD205738,CUST00269,2024-01-07,2956.91,West,Credit Card
ORD208287,CUST00502,2024-08-18,2655.76,South,UPI/Wallet
ORD208802,CUST00562,2023-01-21,3526.31,Central,Debit Card
ORD200911,CUST00033,2023-06-16,6193.49,East,Credit Card
ORD204404,CUST00182,2024-08-12,1972.64,North,Cash on Delivery
ORD209939,CUST00712,2024-02-18,1696.86,Central,Debit Card
ORD206012,CUST00286,2024-01-06,4298.76,East,Credit Card
ORD201466,CUST00052,2024-12-27,3574.27,South,
ORD209553,CUST00659,2024-03-24,2130.87,South,UPI/Wallet
ORD200816,CUST00029,2023-12-22,4580.59,North,UPI/Wallet
ORD205025,CUST00223,2024-12-07,3952.81,West,Credit Card
ORD202803,CUST00101,2023-12-16,5883.31,West,UPI/Wallet
ORD205621,CUST00262,2023-05-15,2207.09,East,Debit Card
ORD204946,CUST00219,2023-01-18,4105.6,South,Credit Card
ORD201007,CUST00035,2024-08-28,4040.76,North,Credit Card
ORD201934,CUST00067,2024-10-11,7222.97,Central,Cash on Delivery
ORD207577,CUST00417,2023-10-02,1332.37,East,Debit Card
ORD208424,CUST00518,2023-05-03,2957.24,South,UPI/Wallet
ORD210278,CUST00762,2024-05-15,3209.26,North,Debit Card
ORD202022,CUST00071,2024-09-17,8673.43,South,Credit Card
ORD210870,CUST00929,2023-08-10,731.79,West,Cash on Delivery
ORD201054,CUST00037,2024-03-06,2974.0,Central,UPI/Wallet
ORD209034,CUST00590,2024-11-03,1437.38,North,UPI/Wallet
ORD203000,CUST00108,2024-03-09,11102.4,East,Credit Card
ORD204899,CUST00215,2024-10-26,4561.12,Central,Credit Card
ORD203730,CUST00135,2024-05-19,4680.79,Central,UPI/Wallet
ORD202959,CUST00106,2024-09-25,4717.58,Central,Debit Card
ORD209016,CUST00588,2024-11-14,1161.09,Central,Net Banking
ORD205571,CUST00258,2023-12-06,3015.84,East,UPI/Wallet
ORD200710,CUST00026,2023-01-05,-5481.46,East,Credit Card
ORD202499,CUST00090,2024-02-19,10436.56,Central,UPI/Wallet
ORD203491,CUST00124,2024-09-10,8494.83,East,Net Banking
ORD206278,CUST00303,2023-02-07,1533.83,North,Debit Card
ORD201293,CUST00046,2023-07-16,6971.53,West,UPI/Wallet
ORD210322,CUST00770,2023-06-20,1357.78,East,UPI/Wallet
ORD206792,CUST00336,2024-10-24,-2352.03,Central,Cash on Delivery
ORD200520,CUST00018,2024-08-04,7507.91,East,Debit Card
ORD202954,CUST00106,2024-07-05,2946.75,Central,UPI/Wallet
ORD203296,CUST00118,2023-02-25,3929.01,West,Debit Card
ORD203686,CUST00133,2023-04-14,4368.83,Central,UPI/Wallet
ORD209815,CUST00695,2024-06-28,1783.28,North,UPI/Wallet
ORD202506,CUST00090,2024-12-01,7099.77,Central,Credit Card
ORD200392,CUST00014,2024-03-12,4169.45,West,Net Banking
ORD203248,CUST00116,2023-11-15,6773.6,South,Debit Card
ORD201888,CUST00066,2024-07-12,5745.26,West,Cash on Delivery
ORD201142,CUST00040,2024-04-28,5989.22,South,UPI/Wallet
ORD201074,CUST00038,2023-04-14,8577.4,West,Debit Card
ORD209015,CUST00588,2024-10-06,1791.38,Central,Debit Card
ORD203277,CUST00117,2024-01-27,7360.21,South,Debit Card
ORD206546,CUST00320,2024-11-23,2472.57,West,Cash on Delivery
ORD210687,CUST00865,2023-06-11,1761.4,East,Credit Card
ORD207864,CUST00454,2023-10-30,3018.54,South,UPI/Wallet
ORD205024,CUST00223,2024-11-18,1647.96,West,Credit Card
ORD211013,CUST00981,2024-01-21,517.08,East,Debit Card
ORD207231,CUST00375,2024-03-11,1133.16,East,Cash on Delivery
ORD209246,CUST00617,2023-06-27,3899.39,East,UPI/Wallet
ORD210046,CUST00728,2024-01-17,2143.56,South,Credit Card
ORD203597,CUST00129,2023-01-10,6135.35,Central,Debit Card
ORD203285,CUST00117,2024-08-21,4294.98,South,Credit Card
ORD200185,CUST00006,2024-12-05,5819.4,North,Debit Card
ORD204759,CUST00207,2023-06-05,3197.66,East,Cash on Delivery
ORD204239,CUST00171,2024-01-26,3365.22,Central,UPI/Wallet
ORD205667,CUST00265,2023-06-13,1728.95,North,Net Banking
ORD202434,CUST00087,2024-11-25,9711.54,North,Net Banking
ORD202148,CUST00075,2024-12-24,2966.51,South,UPI/Wallet
ORD200423,CUST00015,2024-08-21,7432.31,Central,UPI/Wallet
ORD206103,CUST00293,2023-03-06,3014.82,North,Net Banking
ORD208435,CUST00519,2023-12-29,3253.52,South,Credit Card
ORD210970,CUST00966,2024-05-16,568.45,East,UPI/Wallet
ORD209429,CUST00642,2023-07-02,1715.34,Central,Debit Card
ORD210623,CUST00842,2024-02-22,583.27,East,Cash on Delivery
ORD207397,CUST00396,2023-05-16,1224.83,South,Credit Card
ORD206192,CUST00297,2024-12-15,3094.64,East,Cash on Delivery
ORD204599,CUST00196,2024-10-31,4103.78,Central,Debit Card
ORD201842,CUST00065,2023-11-09,8191.4,South,UPI/Wallet
ORD207062,CUST00356,2023-08-28,3423.77,North,UPI/Wallet
ORD208261,CUST00499,2024-01-05,1355.77,North,Cash on Delivery
ORD201814,CUST00064,2024-08-17,5775.61,Central,Cash on Delivery
ORD206502,CUST00318,2023-06-09,2691.43,South,Credit Card
ORD207880,CUST00456,2023-01-26,1966.46,Central,Cash on Delivery
ORD205735,CUST00269,2023-07-24,3045.65,West,Cash on Delivery
ORD207252,CUST00377,2024-10-17,2165.41,Central,Credit Card
ORD202004,CUST00071,2023-01-16,4185.22,South,Cash on Delivery
ORD202316,CUST00082,2024-11-01,5800.39,West,UPI/Wallet
ORD208635,CUST00541,2024-02-29,1904.06,Central,UPI/Wallet
ORD210927,CUST00951,2023-01-12,988.13,West,Net Banking
ORD204494,CUST00188,2023-09-04,4080.62,East,Credit Card
ORD201503,CUST00054,2023-09-14,4422.79,East,Debit Card
ORD210770,CUST00895,2023-08-15,1476.86,Central,Debit Card
ORD204123,CUST00164,2023-02-16,4929.99,East,UPI/Wallet
ORD205076,CUST00227,2023-04-10,5936.24,North,Debit Card
ORD209656,CUST00673,2023-10-30,1378.17,South,Debit Card
ORD205760,CUST00271,2023-03-21,4375.01,East,Cash on Delivery
ORD208096,CUST00480,2023-09-17,4748.08,North,UPI/Wallet
ORD203249,CUST00116,2024-02-25,8747.89,South,UPI/Wallet
ORD207335,CUST00388,2023-07-28,1315.04,West,
ORD201614,CUST00058,2023-06-11,6010.17,South,Cash on Delivery
ORD204022,CUST00156,2024-11-01,2430.66,Central,Credit Card
ORD202886,CUST00104,2023-03-10,5737.55,East,UPI/Wallet
ORD205492,CUST00253,2024-09-29,3433.93,East,Credit Card
ORD200538,CUST00019,2023-12-02,7568.85,North,Net Banking
ORD207701,CUST00431,2024-03-31,2847.17,South,UPI/Wallet
ORD208784,CUST00559,2024-10-25,2281.74,North,Cash on Delivery
ORD210434,CUST00785,2024-07-18,1942.78,North,Credit Card
ORD206639,CUST00326,2023-11-20,2281.93,North,Credit Card
ORD202294,CUST00082,2023-12-17,8625.99,West,Credit Card
ORD207911,CUST00460,2023-07-03,2602.12,East,
ORD201123,CUST00039,2024-08-15,8707.38,East,Credit Card
ORD208785,CUST00560,2023-03-02,1411.31,East,Credit Card
ORD202741,CUST00099,2023-07-31,10849.07,East,Debit Card
ORD206554,CUST00321,2023-05-27,3210.08,West,Debit Card
ORD209506,CUST00653,2023-10-07,1665.29,Central,Credit Card
ORD206391,CUST00311,2023-12-26,4799.32,West,Debit Card
ORD210472,CUST00791,2023-09-21,603.63,West,Cash on Delivery
ORD209017,CUST00589,2023-02-21,2585.34,West,Credit Card
ORD202191,CUST00077,2024-12-05,7701.56,West,Credit Card
ORD205844,CUST00275,2024-01-15,3333.43,East,Net Banking
ORD210805,CUST00907,2023-06-08,1492.98,North,UPI/Wallet
ORD206313,CUST00305,2024-11-10,3418.9,North,Credit Card
ORD206613,CUST00324,2024-05-12,2809.23,West,Cash on Delivery
ORD207931,CUST00462,2023-03-08,1085.24,Central,Net Banking
ORD201068,CUST00037,2024-12-06,2754.68,Central,Debit Card
ORD202339,CUST00083,2024-10-01,4589.0,South,Debit Card
ORD208373,CUST00512,2024-02-10,2930.16,South,Cash on Delivery
ORD203951,CUST00152,2023-02-06,5608.22,South,Net Banking
ORD210754,CUST00887,2024-05-18,1947.19,East,Debit Card
ORD206416,CUST00312,2024-08-18,2603.91,West,UPI/Wallet
ORD200156,CUST00006,2023-07-27,10736.28,North,Debit Card
ORD206847,CUST00340,2024-03-25,2968.61,South,Net Banking
ORD208504,CUST00527,2024-03-03,2349.62,North,Credit Card
ORD200411,CUST00015,2024-01-09,10901.35,Central,Net Banking
ORD203768,CUST00138,2024-07-11,4970.94,East,Credit Card
ORD200508,CUST00018,2023-11-22,10266.89,East,UPI/Wallet
ORD203512,CUST00125,2024-04-12,8038.84,South,Debit Card
ORD200410,CUST00015,2023-12-05,11581.39,Central,UPI/Wallet
ORD207004,CUST00350,2023-08-22,3359.51,North,Debit Card
ORD203785,CUST00139,2024-11-17,2065.87,Central,Cash on Delivery
ORD202951,CUST00106,2024-05-26,4290.84,Central,Debit Card
ORD209539,CUST00657,2024-08-03,2924.15,West,Credit Card
ORD204206,CUST00169,2023-03-16,4459.16,North,Net Banking
ORD204014,CUST00156,2024-03-01,2650.36,Central,Debit Card
ORD203689,CUST00133,2023-06-16,5040.32,Central,Cash on Delivery
ORD207316,CUST00385,2024-02-09,2190.3,Central,Net Banking
ORD205197,CUST00235,2024-04-14,3154.76,West,Credit Card
ORD207759,CUST00439,2024-03-02,2205.23,East,Net Banking
ORD210401,CUST00781,2024-03-20,1278.66,Central,Credit Card
ORD201217,CUST00043,2023-12-17,5757.98,North,Cash on Delivery
ORD209478,CUST00648,2023-11-11,4521.72,East,Debit Card
ORD202253,CUST00080,2023-12-30,7090.26,North,Credit Card
ORD202660,CUST00095,2024-12-27,10858.27,East,Credit Card
ORD204886,CUST00215,2023-07-23,3841.74,Central,Credit Card
ORD200907,CUST00033,2023-05-15,8085.33,East,Cash on Delivery
ORD201908,CUST00067,2023-04-07,5558.82,Central,Net Banking
ORD203568,CUST00127,2024-05-30,2995.55,Central,UPI/Wallet
ORD209635,CUST00670,2023-10-09,4599.85,East,Debit Card
ORD205363,CUST00245,2024-05-02,3677.89,West,Net Banking
ORD209884,CUST00704,2023-05-13,5299.13,West,Debit Card
ORD200893,CUST00032,2024-03-16,9859.93,North,Cash on Delivery
ORD206704,CUST00331,2023-09-28,4745.76,West,Credit Card
ORD205180,CUST00234,2023-11-25,-2424.81,South,Cash on Delivery
ORD208141,CUST00486,2023-03-04,2613.75,East,Debit Card
ORD210117,CUST00738,2023-05-20,3165.49,North,Cash on Delivery
ORD205201,CUST00236,2023-06-07,4288.67,North,
ORD205835,CUST00275,2023-03-18,5498.63,East,Credit Card
ORD210734,CUST00881,2024-02-18,1451.64,East,Credit Card
ORD208794,CUST00561,2023-01-29,2184.57,East,UPI/Wallet
ORD206761,CUST00334,2024-03-14,3034.75,North,UPI/Wallet
ORD208389,CUST00514,2023-09-07,2607.44,East,Cash on Delivery
ORD209107,CUST00600,2024-08-20,1710.1,Central,UPI/Wallet
ORD205193,CUST00235,2023-12-11,2719.62,West,Net Banking
ORD200041,CUST00002,2023-01-04,6546.55,East,UPI/Wallet
ORD203842,CUST00143,2024-08-04,5075.6,West,Cash on Delivery
ORD205081,CUST00227,2024-06-23,4000.81,North,Credit Card
ORD207110,CUST00361,2024-10-30,1689.27,North,Credit Card
ORD201942,CUST00068,2023-01-31,8229.15,West,UPI/Wallet
ORD208487,CUST00525,2023-06-11,2827.71,South,Cash on Delivery
ORD206810,CUST00338,2023-03-25,2917.15,Central,Debit Card
ORD207608,CUST00421,2023-06-04,3442.68,West,Credit Card
ORD210237,CUST00758,2023-06-05,2218.48,East,UPI/Wallet
ORD201712,CUST00061,2024-09-08,4229.15,South,UPI/Wallet
ORD208649,CUST00543,2023-06-21,3936.46,West,Credit Card
ORD204172,CUST00167,2023-06-07,3285.85,Central,Credit Card
ORD205626,CUST00262,2023-12-20,1762.58,East,Credit Card
ORD201185,CUST00042,2023-02-02,5867.09,South,Debit Card
ORD200916,CUST00033,2023-09-09,5282.88,East,UPI/Wallet
ORD208235,CUST00496,2024-11-05,1361.79,East,Credit Card
ORD206275,CUST00302,2024-11-04,4470.58,South,UPI/Wallet
ORD208580,CUST00536,2023-05-02,1843.62,South,UPI/Wallet
ORD201489,CUST00054,2023-01-09,5341.55,East,Credit Card
ORD202014,CUST00071,2023-10-20,6988.87,South,UPI/Wallet
ORD207532,CUST00412,2024-10-06,1090.8,North,Debit Card
ORD207095,CUST00359,2024-08-16,3052.51,North,Debit Card
ORD210007,CUST00721,2024-06-22,3417.73,West,Debit Card
ORD202931,CUST00106,2023-01-23,4462.98,Central,Credit Card
ORD210571,CUST00823,2023-12-04,1420.19,West,UPI/Wallet
ORD200507,CUST00018,2023-10-09,5996.63,East,Debit Card
ORD206891,CUST00343,2023-01-30,2624.17,East,Debit Card
ORD208349,CUST00510,2023-01-11,1433.52,East,Debit Card
ORD203116,CUST00112,2024-04-04,8242.14,Central,Net Banking
ORD209690,CUST00678,2024-02-06,2593.57,South,Credit Card
ORD204424,CUST00184,2023-01-29,2580.21,South,Net Banking
ORD200094,CUST00004,2023-04-30,8014.35,West,Credit Card
ORD204539,CUST00191,2024-08-02,2518.35,West,Credit Card
ORD203424,CUST00122,2023-08-17,3958.39,East,Credit Card
ORD210125,CUST00739,2023-11-22,2152.55,Central,Cash on Delivery
ORD209813,CUST00695,2023-12-15,2459.59,North,UPI/Wallet
ORD205408,CUST00248,2024-04-13,3062.96,South,Net Banking
ORD201556,CUST00056,2023-12-17,4126.24,West,Net Banking
ORD205489,CUST00253,2024-08-21,4645.55,East,Credit Card
ORD204495,CUST00188,2023-12-06,2529.65,East,Credit Card
ORD208191,CUST00491,2024-08-13,2271.98,North,UPI/Wallet
ORD201482,CUST00053,2024-04-11,6427.31,Central,UPI/Wallet
ORD207120,CUST00362,2024-11-08,2260.06,South,UPI/Wallet
ORD206961,CUST00347,2023-04-10,2686.76,Central,Cash on Delivery
ORD209469,CUST00647,2024-05-14,4726.1,North,Credit Card
ORD203786,CUST00139,2024-12-01,1927.64,Central,UPI/Wallet
ORD205687,CUST00266,2024-11-09,5163.78,Central,Debit Card
ORD202723,CUST00098,2024-11-17,4789.8,South,Net Banking
ORD205242,CUST00238,2024-06-01,2888.12,Central,Debit Card
ORD209817,CUST00696,2023-09-11,1307.04,North,Debit Card
ORD201630,CUST00058,2024-02-19,4470.07,South,Debit Card
ORD206648,CUST00327,2023-05-31,2464.3,East,Credit Card
ORD205469,CUST00252,2024-01-07,3978.86,South,Credit Card
ORD204691,CUST00202,2024-10-31,2200.21,West,Debit Card
ORD205393,CUST00247,2023-08-19,1504.55,Central,Debit Card
ORD208456,CUST00522,2023-01-10,2738.6,East,Debit Card
ORD200181,CUST00006,2024-10-21,6257.7,North,UPI/Wallet
ORD205459,CUST00251,2024-02-28,4218.25,South,Debit Card
ORD206975,CUST00348,2023-05-30,2425.43,West,Credit Card
ORD210184,CUST00748,2024-01-14,2473.31,West,Debit Card
ORD208485,CUST00525,2023-01-10,3516.85,South,UPI/Wallet
ORD203938,CUST00151,2023-04-17,4038.36,North,Debit Card
ORD200630,CUST00023,2023-11-26,6924.73,South,Credit Card
ORD210747,CUST00886,2023-08-18,2401.92,West,Debit Card
ORD209385,CUST00637,2023-01-19,1858.25,Central,Net Banking
ORD202407,CUST00086,2024-04-06,9295.54,East,UPI/Wallet
ORD205162,CUST00233,2023-02-24,3475.6,North,UPI/Wallet
ORD208605,CUST00538,2023-09-18,5056.57,West,UPI/Wallet
ORD206169,CUST00296,2024-01-23,4234.05,West,UPI/Wallet
ORD201512,CUST00054,2024-05-04,3609.96,East,Net Banking
ORD207394,CUST00395,2024-12-01,2871.83,East,Debit Card
ORD210628,CUST00845,2023-09-06,1086.5,South,UPI/Wallet
ORD204213,CUST00169,2023-12-07,4298.67,North,Credit Card
ORD201331,CUST00047,2023-08-02,4685.24,South,UPI/Wallet
ORD209091,CUST00598,2024-09-29,2461.44,North,Debit Card
ORD203450,CUST00122,2024-10-29,4042.42,East,Credit Card
ORD207496,CUST00408,2024-06-04,3989.82,North,UPI/Wallet
ORD204938,CUST00218,2023-12-18,2469.27,Central,Debit Card
ORD209317,CUST00627,2023-12-14,3875.02,South,Credit Card
ORD202831,CUST00102,2024-01-15,6853.18,Central,Cash on Delivery
ORD209240,CUST00616,2024-01-06,849.19,West,Credit Card
ORD201659,CUST00059,2023-10-20,4287.91,South,Credit Card
ORD201709,CUST00061,2024-05-21,4839.6,South,UPI/Wallet
ORD210825,CUST00913,2024-04-28,938.75,North,Credit Card
ORD203186,CUST00114,2023-09-04,10916.1,West,Credit Card
ORD210572,CUST00823,2024-05-14,987.64,West,UPI/Wallet
ORD205004,CUST00222,2024-06-05,3389.79,West,Cash on Delivery
ORD205497,CUST00254,2023-06-20,4812.21,West,UPI/Wallet
ORD201594,CUST00057,2024-06-05,6804.39,South,Net Banking
ORD200939,CUST00033,2024-10-21,5858.64,East,Net Banking
ORD206843,CUST00340,2023-12-04,3231.05,South,UPI/Wallet
ORD206400,CUST00312,2023-05-20,2330.39,West,Net Banking
ORD200254,CUST00009,2024-10-19,4181.53,North,UPI/Wallet
ORD202817,CUST00101,2024-11-30,7435.03,West,Net Banking
ORD200799,CUST00028,2024-12-09,7831.93,East,Net Banking
ORD206944,CUST00345,2024-12-24,5559.91,North,UPI/Wallet
ORD209264,CUST00619,2024-03-05,3392.04,North,Net Banking
ORD208708,CUST00549,2024-12-07,3235.16,South,UPI/Wallet
ORD207511,CUST00410,2024-11-03,2108.58,East,Net Banking
ORD201406,CUST00050,2023-09-06,2615.24,North,Debit Card
ORD203899,CUST00147,2024-04-10,1247.97,North,Credit Card
ORD210702,CUST00870,2023-03-20,815.5,South,Credit Card
ORD204867,CUST00214,2023-08-14,2902.45,North,Cash on Delivery
ORD209065,CUST00594,2023-11-05,1065.68,East,Credit Card
ORD203410,CUST00121,2024-11-02,3599.24,South,UPI/Wallet
ORD202460,CUST00089,2023-07-27,4892.67,Central,UPI/Wallet
ORD210360,CUST00775,2023-05-14,3066.36,West,
ORD206501,CUST00318,2023-05-22,3438.58,South,Debit Card
ORD204732,CUST00205,2023-12-29,4768.26,East,UPI/Wallet
ORD206730,CUST00333,2023-02-04,5234.23,East,Debit Card
ORD207571,CUST00416,2024-03-06,2384.96,North,Net Banking
ORD208293,CUST00503,2023-12-24,2841.53,West,
ORD204001,CUST00155,2024-04-25,2675.21,East,UPI/Wallet
ORD200609,CUST00022,2023-08-14,4991.56,South,UPI/Wallet
ORD202653,CUST00095,2024-07-27,9014.97,East,Debit Card
ORD205623,CUST00262,2023-09-03,3076.98,East,Cash on Delivery
ORD210566,CUST00822,2023-02-08,1759.42,North,Debit Card
ORD206273,CUST00302,2024-09-26,5240.42,South,Credit Card
ORD205710,CUST00267,2024-12-03,1695.08,Central,Debit Card
ORD200733,CUST00026,2024-02-10,4641.07,East,Cash on Delivery
ORD205268,CUST00240,2023-07-17,4616.47,West,Credit Card
ORD210190,CUST00749,2024-02-09,2564.85,North,Cash on Delivery
ORD203711,CUST00134,2023-12-26,6978.92,North,Cash on Delivery
ORD209263,CUST00619,2024-02-25,2842.22,North,Credit Card
ORD205107,CUST00229,2023-09-24,5034.47,North,Cash on Delivery
ORD209158,CUST00607,2023-01-12,2111.02,Central,UPI/Wallet
ORD205758,CUST00270,2024-12-11,2000.13,Central,Debit Card
ORD203590,CUST00128,2024-04-13,1644.11,West,Credit Card
ORD200476,CUST00017,2024-01-10,3912.31,South,Cash on Delivery
ORD201305,CUST00046,2024-04-08,7085.21,West,Debit Card
ORD208823,CUST00564,2024-05-05,2250.26,East,Net Banking
ORD206703,CUST00331,2023-08-14,2834.72,West,UPI/Wallet
ORD208378,CUST00513,2023-01-26,1792.36,South,Credit Card
ORD207538,CUST00413,2023-12-16,-2389.79,West,UPI/Wallet
ORD203265,CUST00117,2023-04-04,2854.53,South,Debit Card
ORD208890,CUST00572,2024-02-15,2117.57,South,Cash on Delivery
ORD200283,CUST00011,2023-02-07,11032.11,South,Debit Card
ORD210630,CUST00846,2023-04-09,1071.95,West,Debit Card
ORD202628,CUST00095,2023-03-18,10033.18,East,Credit Card
ORD207348,CUST00389,2023-10-29,1364.37,South,Credit Card
ORD204498,CUST00188,2024-06-28,2532.76,East,UPI/Wallet
ORD200503,CUST00018,2023-07-21,7287.77,East,UPI/Wallet
ORD206630,CUST00326,2023-03-11,5241.16,North,Credit Card
ORD204341,CUST00177,2024-11-15,4727.56,East,UPI/Wallet
ORD208043,CUST00473,2024-11-04,1778.01,Central,Credit Card
ORD202154,CUST00076,2023-06-04,9234.3,South,Credit Card
ORD206954,CUST00346,2024-03-07,3148.91,East,Debit Card
ORD207052,CUST00355,2023-10-01,3264.2,North,UPI/Wallet
ORD202502,CUST00090,2024-04-27,9863.93,Central,Cash on Delivery
ORD203947,CUST00151,2024-10-26,3666.44,North,Credit Card
ORD209627,CUST00669,2023-05-29,5565.35,West,UPI/Wallet
ORD208927,CUST00577,2023-11-12,1750.77,East,Credit Card
ORD209530,CUST00656,2024-04-04,4967.63,East,Credit Card
ORD205230,CUST00238,2023-02-20,2468.18,Central,Cash on Delivery
ORD200178,CUST00006,2024-08-21,4215.02,North,Credit Card
ORD210662,CUST00855,2024-04-01,1206.43,North,UPI/Wallet
ORD206702,CUST00331,2023-07-30,3865.47,West,Cash on Delivery
ORD204317,CUST00176,2023-07-03,2467.97,North,Credit Card
ORD206974,CUST00348,2023-05-12,3690.25,West,Debit Card
ORD202528,CUST00091,2024-03-04,3470.18,East,Debit Card
ORD204700,CUST00203,2023-09-27,4136.02,West,Debit Card
ORD207879,CUST00455,2024-11-12,2914.47,North,Net Banking
ORD207430,CUST00401,2023-02-01,3100.56,West,Credit Card
ORD201583,CUST00057,2024-01-29,9814.23,South,UPI/Wallet
ORD201187,CUST00042,2023-04-06,5064.55,South,Debit Card
ORD203990,CUST00154,2024-09-07,3354.13,East,Cash on Delivery
ORD207200,CUST00371,2024-11-30,1804.75,North,UPI/Wallet
ORD210105,CUST00737,2023-01-24,1586.59,West,Credit Card
ORD206200,CUST00298,2023-09-05,5750.91,South,UPI/Wallet
ORD207965,CUST00465,2023-11-30,1631.12,Central,Cash on Delivery
ORD210621,CUST00842,2023-03-18,646.26,East,Credit Card
ORD204931,CUST00218,2023-03-24,2392.42,Central,Debit Card
ORD209910,CUST00708,2023-10-02,1597.32,East,UPI/Wallet
ORD209710,CUST00681,2023-06-03,4310.65,West,Cash on Delivery
ORD202978,CUST00107,2024-08-19,3162.83,East,Debit Card
ORD203914,CUST00148,2024-11-19,2554.68,North,UPI/Wallet
ORD202675,CUST00096,2024-07-09,-4323.41,North,Credit Card
ORD210091,CUST00735,2023-12-05,4119.11,East,Debit Card
ORD203789,CUST00140,2023-03-18,3300.47,North,Cash on Delivery
ORD201022,CUST00036,2024-01-04,3237.43,East,Credit Card
ORD203661,CUST00131,2023-07-02,3054.57,South,UPI/Wallet
ORD201802,CUST00064,2023-09-12,3464.6,Central,Net Banking
ORD209604,CUST00666,2024-02-25,4237.37,East,Net Banking
ORD209938,CUST00712,2023-10-19,4002.81,Central,Credit Card
ORD206329,CUST00306,2024-11-06,2340.06,West,UPI/Wallet
ORD206657,CUST00327,2024-08-26,544.07,East,Debit Card
ORD200972,CUST00034,2024-07-28,10143.52,East,Net Banking
ORD206823,CUST00338,2024-12-09,2795.44,Central,Net Banking
ORD209876,CUST00703,2023-11-22,2402.7,West,Net Banking
ORD209760,CUST00687,2023-11-21,5839.66,West,Debit Card
ORD207779,CUST00442,2024-10-26,1835.18,South,Cash on Delivery
ORD208011,CUST00470,2023-01-14,1575.92,North,Debit Card
ORD205351,CUST00245,2023-05-26,2855.7,West,Credit Card
ORD201224,CUST00043,2024-12-25,7009.0,North,Credit Card
ORD205578,CUST00258,2024-07-06,5055.1,East,Credit Card
ORD208201,CUST00492,2024-03-17,1075.27,Central,Credit Card
ORD200940,CUST00033,2024-11-05,5602.48,East,Net Banking
ORD200282,CUST00010,2024-12-17,3499.32,North,Cash on Delivery
ORD209098,CUST00599,2023-11-14,3531.44,East,Cash on Delivery
ORD203660,CUST00131,2023-06-30,948.8,South,UPI/Wallet
ORD209777,CUST00690,2023-07-03,2211.72,Central,Credit Card
ORD206542,CUST00320,2023-10-25,3839.07,West,Credit Card
ORD202221,CUST00078,2024-12-05,6562.73,South,Credit Card
ORD210396,CUST00780,2024-06-09,4392.86,East,Credit Card
ORD202614,CUST00094,2023-11-06,3095.58,Central,Debit Card
ORD206377,CUST00310,2023-01-29,2469.9,West,UPI/Wallet
ORD200839,CUST00030,2023-06-22,8446.92,North,Credit Card
ORD207043,CUST00354,2023-05-25,3596.76,Central,UPI/Wallet
ORD201686,CUST00060,2024-08-04,3829.8,Central,Debit Card
ORD203503,CUST00125,2023-11-14,4764.15,South,Cash on Delivery
ORD201568,CUST00057,2023-04-17,8819.05,South,UPI/Wallet
ORD208521,CUST00528,2024-09-30,2275.23,West,UPI/Wallet
ORD210308,CUST00768,2024-07-15,1190.05,West,UPI/Wallet
ORD210837,CUST00918,2023-02-07,1728.9,Central,Credit Card
ORD204373,CUST00179,2024-11-11,2322.66,South,UPI/Wallet
ORD204350,CUST00178,2024-02-06,2957.49,West,Credit Card
ORD205724,CUST00268,2024-07-01,4119.34,West,Net Banking
ORD201465,CUST00052,2024-09-12,2518.28,South,UPI/Wallet
ORD205503,CUST00254,2024-01-14,3369.5,West,Credit Card
ORD207996,CUST00468,2024-06-09,2217.15,Central,Cash on Delivery
ORD210934,CUST00952,2024-06-10,1851.8,East,Credit Card
ORD208291,CUST00503,2023-08-03,2734.2,West,Debit Card
ORD202087,CUST00073,2024-07-17,4273.17,West,Credit Card
ORD209310,CUST00626,2024-03-01,2317.3,South,Debit Card
ORD205544,CUST00257,2023-02-01,4289.96,North,Credit Card
ORD200034,CUST00001,2024-08-24,5512.33,North,Cash on Delivery
ORD207595,CUST00419,2024-09-25,2053.23,East,Cash on Delivery
ORD210807,CUST00908,2023-02-22,941.42,West,UPI/Wallet
ORD205637,CUST00263,2023-08-07,4556.1,West,UPI/Wallet
ORD203253,CUST00116,2024-06-29,5271.98,South,Debit Card
ORD207642,CUST00424,2023-12-29,1765.07,West,Credit Card
ORD207992,CUST00468,2023-09-19,4360.73,Central,UPI/Wallet
ORD204071,CUST00160,2023-09-22,3548.47,West,Credit Card
ORD204607,CUST00197,2023-10-05,3502.87,South,Debit Card
ORD200025,CUST00001,2024-03-14,2378.3,North,UPI/Wallet
ORD207545,CUST00413,2024-08-25,2883.68,West,Net Banking
ORD209808,CUST00695,2023-03-31,1635.41,North,UPI/Wallet
ORD200868,CUST00031,2023-03-12,6546.95,West,Net Banking
ORD200664,CUST00024,2024-02-24,8819.88,North,Credit Card
ORD204468,CUST00186,2024-10-02,3124.1,West,Debit Card
ORD207979,CUST00466,2024-02-27,3448.01,West,UPI/Wallet
ORD200063,CUST00002,2024-09-08,5680.55,East,Net Banking
ORD202504,CUST00090,2024-07-14,11775.74,Central,Cash on Delivery
ORD201020,CUST00036,2023-12-01,7215.24,East,UPI/Wallet
ORD204180,CUST00167,2024-03-31,3988.37,Central,UPI/Wallet
ORD200534,CUST00019,2023-10-13,3929.55,North,Debit Card
ORD204361,CUST00179,2023-02-10,1945.13,South,UPI/Wallet
ORD201945,CUST00068,2023-05-09,5349.99,West,
ORD207330,CUST00387,2024-10-17,1486.65,Central,Debit Card
ORD205280,CUST00240,2024-08-09,3745.69,West,Cash on Delivery
ORD201593,CUST00057,2024-05-23,-4522.19,South,Net Banking
ORD200245,CUST00009,2023-11-13,4952.22,North,Credit Card
ORD209238,CUST00616,2023-07-13,2258.58,West,UPI/Wallet
ORD203168,CUST00113,2024-12-12,3305.07,Central,Debit Card
ORD208984,CUST00584,2023-06-15,1092.21,North,Debit Card
ORD209494,CUST00651,2023-10-09,2487.89,West,UPI/Wallet
ORD206247,CUST00301,2024-02-27,5247.77,Central,Credit Card
ORD210414,CUST00783,2023-08-30,1590.74,South,Cash on Delivery
ORD202092,CUST00073,2024-12-12,3388.48,West,UPI/Wallet
ORD202326,CUST00083,2023-06-23,6370.51,South,UPI/Wallet
ORD205883,CUST00277,2024-09-20,3097.43,Central,Debit Card
ORD209631,CUST00669,2024-04-07,3637.02,West,UPI/Wallet
ORD207050,CUST00354,2024-10-10,2927.26,Central,Cash on Delivery
ORD210292,CUST00765,2023-12-17,1351.32,South,Debit Card
ORD209854,CUST00700,2023-12-25,3115.02,Central,Credit Card
ORD204553,CUST00192,2024-11-27,2703.77,East,Cash on Delivery
ORD201877,CUST00066,2023-09-01,5787.43,West,UPI/Wallet
ORD209133,CUST00603,2024-08-28,1768.07,East,Credit Card
ORD200605,CUST00022,2023-06-10,12873.08,South,Credit Card
ORD201255,CUST00044,2024-08-13,7762.02,East,UPI/Wallet
ORD205533,CUST00256,2023-10-07,4891.62,North,Cash on Delivery
ORD201429,CUST00051,2023-10-16,6598.58,East,UPI/Wallet
ORD207573,CUST00416,2024-09-14,2770.13,North,Net Banking
ORD208663,CUST00545,2023-06-19,2459.77,North,UPI/Wallet
ORD207900,CUST00458,2024-10-02,4177.21,Central,UPI/Wallet
ORD210195,CUST00750,2024-02-20,1723.86,South,Net Banking
ORD209669,CUST00674,2024-02-05,3600.38,West,Cash on Delivery
ORD210595,CUST00831,2024-05-08,703.4,East,
ORD205256,CUST00239,2024-05-29,-3727.08,North,UPI/Wallet
ORD201102,CUST00039,2023-02-06,7817.81,East,UPI/Wallet
ORD205570,CUST00258,2023-11-26,4499.53,East,Cash on Delivery
ORD207846,CUST00452,2023-07-20,2196.88,Central,UPI/Wallet
ORD203350,CUST00120,2023-04-24,4696.23,Central,Cash on Delivery
ORD204813,CUST00210,2024-08-24,3515.4,Central,Debit Card
ORD204960,CUST00219,2024-04-23,3727.32,South,UPI/Wallet
ORD209435,CUST00643,2023-05-20,1778.5,East,Net Banking
ORD206680,CUST00329,2023-09-19,2090.22,Central,UPI/Wallet
ORD209060,CUST00594,2023-03-30,-1224.08,East,Debit Card
ORD206286,CUST00303,2024-10-31,2541.71,North,Cash on Delivery
ORD204222,CUST00169,2024-11-08,4088.76,North,UPI/Wallet
ORD210476,CUST00792,2024-01-15,996.66,West,Debit Card
ORD206534,CUST00319,2024-11-17,4967.22,South,Cash on Delivery
ORD202241,CUST00080,2023-03-28,4977.94,North,Credit Card
ORD202998,CUST00108,2023-12-08,7728.39,East,
ORD209967,CUST00716,2023-09-07,4601.18,Central,Credit Card
ORD200588,CUST00021,2024-01-21,5019.42,East,Cash on Delivery
ORD202678,CUST00096,2024-09-11,-4062.55,North,Credit Card
ORD201862,CUST00065,2024-10-18,11169.08,South,Cash on Delivery
ORD203525,CUST00126,2023-06-11,9923.88,East,Credit Card
ORD203759,CUST00137,2024-06-17,2538.36,West,UPI/Wallet
ORD207398,CUST00396,2023-06-25,730.05,South,Net Banking
ORD206933,CUST00345,2023-07-15,4133.43,North,UPI/Wallet
ORD201323,CUST00046,2024-12-26,4292.69,West,Debit Card
ORD205022,CUST00223,2024-06-11,2925.79,West,Cash on Delivery
ORD210966,CUST00964,2024-04-28,648.12,North,Credit Card
ORD209188,CUST00610,2023-09-11,837.89,South,Credit Card
ORD205582,CUST00259,2023-01-03,2330.41,North,UPI/Wallet
ORD208455,CUST00521,2024-12-16,1509.98,West,Credit Card
ORD202588,CUST00093,2024-04-15,8312.72,East,Credit Card
ORD203021,CUST00109,2023-08-14,12282.66,Central,Debit Card
ORD209187,CUST00610,2023-09-11,2239.09,South,Credit Card
ORD209195,CUST00610,2024-11-08,1601.97,South,UPI/Wallet
ORD205602,CUST00260,2023-10-20,5237.38,West,Net Banking
ORD207685,CUST00429,2024-02-10,2102.88,Central,Credit Card
ORD209252,CUST00617,2024-08-02,-2334.66,East,UPI/Wallet
ORD208750,CUST00555,2024-08-07,2022.1,Central,UPI/Wallet
ORD200971,CUST00034,2024-07-10,3323.33,East,Cash on Delivery
ORD209213,CUST00613,2023-06-15,4434.7,East,Cash on Delivery
ORD209953,CUST00714,2024-03-13,3322.06,Central,Credit Card
ORD210407,CUST00782,2024-01-30,2300.84,South,Cash on Delivery
ORD207189,CUST00370,2024-06-04,2888.5,South,Credit Card
ORD206444,CUST00314,2024-08-22,4350.38,East,Debit Card
ORD204933,CUST00218,2023-04-18,3213.91,Central,Debit Card
ORD202341,CUST00083,2024-11-01,7181.68,South,Debit Card
ORD205299,CUST00241,2024-09-24,3155.99,South,Net Banking
ORD203247,CUST00116,2023-10-05,7694.13,South,Net Banking
ORD210008,CUST00722,2023-04-16,2351.15,East,UPI/Wallet
ORD200316,CUST00012,2023-06-18,5509.73,West,Credit Card
ORD205389,CUST00247,2023-01-17,1362.27,Central,Credit Card
ORD203162,CUST00113,2024-11-01,4421.52,Central,Cash on Delivery
ORD200002,CUST00001,2023-02-08,1757.14,North,Cash on Delivery
ORD205847,CUST00275,2024-08-29,4109.47,East,Credit Card
ORD203244,CUST00116,2023-08-10,3380.12,South,Credit Card
ORD201361,CUST00048,2024-03-02,5156.55,South,Net Banking
ORD209161,CUST00607,2023-05-13,1227.07,Central,Debit Card
ORD200067,CUST00002,2024-10-23,6505.57,East,Cash on Delivery
ORD204041,CUST00158,2023-04-22,4680.44,North,UPI/Wallet
ORD200953,CUST00034,2023-05-24,7047.51,East,Cash on Delivery
ORD208849,CUST00567,2024-03-31,2345.18,South,Credit Card
ORD203279,CUST00117,2024-04-27,4917.13,South,UPI/Wallet
ORD210878,CUST00931,2023-03-01,962.1,North,Debit Card
ORD207350,CUST00389,2024-04-19,2453.54,South,Credit Card
ORD202708,CUST00098,2023-03-18,4293.49,South,Credit Card
ORD204653,CUST00200,2024-07-25,2000.97,West,Cash on Delivery
ORD206086,CUST00292,2023-07-23,4621.85,South,UPI/Wallet
ORD208692,CUST00548,2023-11-19,1873.18,West,Debit Card
ORD202560,CUST00092,2024-03-06,10856.91,South,Credit Card
ORD207653,CUST00425,2024-04-04,2112.9,South,UPI/Wallet
ORD200077,CUST00003,2023-06-22,7187.42,North,Cash on Delivery
ORD208397,CUST00515,2023-06-03,3925.34,Central,Debit Card
ORD202911,CUST00105,2023-03-19,4217.04,South,Credit Card
ORD210185,CUST00748,2024-01-28,2699.68,West,Debit Card
ORD202005,CUST00071,2023-02-15,11149.4,South,Net Banking
ORD203978,CUST00154,2023-02-13,3583.42,East,
ORD207711,CUST00433,2023-10-16,5772.26,West,Credit Card
ORD200931,CUST00033,2024-06-09,6805.98,East,Credit Card
ORD210111,CUST00737,2024-02-04,1925.88,West,Debit Card
ORD210696,CUST00868,2024-01-23,2472.57,Central,Credit Card
ORD206482,CUST00317,2023-08-28,2342.6,South,
ORD208317,CUST00506,2024-04-23,2718.73,North,Debit Card
ORD209727,CUST00683,2023-07-10,2928.95,East,Credit Card
ORD204149,CUST00165,2024-06-15,4393.82,Central,Credit Card
ORD204643,CUST00200,2023-01-19,1713.61,West,Credit Card
ORD200625,CUST00023,2023-06-25,-5572.19,South,Debit Card
ORD202417,CUST00086,2024-12-12,6988.73,East,Debit Card
ORD209211,CUST00612,2024-03-02,1058.38,North,Debit Card
ORD201703,CUST00061,2024-01-28,4220.39,South,Credit Card
ORD208919,CUST00576,2024-02-20,1537.12,Central,Credit Card
ORD200452,CUST00016,2024-06-04,8083.05,East,Credit Card
ORD200734,CUST00026,2024-02-23,3870.36,East,Cash on Delivery
ORD205510,CUST00254,2024-11-13,1575.8,West,Credit Card
ORD210410,CUST00783,2023-02-01,2318.09,South,UPI/Wallet
ORD201856,CUST00065,2024-08-07,6324.29,South,Credit Card
ORD203571,CUST00127,2024-09-11,8505.51,Central,UPI/Wallet
ORD207384,CUST00394,2023-06-29,1574.18,East,Credit Card
ORD210537,CUST00812,2023-06-18,1314.13,East,Cash on Delivery
ORD209134,CUST00603,2024-10-02,1761.74,East,UPI/Wallet
ORD210198,CUST00751,2024-07-08,2249.55,Central,Cash on Delivery
ORD202507,CUST00090,2024-12-22,5307.28,Central,Credit Card
ORD207495,CUST00408,2023-12-23,3170.72,North,Credit Card
ORD203935,CUST00150,2024-08-08,2018.35,North,UPI/Wallet
ORD206670,CUST00328,2024-09-09,4281.09,South,Debit Card
ORD207861,CUST00453,2024-09-14,2750.03,Central,Cash on Delivery
ORD205215,CUST00236,2024-09-28,4693.78,North,UPI/Wallet
ORD206634,CUST00326,2023-07-14,3905.28,North,Cash on Delivery
ORD201337,CUST00047,2024-04-07,5461.24,South,UPI/Wallet
ORD210088,CUST00735,2023-07-18,4137.35,East,Cash on Delivery
ORD202133,CUST00075,2023-07-04,6179.66,South,UPI/Wallet
ORD208751,CUST00555,2024-10-21,1302.93,Central,UPI/Wallet
ORD200546,CUST00019,2024-10-31,4457.95,North,Debit Card
ORD200829,CUST00029,2024-12-17,2963.38,North,Credit Card
ORD206970,CUST00347,2024-11-28,1571.33,Central,Cash on Delivery
ORD207476,CUST00406,2023-07-17,-2692.21,North,Net Banking
ORD204307,CUST00175,2024-03-17,2728.55,South,Credit Card
ORD205435,CUST00250,2023-06-26,6246.05,East,Cash on Delivery
ORD210558,CUST00819,2023-04-23,2106.66,North,UPI/Wallet
ORD209179,CUST00609,2023-08-26,2930.08,Central,Cash on Delivery
ORD205249,CUST00239,2023-06-21,4390.23,North,UPI/Wallet
ORD200354,CUST00013,2023-08-16,5788.66,North,Net Banking
ORD201964,CUST00069,2023-04-04,7849.09,Central,Debit Card
ORD206881,CUST00342,2024-01-06,3562.02,East,Credit Card
ORD208051,CUST00475,2023-04-17,2664.63,North,Debit Card
ORD207781,CUST00443,2023-02-25,2209.37,Central,Cash on Delivery
ORD210181,CUST00748,2023-05-29,2571.64,West,Credit Card
ORD204508,CUST00189,2024-06-30,6235.14,Central,Credit Card
ORD203655,CUST00130,2024-01-25,9034.69,South,
ORD204546,CUST00192,2023-09-22,2350.65,East,Credit Card
ORD205947,CUST00282,2023-04-22,2119.18,North,Credit Card
ORD208092,CUST00479,2023-11-18,1893.43,West,Debit Card
ORD202306,CUST00082,2024-06-25,11077.32,West,UPI/Wallet
ORD206729,CUST00332,2024-11-12,3273.74,West,Debit Card
ORD210418,CUST00783,2024-03-07,2328.61,South,Debit Card
ORD204639,CUST00199,2024-05-16,3465.64,East,Cash on Delivery
ORD200909,CUST00033,2023-05-22,8339.22,East,Debit Card
ORD209014,CUST00588,2024-04-21,2059.91,Central,Cash on Delivery
ORD201462,CUST00052,2024-05-24,3849.22,South,Debit Card
ORD205627,CUST00262,2024-02-05,2523.01,East,Debit Card
ORD208131,CUST00484,2023-12-15,2543.77,North,Credit Card
ORD208803,CUST00562,2023-07-11,2508.21,Central,Debit Card
ORD201679,CUST00060,2023-07-14,5289.68,Central,UPI/Wallet
ORD205488,CUST00253,2024-05-07,5238.61,East,Credit Card
ORD202397,CUST00086,2023-06-30,6025.89,East,Debit Card
ORD206108,CUST00293,2023-10-02,1707.51,North,Credit Card
ORD202850,CUST00103,2023-04-04,3859.4,Central,UPI/Wallet
ORD202592,CUST00093,2024-07-18,6400.32,East,Cash on Delivery
ORD204654,CUST00200,2024-10-24,2278.98,West,Credit Card
ORD206857,CUST00341,2023-02-04,3850.13,East,Cash on Delivery
ORD203902,CUST00147,2024-08-21,2005.99,North,Credit Card
ORD202091,CUST00073,2024-11-16,5068.05,West,Net Banking
ORD204444,CUST00185,2023-12-29,4095.42,North,Credit Card
ORD204353,CUST00178,2024-04-01,5283.3,West,Credit Card
ORD206800,CUST00337,2024-04-11,3895.09,East,Cash on Delivery
ORD207512,CUST00410,2024-12-01,1721.99,East,UPI/Wallet
ORD205023,CUST00223,2024-06-29,4278.01,West,Credit Card
ORD203975,CUST00153,2024-11-22,4267.11,West,Cash on Delivery
ORD200770,CUST00027,2024-04-16,5415.12,Central,Credit Card
ORD208177,CUST00489,2024-11-12,1672.48,South,Credit Card
ORD210309,CUST00769,2023-02-10,4938.23,East,Cash on Delivery
ORD204773,CUST00207,2024-12-24,4275.41,East,UPI/Wallet
ORD208321,CUST00506,2024-10-29,2485.7,North,Credit Card
ORD210316,CUST00769,2023-12-15,4607.03,East,Net Banking
ORD205263,CUST00240,2023-03-08,5774.91,West,UPI/Wallet
ORD201171,CUST00041,2024-05-14,4673.08,South,Credit Card
ORD201514,CUST00054,2024-06-28,3364.84,East,UPI/Wallet
ORD203985,CUST00154,2023-11-10,3565.05,East,Debit Card
ORD210358,CUST00774,2024-05-15,3256.06,East,Credit Card
ORD203729,CUST00135,2024-03-20,5674.01,Central,Credit Card
ORD204680,CUST00202,2024-03-27,2354.4,West,UPI/Wallet
ORD203150,CUST00113,2023-12-27,3598.53,Central,Debit Card
ORD202779,CUST00100,2023-12-21,5162.76,North,Debit Card
ORD210267,CUST00761,2024-02-11,1802.68,North,UPI/Wallet
ORD210546,CUST00814,2024-03-19,877.38,Central,Debit Card
ORD204475,CUST00187,2023-11-14,2625.6,Central,Debit Card
ORD207275,CUST00380,2024-02-15,3691.39,West,Credit Card
ORD208476,CUST00524,2023-08-01,1094.89,South,UPI/Wallet
ORD209443,CUST00644,2023-02-04,2730.34,North,Cash on Delivery
ORD209097,CUST00599,2023-06-20,4440.9,East,UPI/Wallet
ORD204176,CUST00167,2023-11-18,2805.38,Central,Cash on Delivery
ORD202518,CUST00091,2023-10-10,3732.51,East,UPI/Wallet
ORD209305,CUST00625,2023-11-18,1142.93,South,UPI/Wallet
ORD201922,CUST00067,2024-03-26,7519.31,Central,Debit Card
ORD209794,CUST00692,2023-12-31,918.51,North,UPI/Wallet
ORD202322,CUST00083,2023-03-05,5165.34,South,UPI/Wallet
ORD207857,CUST00453,2023-09-21,2605.73,Central,Credit Card
ORD203377,CUST00120,2024-10-08,4252.65,Central,Debit Card
ORD207429,CUST00401,2023-01-02,2974.06,West,Cash on Delivery
ORD201100,CUST00038,2024-12-23,4033.66,West,Debit Card
ORD205955,CUST00282,2024-05-28,2018.17,North,Debit Card
ORD206445,CUST00314,2024-09-03,3305.14,East,Net Banking
ORD200855,CUST00030,2024-06-13,8895.99,North,Credit Card
ORD202183,CUST00077,2023-11-01,7641.39,West,UPI/Wallet
ORD203089,CUST00111,2024-11-04,5381.88,South,UPI/Wallet
ORD204511,CUST00189,2024-12-23,2499.95,Central,Credit Card
ORD202282,CUST00081,2024-12-03,6262.71,West,Cash on Delivery
ORD208863,CUST00569,2024-03-23,2261.24,West,Cash on Delivery
ORD210815,CUST00910,2024-05-31,1804.51,North,Credit Card
ORD207593,CUST00419,2024-04-20,2025.47,East,Net Banking
ORD206089,CUST00292,2023-12-18,5947.87,South,Credit Card
ORD208928,CUST00577,2024-04-20,2008.83,East,UPI/Wallet
ORD203467,CUST00123,2024-08-10,10810.54,West,UPI/Wallet
ORD204366,CUST00179,2024-02-06,2108.01,South,UPI/Wallet
ORD202095,CUST00074,2023-04-11,8873.3,East,Debit Card
ORD204013,CUST00156,2023-12-18,3159.54,Central,Debit Card
ORD209313,CUST00627,2023-02-10,3603.94,South,Debit Card
ORD209235,CUST00616,2023-01-31,1836.85,West,UPI/Wallet
ORD201906,CUST00067,2023-03-28,7404.68,Central,Credit Card
ORD201739,CUST00062,2024-06-28,10661.95,West,Cash on Delivery
ORD202497,CUST00090,2024-02-12,5966.9,Central,UPI/Wallet
ORD205421,CUST00249,2023-11-30,4666.14,Central,Debit Card
ORD208639,CUST00541,2024-10-18,1894.38,Central,UPI/Wallet
ORD200973,CUST00034,2024-08-16,9245.76,East,Credit Card
ORD211053,CUST00996,2023-11-30,1360.25,South,Credit Card
ORD206638,CUST00326,2023-11-09,5315.67,North,Debit Card
ORD202103,CUST00074,2023-07-18,8637.5,East,Debit Card
ORD201875,CUST00066,2023-07-27,6848.67,West,Debit Card
ORD203833,CUST00142,2024-11-05,4410.74,North,UPI/Wallet
ORD203451,CUST00122,2024-11-23,6418.54,East,Debit Card
ORD209404,CUST00639,2023-12-24,3526.45,South,Credit Card
ORD205845,CUST00275,2024-04-04,2510.02,East,Credit Card
ORD202200,CUST00078,2023-10-08,4716.59,South,UPI/Wallet
ORD203737,CUST00136,2023-01-11,5335.18,North,UPI/Wallet
ORD203364,CUST00120,2024-02-12,4261.36,Central,Credit Card
ORD201274,CUST00045,2024-02-25,8297.07,East,UPI/Wallet
ORD202710,CUST00098,2023-04-20,5588.21,South,Credit Card
ORD207337,CUST00388,2024-01-27,1212.63,West,Credit Card
ORD208960,CUST00581,2023-11-18,4141.43,Central,Credit Card
ORD201395,CUST00049,2024-10-06,7975.71,South,Credit Card
ORD209861,CUST00701,2023-07-29,2041.11,South,Credit Card
ORD201258,CUST00044,2024-10-04,6746.71,East,Cash on Delivery
ORD204587,CUST00196,2023-01-30,5184.17,Central,UPI/Wallet
ORD209964,CUST00715,2024-02-26,2303.49,North,Debit Card
ORD205090,CUST00228,2023-04-10,2937.92,West,Credit Card
ORD200338,CUST00012,2024-02-10,5902.67,West,UPI/Wallet
ORD207216,CUST00373,2024-12-16,4457.82,South,UPI/Wallet
ORD209366,CUST00634,2023-07-30,3965.54,South,UPI/Wallet
ORD210682,CUST00864,2023-05-17,428.04,West,Debit Card
ORD202108,CUST00074,2023-12-27,9480.77,East,Debit Card
ORD201535,CUST00055,2023-11-27,5168.64,East,
ORD204311,CUST00175,2024-08-12,2040.35,South,Net Banking
ORD210313,CUST00769,2023-08-24,4674.01,East,Credit Card
ORD209102,CUST00599,2024-09-16,-2689.89,East,Cash on Delivery
ORD201479,CUST00053,2023-12-15,9902.06,Central,Credit Card
ORD200848,CUST00030,2024-01-16,5821.67,North,UPI/Wallet
ORD200055,CUST00002,2024-05-12,5575.38,East,UPI/Wallet
ORD204698,CUST00203,2023-08-20,4824.06,West,Credit Card
ORD202671,CUST00096,2023-11-11,4362.5,North,Credit Card
ORD208446,CUST00521,2023-01-24,1702.16,West,Cash on Delivery
ORD204510,CUST00189,2024-09-25,5921.6,Central,Net Banking
ORD203341,CUST00119,2024-09-28,6751.14,West,Net Banking
ORD202685,CUST00097,2023-03-14,10596.51,North,Debit Card
ORD209202,CUST00611,2024-03-30,2500.64,East,UPI/Wallet
ORD200114,CUST00004,2024-06-10,-7516.23,West,Cash on Delivery
ORD204507,CUST00189,2024-06-24,3800.94,Central,Credit Card
ORD206867,CUST00341,2024-08-24,2681.46,East,UPI/Wallet
ORD205522,CUST00255,2024-05-31,1439.48,East,Credit Card
ORD204959,CUST00219,2024-04-05,3741.16,South,Debit Card
ORD200966,CUST00034,2024-03-07,8041.52,East,Cash on Delivery
ORD205535,CUST00256,2024-02-26,3291.92,North,UPI/Wallet
ORD201992,CUST00070,2023-09-11,10956.5,North,Credit Card
ORD210518,CUST00805,2023-09-08,1314.86,Central,Credit Card
ORD200412,CUST00015,2024-01-09,7284.31,Central,UPI/Wallet
ORD204766,CUST00207,2023-11-07,4284.68,East,Cash on Delivery
ORD204174,CUST00167,2023-07-14,3534.72,Central,Credit Card
ORD210383,CUST00778,2023-06-29,1941.77,Central,Credit Card
ORD202540,CUST00091,2024-11-18,3626.47,East,Net Banking
ORD210085,CUST00735,2023-06-02,3800.29,East,Debit Card
ORD205451,CUST00251,2023-05-07,3238.71,South,Credit Card
ORD210287,CUST00764,2024-06-13,2735.57,West,Net Banking
ORD201637,CUST00058,2024-08-10,834.37,South,Debit Card
ORD209720,CUST00682,2024-02-06,3284.92,North,Cash on Delivery
ORD209419,CUST00641,2023-08-25,2671.81,East,Cash on Delivery
ORD204584,CUST00195,2024-07-21,2596.31,West,Debit Card
ORD202129,CUST00075,2023-04-19,2890.17,South,Credit Card
ORD205965,CUST00283,2024-11-22,2609.8,West,Debit Card
ORD208095,CUST00480,2023-04-25,2034.65,North,UPI/Wallet
ORD202494,CUST00090,2023-11-12,10324.94,Central,Credit Card
ORD200935,CUST00033,2024-08-14,6120.64,East,Credit Card
ORD200864,CUST00030,2024-12-13,6489.89,North,Cash on Delivery
ORD204419,CUST00183,2024-04-28,4633.01,South,Cash on Delivery
ORD202355,CUST00084,2024-03-09,7503.4,North,Debit Card
ORD209297,CUST00624,2023-09-24,4754.04,North,Cash on Delivery
ORD200890,CUST00032,2024-01-10,7755.67,North,Credit Card
ORD200992,CUST00035,2023-11-20,6179.91,North,Debit Card
ORD205161,CUST00233,2023-01-28,3245.64,North,UPI/Wallet
ORD205281,CUST00240,2024-08-20,3640.71,West,Credit Card
ORD203628,CUST00129,2024-09-28,6063.8,Central,Cash on Delivery
ORD203483,CUST00124,2024-02-03,6830.43,East,Debit Card
ORD204967,CUST00220,2023-03-11,5127.53,West,Cash on Delivery
ORD201946,CUST00068,2023-06-14,7516.21,West,UPI/Wallet
ORD203289,CUST00117,2024-11-01,5289.3,South,Credit Card
ORD210958,CUST00962,2023-03-06,1340.26,Central,Net Banking
ORD202947,CUST00106,2023-12-03,2671.78,Central,Cash on Delivery
ORD209397,CUST00638,2024-02-25,2655.06,West,Credit Card
ORD202700,CUST00097,2024-06-01,10403.69,North,Cash on Delivery
ORD209702,CUST00680,2023-06-28,1831.39,North,UPI/Wallet
ORD200517,CUST00018,2024-05-11,7909.74,East,UPI/Wallet
ORD211036,CUST00991,2023-12-13,2216.02,West,Debit Card
ORD203267,CUST00117,2023-05-01,5538.98,South,Credit Card
ORD200273,CUST00010,2024-06-19,3141.32,North,Cash on Delivery
ORD203580,CUST00128,2023-05-06,3933.66,West,UPI/Wallet
ORD200610,CUST00022,2023-09-23,10558.59,South,Cash on Delivery
ORD200232,CUST00009,2023-03-06,3336.37,North,Credit Card
ORD208162,CUST00488,2023-03-25,2415.26,East,Credit Card
ORD209182,CUST00609,2024-01-12,1885.89,Central,Cash on Delivery
ORD210524,CUST00807,2024-02-13,559.08,North,UPI/Wallet
ORD202127,CUST00075,2023-01-20,3811.06,South,Credit Card
ORD207855,CUST00453,2023-04-17,2791.94,Central,Debit Card
ORD208260,CUST00499,2023-12-17,1248.93,North,Debit Card
ORD203072,CUST00111,2023-04-11,7740.75,South,Credit Card
ORD209970,CUST00716,2024-04-10,5337.06,Central,Credit Card
ORD200234,CUST00009,2023-05-11,3804.0,North,Credit Card
ORD201351,CUST00048,2023-05-03,3676.07,South,Debit Card
ORD207410,CUST00397,2024-10-02,2423.95,Central,Credit Card
ORD200293,CUST00011,2023-11-26,8851.36,South,Credit Card
ORD210604,CUST00835,2023-08-01,576.17,South,Credit Card
ORD209569,CUST00661,2023-07-07,1477.94,East,Cash on Delivery
ORD203421,CUST00122,2023-06-20,2356.67,East,Debit Card
ORD202160,CUST00076,2023-11-12,8363.56,South,Cash on Delivery
ORD200084,CUST00003,2024-11-01,3838.2,North,UPI/Wallet
ORD204844,CUST00212,2024-12-20,-5840.68,Central,Credit Card
ORD201167,CUST00041,2024-01-22,6452.16,South,Cash on Delivery
ORD207666,CUST00427,2023-02-07,1935.35,North,Credit Card
ORD201281,CUST00045,2024-10-18,7672.8,East,UPI/Wallet
ORD202916,CUST00105,2023-11-02,-3385.73,South,Cash on Delivery
ORD203962,CUST00153,2023-03-08,3014.84,West,Cash on Delivery
ORD200314,CUST00012,2023-06-06,4385.36,West,Credit Card
ORD200827,CUST00029,2024-09-06,4485.46,North,Net Banking
ORD205250,CUST00239,2023-09-14,2522.73,North,UPI/Wallet
ORD209216,CUST00613,2024-01-01,2384.91,East,Credit Card
ORD206858,CUST00341,2023-03-04,2623.41,East,Net Banking
ORD201507,CUST00054,2024-02-05,5050.68,East,Credit Card
ORD203690,CUST00133,2023-06-18,6079.65,Central,Debit Card
ORD203894,CUST00147,2023-07-05,2861.48,North,UPI/Wallet
ORD207728,CUST00435,2024-01-08,2292.62,North,UPI/Wallet
ORD206018,CUST00286,2024-10-29,5086.44,East,UPI/Wallet
ORD205904,CUST00279,2023-04-18,5052.65,West,Credit Card
ORD203654,CUST00130,2024-01-20,4004.11,South,UPI/Wallet
ORD203443,CUST00122,2024-06-10,4265.43,East,Credit Card
ORD207946,CUST00463,2024-10-07,991.53,North,Cash on Delivery
ORD207578,CUST00417,2024-05-27,1884.88,East,Credit Card
ORD209492,CUST00651,2023-02-28,2528.54,West,UPI/Wallet
ORD205037,CUST00224,2024-07-07,3025.24,West,Cash on Delivery
ORD200139,CUST00005,2024-06-11,11799.4,South,Credit Card
ORD201441,CUST00051,2024-10-31,3748.94,East,Cash on Delivery
ORD200484,CUST00017,2024-07-25,4245.64,South,Debit Card
ORD201690,CUST00060,2024-12-25,3035.15,Central,Credit Card
ORD203958,CUST00152,2024-10-28,4369.76,South,Credit Card
ORD208277,CUST00501,2024-08-13,1919.99,Central,Debit Card
ORD204856,CUST00213,2023-12-06,4540.78,South,Credit Card
ORD202310,CUST00082,2024-08-02,5352.46,West,UPI/Wallet
ORD205984,CUST00284,2024-07-06,3911.04,South,UPI/Wallet
ORD207263,CUST00379,2024-02-18,3557.3,South,Credit Card
ORD205042,CUST00225,2023-05-20,4149.39,North,Credit Card
ORD204342,CUST00178,2023-03-13,4018.64,West,Credit Card
ORD209485,CUST00650,2023-04-20,3770.44,North,UPI/Wallet
ORD210994,CUST00975,2024-03-01,1022.8,South,Credit Card
ORD205929,CUST00280,2024-07-01,3400.76,East,
ORD207446,CUST00402,2024-10-08,1676.96,West,Cash on Delivery
ORD207157,CUST00366,2023-11-19,971.14,North,Credit Card
ORD205593,CUST00259,2024-09-09,3104.0,North,
ORD207094,CUST00359,2024-07-02,4287.68,North,Debit Card
ORD210033,CUST00726,2023-10-25,1190.36,North,UPI/Wallet
ORD203919,CUST00149,2023-10-19,4657.66,West,Credit Card
ORD201525,CUST00055,2023-01-12,-3257.25,East,UPI/Wallet
ORD203280,CUST00117,2024-05-11,5025.63,South,Credit Card
ORD204233,CUST00171,2023-01-12,2542.74,Central,UPI/Wallet
ORD205948,CUST00282,2023-05-14,1854.94,North,Net Banking
ORD204028,CUST00157,2023-02-12,1702.08,West,UPI/Wallet
ORD207665,CUST00427,2023-01-19,1805.69,North,Debit Card
ORD206819,CUST00338,2024-07-08,-1710.36,Central,Credit Card
ORD203254,CUST00116,2024-08-24,7639.02,South,Debit Card
ORD208821,CUST00564,2023-04-04,-3233.71,East,Debit Card
ORD202457,CUST00089,2023-06-07,-6453.21,Central,UPI/Wallet
ORD210530,CUST00809,2024-06-04,466.24,South,Cash on Delivery
ORD205294,CUST00241,2024-02-06,2287.33,South,Net Banking
ORD202447,CUST00088,2024-03-23,5470.38,North,UPI/Wallet
ORD203219,CUST00115,2024-01-16,2570.77,West,UPI/Wallet
ORD202139,CUST00075,2023-12-14,2402.34,South,UPI/Wallet
ORD208406,CUST00516,2023-03-12,3560.08,Central,UPI/Wallet
ORD201344,CUST00047,2024-10-05,2609.66,South,Debit Card
ORD206042,CUST00288,2024-05-28,5912.37,West,Net Banking
ORD205484,CUST00253,2023-12-08,4995.17,East,Debit Card
ORD207450,CUST00403,2023-05-26,1165.34,North,Credit Card
ORD207891,CUST00457,2024-09-21,2722.97,East,UPI/Wallet
ORD201375,CUST00048,2024-12-08,4013.94,South,UPI/Wallet
ORD200975,CUST00034,2024-09-11,6815.85,East,Debit Card
ORD205880,CUST00277,2024-06-23,1919.56,Central,Debit Card
ORD210478,CUST00793,2024-02-19,1485.05,Central,UPI/Wallet
ORD203063,CUST00110,2024-12-10,8778.1,West,Cash on Delivery
ORD210286,CUST00764,2024-06-04,4717.67,West,Cash on Delivery
ORD205035,CUST00224,2023-07-23,3501.01,West,Cash on Delivery
ORD209480,CUST00648,2024-03-20,3200.47,East,UPI/Wallet
ORD205537,CUST00256,2024-06-16,4031.57,North,UPI/Wallet
ORD204103,CUST00162,2024-05-06,1507.43,West,Credit Card
ORD208910,CUST00575,2023-02-18,2621.2,South,Cash on Delivery
ORD210288,CUST00765,2023-01-02,1514.58,South,Credit Card
ORD206833,CUST00339,2024-12-07,3708.6,North,UPI/Wallet
ORD201480,CUST00053,2024-02-22,7895.56,Central,UPI/Wallet
ORD206007,CUST00286,2023-03-31,3337.93,East,Net Banking
ORD200656,CUST00024,2023-09-15,8801.3,North,UPI/Wallet
ORD207597,CUST00419,2024-11-12,1770.46,East,Net Banking
ORD204214,CUST00169,2023-12-19,6443.79,North,UPI/Wallet
ORD203367,CUST00120,2024-06-03,4509.79,Central,Credit Card
ORD200626,CUST00023,2023-08-03,5836.63,South,Debit Card
ORD208209,CUST00493,2024-01-11,3558.49,South,Credit Card
ORD210935,CUST00953,2023-05-03,545.43,Central,Cash on Delivery
ORD209513,CUST00654,2023-08-03,2264.04,South,UPI/Wallet
ORD208604,CUST00538,2023-04-09,3172.1,West,UPI/Wallet
ORD210771,CUST00895,2023-09-24,1537.37,Central,Debit Card
ORD204367,CUST00179,2024-04-17,2685.53,South,Net Banking
ORD201652,CUST00059,2023-03-02,2702.38,South,Cash on Delivery
ORD205319,CUST00242,2024-11-07,3394.95,East,UPI/Wallet
ORD207108,CUST00361,2024-08-31,2191.89,North,Credit Card
ORD206587,CUST00323,2023-09-07,3493.34,South,UPI/Wallet
ORD208130,CUST00484,2023-11-21,2359.76,North,UPI/Wallet
ORD201932,CUST00067,2024-09-23,8231.63,Central,Credit Card
ORD204005,CUST00156,2023-03-08,1518.47,Central,Credit Card
ORD208132,CUST00484,2024-05-26,1918.51,North,Cash on Delivery
ORD206261,CUST00302,2023-09-04,3416.96,South,UPI/Wallet
ORD206908,CUST00343,2024-06-09,2176.74,East,Net Banking
ORD203041,CUST00110,2023-02-13,1808.83,West,Credit Card
ORD204991,CUST00221,2024-05-07,1689.89,South,Credit Card
ORD206581,CUST00322,2024-02-14,2408.33,West,Credit Card
ORD210398,CUST00781,2023-08-04,1827.74,Central,Debit Card
ORD203153,CUST00113,2024-02-25,4033.74,Central,Credit Card
ORD201400,CUST00050,2023-01-03,5547.12,North,Debit Card
ORD204772,CUST00207,2024-12-19,5062.58,East,UPI/Wallet
ORD209358,CUST00633,2023-02-05,3613.0,Central,Credit Card
ORD204183,CUST00167,2024-07-26,3752.28,Central,Credit Card
ORD210876,CUST00930,2024-03-14,767.79,West,Credit Card
ORD211052,CUST00996,2023-11-04,1186.41,South,Credit Card
ORD203256,CUST00116,2024-09-25,8436.72,South,Cash on Delivery
ORD207602,CUST00420,2024-01-03,1569.46,North,Cash on Delivery
ORD205830,CUST00274,2024-10-20,2727.45,East,UPI/Wallet
ORD201710,CUST00061,2024-05-26,2093.9,South,Cash on Delivery
ORD201206,CUST00043,2023-02-10,4530.59,North,Cash on Delivery
ORD205819,CUST00274,2023-08-28,3560.7,East,UPI/Wallet
ORD209159,CUST00607,2023-03-04,1869.66,Central,Credit Card
ORD208258,CUST00499,2023-09-23,1513.84,North,Credit Card
ORD202500,CUST00090,2024-03-02,6052.5,Central,Cash on Delivery
ORD210202,CUST00752,2023-12-01,2319.66,Central,Debit Card
ORD200759,CUST00027,2023-08-02,9498.67,Central,Cash on Delivery
ORD204535,CUST00191,2023-12-30,940.04,West,Debit Card
ORD205767,CUST00271,2023-10-26,4061.3,East,UPI/Wallet
ORD202285,CUST00082,2023-04-14,10208.07,West,UPI/Wallet
ORD201909,CUST00067,2023-04-25,2642.9,Central,Cash on Delivery
ORD201149,CUST00040,2024-11-01,6909.61,South,Credit Card
ORD200103,CUST00004,2023-10-05,8669.03,West,Debit Card
ORD201685,CUST00060,2024-05-15,4228.27,Central,Debit Card
ORD209671,CUST00675,2023-12-09,1813.51,East,Credit Card
ORD202876,CUST00103,2024-05-14,-4880.01,Central,Net Banking
ORD207069,CUST00356,2024-11-06,1693.42,North,Cash on Delivery
ORD202416,CUST00086,2024-12-10,7286.52,East,Debit Card
ORD209369,CUST00634,2024-06-28,2911.44,South,Credit Card
ORD206708,CUST00331,2024-02-27,5060.42,West,Debit Card
ORD208530,CUST00529,2024-07-26,2155.78,East,UPI/Wallet
ORD209909,CUST00707,2024-06-13,1913.9,South,Debit Card
ORD202849,CUST00103,2023-03-24,3555.28,Central,UPI/Wallet
ORD200251,CUST00009,2024-08-25,5002.46,North,Credit Card
ORD203434,CUST00122,2024-01-18,5584.64,East,Debit Card
ORD204427,CUST00184,2023-11-26,3851.78,South,Credit Card
ORD200356,CUST00013,2023-12-28,4951.65,North,Debit Card
ORD201642,CUST00058,2024-11-06,4445.28,South,Cash on Delivery
ORD210022,CUST00724,2024-02-26,5324.16,East,Cash on Delivery
ORD210013,CUST00723,2023-05-10,2267.18,East,Debit Card
ORD200256,CUST00009,2024-11-20,4825.18,North,Cash on Delivery
ORD210222,CUST00755,2024-02-24,3975.72,West,Debit Card
ORD208429,CUST00518,2024-11-06,3286.6,South,Cash on Delivery
ORD205854,CUST00276,2023-06-17,2744.0,Central,Debit Card
ORD202081,CUST00073,2024-04-27,5030.97,West,Credit Card
ORD210824,CUST00913,2023-12-20,687.22,North,UPI/Wallet
ORD207858,CUST00453,2023-10-19,2521.65,Central,UPI/Wallet
ORD205789,CUST00272,2024-12-03,2341.03,Central,Debit Card
ORD208148,CUST00486,2023-12-04,2253.49,East,UPI/Wallet
ORD206160,CUST00296,2023-03-01,3454.43,West,UPI/Wallet
ORD202562,CUST00092,2024-04-26,10183.41,South,
ORD202795,CUST00100,2024-10-27,3704.72,North,Cash on Delivery
ORD200145,CUST00005,2024-11-24,6675.14,South,Debit Card
ORD201870,CUST00066,2023-04-26,8249.47,West,Debit Card
ORD201816,CUST00064,2024-11-15,6105.36,Central,Debit Card
ORD200351,CUST00013,2023-03-26,3997.95,North,Net Banking
ORD204780,CUST00208,2023-11-28,3956.36,South,Debit Card
ORD202272,CUST00081,2023-10-23,5683.2,West,Credit Card
ORD210823,CUST00913,2023-10-21,642.32,North,UPI/Wallet
ORD207071,CUST00357,2023-03-12,3413.23,North,UPI/Wallet
ORD202051,CUST00072,2024-11-28,7781.31,Central,UPI/Wallet
ORD209724,CUST00683,2023-02-19,2857.4,East,Credit Card
ORD205841,CUST00275,2023-12-16,4012.8,East,Cash on Delivery
ORD206328,CUST00306,2024-10-06,2882.52,West,Credit Card
ORD201640,CUST00058,2024-10-01,1955.6,South,UPI/Wallet
ORD207352,CUST00389,2024-08-21,2289.51,South,Credit Card
ORD201730,CUST00062,2023-12-12,10442.49,West,Cash on Delivery
ORD202720,CUST00098,2024-07-17,4017.24,South,Credit Card
ORD206272,CUST00302,2024-08-29,3883.17,South,Debit Card
ORD201485,CUST00053,2024-08-25,5497.72,Central,Credit Card
ORD206569,CUST00321,2024-06-29,2095.96,West,Credit Card
ORD202122,CUST00074,2024-08-26,6869.72,East,Credit Card
ORD207650,CUST00425,2024-01-14,1433.39,South,UPI/Wallet
ORD206250,CUST00301,2024-04-19,3140.73,Central,Credit Card
ORD200858,CUST00030,2024-09-04,8969.68,North,Cash on Delivery
ORD201728,CUST00062,2023-11-02,10774.18,West,Credit Card
ORD206898,CUST00343,2023-07-30,1785.89,East,Credit Card
ORD202581,CUST00093,2023-09-26,8661.86,East,Net Banking
ORD204625,CUST00198,2024-02-27,3186.21,South,Cash on Delivery
ORD205196,CUST00235,2024-03-08,2217.91,West,UPI/Wallet
ORD201091,CUST00038,2024-03-25,4469.96,West,Credit Card
ORD201340,CUST00047,2024-05-15,6975.44,South,
ORD204051,CUST00158,2024-08-12,5610.8,North,UPI/Wallet
ORD204465,CUST00186,2024-03-01,6082.41,West,Credit Card
ORD201787,CUST00064,2023-01-20,4880.28,Central,Cash on Delivery
ORD207097,CUST00360,2023-03-12,2633.62,West,Cash on Delivery
ORD206962,CUST00347,2023-05-14,2777.07,Central,Cash on Delivery
ORD210335,CUST00771,2023-08-09,1711.23,East,UPI/Wallet
ORD208597,CUST00537,2024-08-27,1743.41,East,Debit Card
ORD202250,CUST00080,2023-12-05,5822.07,North,UPI/Wallet
ORD210525,CUST00808,2023-05-20,680.41,North,UPI/Wallet
ORD206672,CUST00328,2024-11-22,4847.91,South,Credit Card
ORD210665,CUST00856,2023-09-19,2047.5,East,Cash on Delivery
ORD202743,CUST00099,2023-09-12,6138.82,East,Credit Card
ORD206912,CUST00343,2024-12-21,4813.33,East,Credit Card
ORD201692,CUST00061,2023-05-17,2508.5,South,Cash on Delivery
ORD202324,CUST00083,2023-03-18,7050.3,South,UPI/Wallet
ORD203318,CUST00118,2024-06-13,5599.65,West,Credit Card
ORD207875,CUST00455,2024-03-02,-2671.22,North,Debit Card
ORD204604,CUST00197,2023-02-20,3200.25,South,UPI/Wallet
ORD206834,CUST00340,2023-02-13,4640.52,South,Debit Card
ORD209403,CUST00639,2023-11-18,3836.8,South,Debit Card
ORD201809,CUST00064,2024-03-11,7027.27,Central,UPI/Wallet
ORD205109,CUST00229,2024-02-23,3663.55,North,Cash on Delivery
ORD201195,CUST00042,2024-03-21,5078.64,South,Credit Card
ORD205429,CUST00250,2023-02-04,3432.44,East,Debit Card
ORD206145,CUST00295,2023-07-29,3240.0,South,Debit Card
ORD201724,CUST00062,2023-09-14,7305.92,West,UPI/Wallet
ORD210375,CUST00777,2023-05-27,1044.42,West,Debit Card
ORD210409,CUST00782,2024-03-17,2803.15,South,Cash on Delivery
ORD209837,CUST00699,2023-01-06,4484.41,Central,Debit Card
ORD208012,CUST00470,2023-03-08,1697.02,North,Credit Card
ORD201871,CUST00066,2023-05-01,5512.78,West,Cash on Delivery
ORD210753,CUST00887,2024-03-25,1052.62,East,Credit Card
ORD209844,CUST00699,2024-02-09,3367.02,Central,Credit Card
ORD209719,CUST00682,2024-01-25,2481.28,North,UPI/Wallet
ORD207393,CUST00395,2024-10-04,2106.7,East,Cash on Delivery
ORD210123,CUST00739,2023-11-12,1541.39,Central,UPI/Wallet
ORD202735,CUST00099,2023-05-29,9810.78,East,UPI/Wallet
ORD203986,CUST00154,2023-11-12,3497.9,East,Credit Card
ORD203848,CUST00144,2023-04-19,3311.73,North,Cash on Delivery
ORD208075,CUST00477,2024-06-14,1348.52,Central,UPI/Wallet
ORD207627,CUST00423,2023-01-16,3811.86,Central,UPI/Wallet
ORD202002,CUST00070,2024-12-01,5895.55,North,UPI/Wallet
ORD210658,CUST00854,2023-12-12,704.32,West,Credit Card
ORD201073,CUST00038,2023-04-05,7563.48,West,Cash on Delivery
ORD203144,CUST00113,2023-09-19,3722.25,Central,Cash on Delivery
ORD206067,CUST00290,2024-07-16,4822.41,Central,Cash on Delivery
ORD201715,CUST00061,2024-12-17,5817.81,South,Net Banking
ORD200838,CUST00030,2023-05-21,7582.49,North,Net Banking
ORD200184,CUST00006,2024-11-16,6234.18,North,Debit Card
ORD206140,CUST00295,2023-01-13,2635.7,South,UPI/Wallet
ORD209332,CUST00629,2023-09-24,2114.48,East,UPI/Wallet
ORD203011,CUST00108,2024-09-14,10545.79,East,Debit Card
ORD208769,CUST00557,2024-11-03,4183.13,North,Credit Card
ORD210149,CUST00743,2023-05-16,1795.93,East,Cash on Delivery
ORD200857,CUST00030,2024-07-05,9904.3,North,Debit Card
ORD201201,CUST00042,2024-10-29,6910.55,South,Cash on Delivery
ORD200474,CUST00017,2023-09-27,5243.4,South,Credit Card
ORD208994,CUST00585,2024-11-28,2391.07,Central,Debit Card
ORD208508,CUST00527,2024-10-25,-3133.35,North,Credit Card
ORD206440,CUST00314,2024-04-01,2214.97,East,Debit Card
ORD208061,CUST00476,2023-09-02,2546.03,West,Net Banking
ORD211027,CUST00988,2024-05-20,1132.5,South,Cash on Delivery
ORD203362,CUST00120,2024-01-24,5162.29,Central,UPI/Wallet
ORD207160,CUST00366,2024-12-06,1212.52,North,Cash on Delivery
ORD202279,CUST00081,2024-05-11,2400.15,West,UPI/Wallet
ORD206603,CUST00324,2023-06-11,1148.03,West,Debit Card
ORD204490,CUST00188,2023-05-01,2528.55,East,Cash on Delivery
ORD200499,CUST00018,2023-06-12,6413.15,East,Debit Card
ORD200207,CUST00007,2024-09-16,5745.85,East,Credit Card
ORD209525,CUST00655,2024-03-26,4594.53,West,Credit Card
ORD203989,CUST00154,2024-07-05,1869.82,East,Cash on Delivery
ORD204755,CUST00206,2024-09-23,1469.36,West,Net Banking
ORD208696,CUST00548,2024-09-12,2965.87,West,Debit Card
ORD201320,CUST00046,2024-12-04,6066.29,West,
ORD202093,CUST00074,2023-01-29,10190.6,East,Net Banking
ORD201606,CUST00058,2023-02-04,4209.59,South,UPI/Wallet
ORD206520,CUST00319,2023-09-16,2982.86,South,Debit Card
ORD207673,CUST00428,2023-06-20,3124.46,North,UPI/Wallet
ORD204158,CUST00166,2023-10-14,2034.15,East,Cash on Delivery
ORD207816,CUST00447,2024-06-25,1627.03,North,UPI/Wallet
ORD200566,CUST00020,2024-04-21,7277.51,South,UPI/Wallet
ORD205472,CUST00252,2024-01-30,3698.73,South,Debit Card
ORD202955,CUST00106,2024-07-23,3685.76,Central,Net Banking
ORD208660,CUST00545,2023-02-21,2271.3,North,Cash on Delivery
ORD205002,CUST00222,2024-02-22,3701.59,West,UPI/Wallet
ORD211028,CUST00989,2023-04-05,1474.69,East,Credit Card
ORD203299,CUST00118,2023-07-10,2730.54,West,UPI/Wallet
ORD207109,CUST00361,2024-09-02,2428.01,North,UPI/Wallet
ORD203670,CUST00131,2024-10-18,2640.3,South,Cash on Delivery
ORD210023,CUST00724,2024-05-03,4694.57,East,UPI/Wallet
ORD207570,CUST00416,2023-09-29,4229.74,North,Credit Card
ORD201049,CUST00037,2023-10-28,2724.04,Central,UPI/Wallet
ORD202238,CUST00079,2024-12-13,2982.98,Central,Debit Card
ORD204850,CUST00213,2023-05-30,3318.09,South,UPI/Wallet
ORD206616,CUST00324,2024-10-22,3516.5,West,Net Banking
ORD206762,CUST00334,2024-08-03,3560.93,North,Credit Card
ORD208228,CUST00495,2024-07-09,1162.99,Central,Cash on Delivery
ORD200125,CUST00005,2023-03-23,5533.08,South,Debit Card
ORD200845,CUST00030,2023-09-07,10968.47,North,Cash on Delivery
ORD209123,CUST00602,2024-07-08,1749.24,Central,Cash on Delivery
ORD203045,CUST00110,2023-03-03,6221.24,West,Debit Card
ORD210078,CUST00733,2024-01-30,3154.18,South,Cash on Delivery
ORD206846,CUST00340,2024-01-06,4802.6,South,Cash on Delivery
ORD206479,CUST00317,2023-04-14,1935.15,South,Credit Card
ORD206771,CUST00335,2023-05-18,6010.92,East,UPI/Wallet
ORD208324,CUST00507,2023-04-12,-1323.33,West,Cash on Delivery
ORD209771,CUST00689,2023-07-01,4720.78,North,Cash on Delivery
ORD203682,CUST00132,2024-07-03,3907.64,West,Net Banking
ORD204152,CUST00165,2024-11-27,3023.98,Central,Cash on Delivery
ORD206877,CUST00342,2023-10-22,3527.51,East,Debit Card
ORD207625,CUST00422,2024-04-30,2106.34,Central,Net Banking
ORD205227,CUST00237,2024-08-17,4269.13,East,Cash on Delivery
ORD200809,CUST00029,2023-07-13,3576.9,North,Credit Card
ORD210910,CUST00945,2023-07-20,1863.29,Central,Credit Card
ORD204951,CUST00219,2023-07-13,4928.46,South,Credit Card
ORD205150,CUST00232,2023-01-27,2281.84,South,Credit Card
ORD200198,CUST00007,2023-08-30,12779.86,East,Debit Card
ORD201914,CUST00067,2023-10-21,2690.88,Central,Credit Card
ORD201791,CUST00064,2023-04-03,6220.02,Central,UPI/Wallet
ORD206706,CUST00331,2024-01-24,4998.77,West,Cash on Delivery
ORD204503,CUST00189,2023-06-22,4226.33,Central,UPI/Wallet
ORD200709,CUST00025,2024-12-22,4885.97,North,Credit Card
ORD207253,CUST00377,2024-10-30,3340.13,Central,Cash on Delivery
ORD200881,CUST00031,2024-12-06,6010.53,West,Cash on Delivery
ORD205860,CUST00276,2023-09-29,4618.41,Central,Credit Card
ORD204244,CUST00172,2023-03-21,3958.9,Central,Net Banking
ORD204009,CUST00156,2023-04-12,2607.74,Central,Debit Card
ORD201257,CUST00044,2024-09-15,5531.64,East,Debit Card
ORD200330,CUST00012,2023-11-19,4855.33,West,UPI/Wallet
ORD200981,CUST00034,2024-12-04,4731.6,East,Credit Card
ORD207866,CUST00454,2024-06-09,1825.44,South,Credit Card
ORD201846,CUST00065,2024-01-31,9252.37,South,Credit Card
ORD200879,CUST00031,2024-07-31,6590.33,West,Credit Card
ORD206143,CUST00295,2023-06-02,2252.02,South,Cash on Delivery
ORD205684,CUST00266,2024-08-24,2083.19,Central,
ORD201859,CUST00065,2024-08-31,3195.66,South,Debit Card
ORD202260,CUST00080,2024-09-26,5171.4,North,UPI/Wallet
ORD202526,CUST00091,2024-01-27,4809.59,East,Net Banking
ORD204204,CUST00168,2024-11-17,4124.77,West,UPI/Wallet
ORD206681,CUST00329,2024-02-13,3210.23,Central,UPI/Wallet
ORD206028,CUST00287,2023-12-26,2046.24,West,UPI/Wallet
ORD201103,CUST00039,2023-02-17,5855.35,East,UPI/Wallet
ORD209714,CUST00681,2024-05-30,3910.88,West,UPI/Wallet
ORD202860,CUST00103,2023-09-21,5921.38,Central,Credit Card
ORD201383,CUST00049,2023-04-22,12852.79,South,Debit Card
ORD203469,CUST00123,2024-09-19,12395.54,West,Cash on Delivery
ORD201845,CUST00065,2024-01-31,8935.8,South,Debit Card
ORD210561,CUST00820,2023-05-18,1319.48,East,Cash on Delivery
ORD207073,CUST00357,2023-04-02,3209.71,North,UPI/Wallet
ORD205681,CUST00266,2023-12-27,2530.71,Central,Net Banking
ORD209536,CUST00657,2023-09-22,1789.81,West,Cash on Delivery
ORD204815,CUST00210,2024-11-02,3154.54,Central,UPI/Wallet
ORD201498,CUST00054,2023-06-23,4897.41,East,UPI/Wallet
ORD207788,CUST00444,2023-10-11,4529.25,Central,Net Banking
ORD204107,CUST00162,2024-08-28,1946.89,West,Debit Card
ORD201246,CUST00044,2024-04-04,4174.79,East,UPI/Wallet
ORD201624,CUST00058,2023-11-09,2291.24,South,Debit Card
ORD200725,CUST00026,2023-10-27,5659.13,East,Debit Card
ORD202113,CUST00074,2024-02-11,6186.36,East,Debit Card
ORD200220,CUST00008,2023-11-14,2691.29,West,Debit Card
ORD207164,CUST00367,2023-09-18,3855.87,North,Credit Card
ORD201878,CUST00066,2023-10-17,7091.98,West,Debit Card
ORD207292,CUST00382,2023-12-14,2547.08,West,Credit Card
ORD208706,CUST00549,2024-08-25,3482.95,South,Cash on Delivery
ORD207448,CUST00403,2023-02-11,1379.11,North,Debit Card
ORD205456,CUST00251,2023-10-25,2039.06,South,Net Banking
ORD203762,CUST00138,2023-01-20,4157.69,East,Net Banking
ORD206526,CUST00319,2024-04-03,5663.33,South,Debit Card
ORD207010,CUST00350,2024-08-31,2499.67,North,Debit Card
ORD210861,CUST00926,2024-04-04,1299.14,East,Cash on Delivery
ORD200136,CUST00005,2024-02-08,8635.67,South,UPI/Wallet
ORD207265,CUST00379,2024-06-26,3115.85,South,Cash on Delivery
ORD206032,CUST00287,2024-06-21,1530.31,West,Cash on Delivery
ORD203999,CUST00155,2023-11-09,3704.12,East,Credit Card
ORD202730,CUST00099,2023-02-28,7169.77,East,Credit Card
ORD204846,CUST00213,2023-01-28,4588.62,South,Credit Card
ORD210362,CUST00775,2023-10-23,1491.03,West,UPI/Wallet
ORD205980,CUST00284,2024-02-01,4444.84,South,Cash on Delivery
ORD207516,CUST00411,2023-04-09,2304.81,North,Net Banking
ORD201399,CUST00049,2024-12-30,2961.53,South,Debit Card
ORD202066,CUST00073,2023-07-13,3252.16,West,Net Banking
ORD210481,CUST00794,2023-09-11,546.89,South,Cash on Delivery
ORD207366,CUST00391,2024-04-04,2602.6,North,UPI/Wallet
ORD210200,CUST00752,2023-05-16,3436.5,Central,Credit Card
ORD207312,CUST00384,2024-08-11,1734.01,East,Cash on Delivery
ORD200802,CUST00029,2023-01-18,4640.98,North,Credit Card
ORD207989,CUST00467,2024-12-15,2185.01,Central,Credit Card
ORD206918,CUST00344,2023-04-25,4362.64,East,Credit Card
ORD205536,CUST00256,2024-03-10,3549.46,North,Credit Card
ORD209564,CUST00661,2023-01-06,1487.02,East,UPI/Wallet
ORD210560,CUST00819,2024-01-12,1624.84,North,Net Banking
ORD208323,CUST00507,2023-03-02,1483.47,West,UPI/Wallet
ORD205824,CUST00274,2024-01-01,3140.51,East,Credit Card
ORD210963,CUST00963,2024-02-25,999.75,East,Credit Card
ORD208352,CUST00510,2023-11-24,1687.18,East,UPI/Wallet
ORD205032,CUST00224,2023-06-24,2288.66,West,Debit Card
ORD202472,CUST00089,2024-09-02,5991.84,Central,Credit Card
ORD203830,CUST00142,2024-08-31,2935.55,North,Credit Card
ORD202868,CUST00103,2024-01-12,5478.58,Central,Credit Card
ORD204207,CUST00169,2023-04-15,4335.8,North,UPI/Wallet
ORD206393,CUST00311,2024-06-13,3691.49,West,Debit Card
ORD203761,CUST00137,2024-12-02,3652.06,West,Credit Card
ORD202149,CUST00076,2023-02-10,8346.38,South,Cash on Delivery
ORD204778,CUST00208,2023-08-08,4491.82,South,Cash on Delivery
ORD209262,CUST00619,2023-10-01,2931.51,North,Debit Card
ORD205730,CUST00269,2023-01-24,2762.14,West,Net Banking
ORD200319,CUST00012,2023-08-12,4977.64,West,Credit Card
ORD200826,CUST00029,2024-09-01,3620.55,North,Cash on Delivery
ORD211060,CUST00999,2024-03-08,1854.82,South,Debit Card
ORD207064,CUST00356,2023-11-02,3027.82,North,Credit Card
ORD209210,CUST00612,2024-01-26,2480.88,North,Debit Card
ORD210664,CUST00856,2023-07-28,1459.84,East,Debit Card
ORD200375,CUST00014,2023-06-30,4896.57,West,Credit Card
ORD201095,CUST00038,2024-05-26,3958.63,West,Debit Card
ORD209722,CUST00683,2023-01-03,2320.19,East,Debit Card
ORD207862,CUST00453,2024-10-19,2388.36,Central,Credit Card
ORD203545,CUST00126,2024-08-28,5961.14,East,Debit Card
ORD209875,CUST00703,2023-06-12,2743.5,West,UPI/Wallet
ORD203514,CUST00125,2024-07-19,6984.14,South,Cash on Delivery
ORD200739,CUST00026,2024-06-12,7716.41,East,Credit Card
ORD208765,CUST00557,2023-08-22,3207.16,North,Debit Card
ORD205058,CUST00226,2023-11-04,5077.85,West,Net Banking
ORD209770,CUST00689,2023-06-29,4813.82,North,Debit Card
ORD207894,CUST00458,2024-01-04,3457.86,Central,Credit Card
ORD200918,CUST00033,2023-10-05,5354.39,East,Credit Card
ORD206757,CUST00334,2023-09-19,1567.97,North,UPI/Wallet
ORD206491,CUST00317,2024-06-21,1675.35,South,UPI/Wallet
ORD209325,CUST00628,2023-11-12,1990.68,West,Credit Card
ORD210134,CUST00740,2023-12-23,5470.52,West,Debit Card
ORD200341,CUST00012,2024-05-09,6583.26,West,Cash on Delivery
ORD209585,CUST00663,2023-07-25,2229.75,South,Credit Card
ORD210330,CUST00771,2023-02-07,1759.47,East,Cash on Delivery
ORD209367,CUST00634,2023-08-04,4786.1,South,Cash on Delivery
ORD202811,CUST00101,2024-06-23,2425.37,West,Debit Card
ORD201345,CUST00047,2024-11-12,5743.74,South,Cash on Delivery
ORD200984,CUST00035,2023-02-19,5390.93,North,Debit Card
ORD202554,CUST00092,2023-05-27,7821.99,South,Credit Card
ORD200248,CUST00009,2024-04-26,4945.57,North,Debit Card
ORD202619,CUST00094,2024-03-06,5522.03,Central,Debit Card
ORD208497,CUST00526,2024-08-08,3355.89,West,Credit Card
ORD206038,CUST00288,2023-06-05,4681.21,West,Cash on Delivery
ORD209599,CUST00665,2024-05-15,2524.98,East,Credit Card
ORD205470,CUST00252,2024-01-18,3438.83,South,UPI/Wallet
ORD209006,CUST00587,2023-07-28,2836.24,Central,UPI/Wallet
ORD202206,CUST00078,2024-02-19,5164.99,South,Debit Card
ORD207792,CUST00444,2024-11-14,5770.51,Central,Debit Card
ORD202473,CUST00089,2024-10-15,5299.29,Central,Credit Card
ORD202442,CUST00088,2024-01-04,8907.12,North,UPI/Wallet
ORD207606,CUST00420,2024-08-19,699.14,North,UPI/Wallet
ORD203380,CUST00120,2024-11-25,7578.92,Central,Cash on Delivery
ORD202126,CUST00074,2024-12-05,8106.33,East,UPI/Wallet
ORD203636,CUST00130,2023-02-24,7865.58,South,UPI/Wallet
ORD201272,CUST00045,2023-09-10,6835.32,East,UPI/Wallet
ORD208230,CUST00496,2023-06-27,1924.6,East,Credit Card
ORD204630,CUST00198,2024-10-27,3713.28,South,Debit Card
ORD209117,CUST00602,2023-05-31,2273.72,Central,UPI/Wallet
ORD203371,CUST00120,2024-07-20,2750.76,Central,Debit Card
ORD205328,CUST00243,2024-03-12,4101.8,West,Net Banking
ORD209008,CUST00587,2023-10-10,2563.67,Central,Cash on Delivery
ORD207258,CUST00378,2024-10-08,2095.84,North,Credit Card
ORD201176,CUST00041,2024-08-14,5708.96,South,Debit Card
ORD205561,CUST00258,2023-01-13,3204.89,East,Credit Card
ORD205108,CUST00229,2024-01-16,4283.82,North,Cash on Delivery
ORD205559,CUST00257,2024-10-16,-3041.83,North,UPI/Wallet
ORD204300,CUST00175,2023-03-16,-608.72,South,Credit Card
ORD206055,CUST00289,2024-05-16,1788.0,West,Credit Card
ORD200841,CUST00030,2023-07-16,4822.83,North,Debit Card
ORD200624,CUST00023,2023-03-11,5946.3,South,Credit Card
ORD206052,CUST00289,2023-11-20,2476.68,West,UPI/Wallet
ORD203059,CUST00110,2024-07-20,7135.74,West,Credit Card
ORD209467,CUST00647,2023-10-28,2611.69,North,Credit Card
ORD204985,CUST00221,2023-05-03,1400.37,South,UPI/Wallet
ORD204589,CUST00196,2024-01-13,4313.19,Central,Net Banking
ORD206403,CUST00312,2023-08-18,2619.34,West,UPI/Wallet
ORD205275,CUST00240,2024-03-25,4462.57,West,Cash on Delivery
ORD210406,CUST00782,2023-10-12,3854.16,South,Cash on Delivery
ORD209928,CUST00711,2023-06-30,4512.51,North,Net Banking
ORD209220,CUST00614,2023-11-06,1729.81,Central,Net Banking
ORD207005,CUST00350,2023-10-29,2681.12,North,Debit Card
ORD203246,CUST00116,2023-09-17,4502.5,South,Net Banking
ORD207619,CUST00422,2023-03-06,1476.69,Central,Cash on Delivery
ORD206853,CUST00340,2024-09-04,4987.64,South,UPI/Wallet
ORD201044,CUST00037,2023-07-19,3005.25,Central,UPI/Wallet
ORD200471,CUST00017,2023-08-23,3361.19,South,Debit Card
ORD200385,CUST00014,2024-01-15,7667.77,West,Cash on Delivery
ORD204917,CUST00217,2023-04-21,1413.02,Central,Cash on Delivery
ORD203056,CUST00110,2024-01-02,7853.35,West,Credit Card
ORD209911,CUST00708,2023-10-02,1659.89,East,Debit Card
ORD206396,CUST00311,2024-08-17,3522.4,West,UPI/Wallet
ORD202760,CUST00099,2024-05-28,7798.96,East,Credit Card
ORD209368,CUST00634,2023-10-31,4117.12,South,Debit Card
ORD202976,CUST00107,2024-06-24,6850.79,East,Credit Card
ORD206734,CUST00333,2023-09-06,5177.86,East,UPI/Wallet
ORD209956,CUST00714,2024-07-12,1575.09,Central,Credit Card
ORD205427,CUST00249,2024-10-31,3124.84,Central,UPI/Wallet
ORD205087,CUST00228,2023-03-21,687.11,West,Debit Card
ORD202496,CUST00090,2024-01-08,9790.03,Central,Net Banking
ORD210618,CUST00840,2024-04-20,1249.82,Central,Credit Card
ORD200230,CUST00009,2023-01-10,1712.81,North,Credit Card
ORD205365,CUST00245,2024-07-30,2975.23,West,Cash on Delivery
ORD207041,CUST00354,2023-02-11,2660.99,Central,Credit Card
ORD204033,CUST00157,2024-05-24,3392.0,West,Net Banking
ORD206522,CUST00319,2024-01-03,4316.24,South,Cash on Delivery
ORD200851,CUST00030,2024-03-10,10054.45,North,Credit Card
ORD207750,CUST00438,2023-12-14,3429.09,West,Credit Card
ORD206965,CUST00347,2023-11-13,1790.99,Central,UPI/Wallet
ORD202900,CUST00104,2024-05-18,8450.26,East,UPI/Wallet
ORD204768,CUST00207,2024-02-24,5894.86,East,Debit Card
ORD210403,CUST00782,2023-03-25,2834.6,South,Net Banking
ORD207669,CUST00427,2024-03-21,2034.76,North,Credit Card
ORD203032,CUST00109,2024-07-07,8346.04,Central,Cash on Delivery
ORD208982,CUST00584,2023-05-23,1763.31,North,Debit Card
ORD206381,CUST00310,2023-10-08,3479.84,West,UPI/Wallet
ORD210807,CUST00908,2023-02-22,941.42,West,UPI/Wallet
ORD201212,CUST00043,2023-05-23,6117.82,North,Cash on Delivery
ORD201699,CUST00061,2023-08-23,3502.81,South,Debit Card
ORD208156,CUST00487,2023-11-28,2681.88,South,Credit Card
ORD200267,CUST00010,2023-10-08,7503.22,North,UPI/Wallet
ORD207790,CUST00444,2024-06-03,3283.01,Central,Cash on Delivery
ORD206085,CUST00292,2023-01-17,3993.51,South,Debit Card
ORD208182,CUST00490,2023-12-15,2867.59,North,Credit Card
ORD206732,CUST00333,2023-03-13,4620.05,East,Credit Card
ORD209266,CUST00619,2024-05-06,3281.12,North,Debit Card
ORD209078,CUST00596,2024-12-01,1039.26,North,Credit Card
ORD206860,CUST00341,2023-04-29,2092.05,East,UPI/Wallet
ORD200719,CUST00026,2023-08-23,3737.32,East,Cash on Delivery
ORD205826,CUST00274,2024-07-11,2777.19,East,Credit Card
ORD200357,CUST00013,2023-12-29,5964.29,North,UPI/Wallet
ORD202674,CUST00096,2024-03-25,3021.93,North,UPI/Wallet
ORD206342,CUST00307,2024-10-12,4390.73,North,UPI/Wallet
ORD206234,CUST00300,2024-11-23,1201.65,South,Credit Card
ORD206099,CUST00292,2024-09-15,4346.95,South,Cash on Delivery
ORD209257,CUST00618,2024-03-14,3440.73,East,Cash on Delivery
ORD205020,CUST00223,2024-05-21,2613.77,West,Credit Card
ORD200018,CUST00001,2023-12-17,5529.1,North,UPI/Wallet
ORD201720,CUST00062,2023-03-16,10200.96,West,UPI/Wallet
ORD203368,CUST00120,2024-06-29,3286.63,Central,Debit Card
ORD205630,CUST00262,2024-09-30,2495.86,East,Debit Card
ORD210241,CUST00759,2023-02-01,2537.53,West,Credit Card
ORD208985,CUST00584,2023-06-30,1827.02,North,UPI/Wallet
ORD203400,CUST00121,2024-05-07,4045.0,South,Credit Card
ORD205878,CUST00277,2024-01-22,2703.38,Central,Debit Card
ORD207453,CUST00403,2023-11-03,1347.2,North,Credit Card
ORD203747,CUST00136,2024-10-08,5110.68,North,Net Banking
ORD210875,CUST00930,2024-02-12,940.74,West,Credit Card
ORD201228,CUST00044,2023-02-19,4977.28,East,Net Banking
ORD209421,CUST00641,2023-10-20,2222.61,East,UPI/Wallet
ORD202847,CUST00103,2023-01-15,4499.38,Central,UPI/Wallet
ORD209937,CUST00712,2023-10-11,2972.4,Central,UPI/Wallet
ORD203979,CUST00154,2023-02-26,2701.33,East,UPI/Wallet
ORD200066,CUST00002,2024-10-19,7513.66,East,Debit Card
ORD210944,CUST00956,2023-12-27,1456.94,South,Cash on Delivery
ORD209410,CUST00640,2023-10-09,3659.01,North,Cash on Delivery
ORD202572,CUST00092,2024-10-30,10240.26,South,Cash on Delivery
ORD206852,CUST00340,2024-08-18,3940.39,South,Cash on Delivery
ORD203198,CUST00114,2024-07-10,5101.37,West,Cash on Delivery
ORD207628,CUST00423,2023-01-22,2171.73,Central,Debit Card
ORD207817,CUST00447,2024-12-12,1522.91,North,Debit Card
ORD201611,CUST00058,2023-04-03,3433.4,South,Credit Card
ORD208028,CUST00471,2024-11-30,2045.64,East,Debit Card
ORD207954,CUST00464,2024-06-22,2465.37,West,Credit Card
ORD208938,CUST00578,2024-03-11,1495.71,East,Debit Card
ORD206507,CUST00318,2024-03-16,4106.78,South,Net Banking
ORD208495,CUST00526,2024-04-11,2667.93,West,Cash on Delivery
ORD207773,CUST00441,2024-11-10,1431.78,Central,Net Banking
ORD205384,CUST00246,2024-07-15,2854.09,East,Cash on Delivery
ORD208315,CUST00505,2024-10-12,3486.69,North,Debit Card
ORD200854,CUST00030,2024-06-02,12042.49,North,Credit Card
ORD207863,CUST00454,2023-02-21,1285.42,South,Net Banking
ORD210631,CUST00846,2023-06-02,1297.31,West,UPI/Wallet
ORD202883,CUST00103,2024-12-01,5208.24,Central,UPI/Wallet
ORD205305,CUST00242,2023-06-04,4914.26,East,Cash on Delivery
ORD208200,CUST00492,2023-11-09,697.04,Central,UPI/Wallet
ORD210369,CUST00776,2023-11-05,2518.99,Central,Cash on Delivery
ORD202673,CUST00096,2024-03-21,4033.95,North,UPI/Wallet
ORD202062,CUST00073,2023-05-16,3880.85,West,Cash on Delivery
ORD206804,CUST00337,2024-10-18,4716.14,East,Debit Card
ORD203565,CUST00127,2024-03-19,9780.43,Central,UPI/Wallet
ORD204686,CUST00202,2024-08-08,3405.23,West,Debit Card
ORD206190,CUST00297,2024-10-29,1679.7,East,Credit Card
ORD203613,CUST00129,2023-09-13,2412.66,Central,Cash on Delivery
ORD205558,CUST00257,2024-08-25,2598.96,North,Credit Card
ORD205030,CUST00224,2023-04-29,3676.22,West,Debit Card
ORD203518,CUST00125,2024-12-09,10133.43,South,UPI/Wallet
ORD202270,CUST00081,2023-06-29,5161.3,West,Cash on Delivery
ORD202100,CUST00074,2023-06-20,9152.26,East,Debit Card
ORD209291,CUST00623,2023-09-15,1316.96,North,Net Banking
ORD202669,CUST00096,2023-08-26,3701.57,North,UPI/Wallet
ORD210118,CUST00738,2023-12-11,1782.18,North,UPI/Wallet
ORD202551,CUST00092,2023-03-25,9688.43,South,Credit Card
ORD200317,CUST00012,2023-07-19,4222.32,West,Debit Card
ORD206787,CUST00336,2023-12-10,3079.71,Central,Credit Card
ORD207342,CUST00388,2024-10-30,1602.34,West,Cash on Delivery
ORD207908,CUST00459,2024-08-06,2544.69,West,UPI/Wallet
ORD207823,CUST00449,2023-01-28,1235.45,East,Net Banking
ORD200587,CUST00021,2024-01-02,8171.32,East,UPI/Wallet
ORD209139,CUST00604,2024-10-13,2263.28,North,Debit Card
ORD201188,CUST00042,2023-06-13,6767.21,South,Cash on Delivery
ORD204242,CUST00171,2024-07-03,3786.95,Central,UPI/Wallet
ORD205195,CUST00235,2024-03-04,3792.26,West,Credit Card
ORD209736,CUST00684,2023-05-10,3537.24,Central,UPI/Wallet
ORD207148,CUST00365,2024-05-03,1562.88,East,Debit Card
ORD210501,CUST00800,2023-06-30,649.16,West,Credit Card
ORD200450,CUST00016,2024-02-25,7819.35,East,Credit Card
ORD206117,CUST00293,2024-03-30,1881.93,North,Credit Card
ORD206544,CUST00320,2024-09-17,2912.71,West,Debit Card
ORD202986,CUST00108,2023-05-12,6431.52,East,Cash on Delivery
ORD203637,CUST00130,2023-03-11,5604.33,South,Cash on Delivery
ORD205317,CUST00242,2024-07-10,4590.97,East,Credit Card
ORD202352,CUST00084,2024-01-29,10081.7,North,Credit Card
ORD201757,CUST00063,2023-07-20,7588.6,South,Cash on Delivery
ORD201956,CUST00068,2024-07-20,5917.32,West,Credit Card
ORD207098,CUST00360,2023-07-24,3140.41,West,Cash on Delivery
ORD205679,CUST00266,2023-08-17,3543.82,Central,UPI/Wallet
ORD206180,CUST00297,2023-10-28,2368.16,East,UPI/Wallet
ORD204299,CUST00175,2023-02-01,2845.7,South,UPI/Wallet
ORD201746,CUST00062,2024-11-01,7761.96,West,Credit Card
ORD201433,CUST00051,2024-01-01,8606.6,East,Credit Card
ORD207212,CUST00373,2023-03-22,2739.82,South,UPI/Wallet
ORD210986,CUST00974,2023-09-19,475.57,Central,Credit Card
ORD206015,CUST00286,2024-02-29,2509.77,East,Cash on Delivery
ORD200583,CUST00021,2023-08-04,9383.18,East,Debit Card
ORD208901,CUST00574,2023-07-27,1979.48,Central,Net Banking
ORD203583,CUST00128,2023-06-20,4884.08,West,Cash on Delivery
ORD204909,CUST00216,2023-10-21,5073.1,South,UPI/Wallet
ORD204429,CUST00184,2024-04-06,3165.33,South,Credit Card
ORD208039,CUST00473,2024-02-03,1756.58,Central,UPI/Wallet
ORD210328,CUST00770,2024-03-12,1978.89,East,UPI/Wallet
ORD207789,CUST00444,2023-11-23,3092.02,Central,Credit Card
ORD204954,CUST00219,2023-12-08,4115.36,South,UPI/Wallet
ORD200815,CUST00029,2023-12-03,3644.32,North,UPI/Wallet
ORD203757,CUST00137,2024-05-02,2559.08,West,Credit Card
ORD203453,CUST00123,2023-03-01,9037.05,West,Debit Card
ORD206147,CUST00295,2023-10-08,1429.65,South,Debit Card
ORD204717,CUST00204,2024-02-07,4682.57,North,Debit Card
ORD200747,CUST00026,2024-12-02,3599.87,East,UPI/Wallet
ORD208976,CUST00583,2023-04-20,3239.47,Central,UPI/Wallet
ORD206229,CUST00300,2024-03-21,2465.28,South,UPI/Wallet
ORD200545,CUST00019,2024-08-09,5475.22,North,Credit Card
ORD204175,CUST00167,2023-11-11,2495.52,Central,Credit Card
ORD206156,CUST00295,2024-10-02,2526.9,South,Credit Card
ORD208411,CUST00516,2024-02-24,4007.7,Central,Cash on Delivery
ORD202212,CUST00078,2024-06-18,2618.36,South,UPI/Wallet
ORD204200,CUST00168,2024-07-05,3473.01,West,Credit Card
ORD205902,CUST00279,2023-03-23,4163.31,West,Debit Card
ORD209371,CUST00635,2023-04-14,3982.63,West,Cash on Delivery
ORD203741,CUST00136,2023-09-10,4073.81,North,Credit Card
ORD201536,CUST00055,2024-01-08,4535.14,East,UPI/Wallet
ORD200014,CUST00001,2023-11-08,7108.45,North,UPI/Wallet
ORD201738,CUST00062,2024-05-23,6127.61,West,Net Banking
ORD201450,CUST00052,2023-09-06,4585.18,South,UPI/Wallet
ORD203427,CUST00122,2023-09-26,3966.22,East,Debit Card
ORD210045,CUST00728,2023-11-21,1664.07,South,UPI/Wallet
ORD207434,CUST00401,2024-01-06,3633.86,West,Debit Card
ORD201354,CUST00048,2023-07-20,3878.91,South,Debit Card
ORD200559,CUST00020,2023-11-10,3832.67,South,Credit Card
ORD202841,CUST00102,2024-07-19,5252.3,Central,UPI/Wallet
ORD201330,CUST00047,2023-07-23,3177.8,South,Cash on Delivery
ORD206719,CUST00332,2023-08-10,1741.12,West,Credit Card
ORD203466,CUST00123,2024-08-10,5866.8,West,Cash on Delivery
ORD200511,CUST00018,2024-02-25,7447.08,East,Cash on Delivery
ORD209633,CUST00670,2023-06-20,3831.7,East,UPI/Wallet
ORD202670,CUST00096,2023-09-20,6240.7,North,Credit Card
ORD203813,CUST00141,2024-03-03,4252.58,Central,Debit Card
ORD208667,CUST00545,2024-08-29,2831.57,North,UPI/Wallet
ORD210726,CUST00878,2024-03-07,1746.57,South,Debit Card
ORD206027,CUST00287,2023-12-02,2898.89,West,Cash on Delivery
ORD200384,CUST00014,2024-01-09,5592.81,West,Debit Card
ORD208035,CUST00473,2023-05-30,1889.38,Central,Cash on Delivery
ORD209328,CUST00629,2023-02-14,1872.38,East,Cash on Delivery
ORD204709,CUST00203,2024-09-08,2297.7,West,UPI/Wallet
ORD208665,CUST00545,2024-03-25,3225.29,North,Cash on Delivery
ORD208947,CUST00580,2023-01-24,1356.85,South,Credit Card
ORD205341,CUST00244,2024-05-19,2787.69,West,Credit Card
ORD208914,CUST00575,2023-10-25,4505.35,South,Credit Card
ORD208136,CUST00485,2023-10-09,1110.77,West,UPI/Wallet
ORD204297,CUST00174,2024-11-20,5432.28,East,Debit Card
ORD208905,CUST00574,2024-02-06,2530.58,Central,Credit Card
ORD208715,CUST00551,2023-10-24,4026.66,South,Credit Card
ORD204505,CUST00189,2023-09-28,5462.0,Central,UPI/Wallet
ORD201531,CUST00055,2023-08-19,4610.19,East,Credit Card
ORD206036,CUST00288,2023-05-02,4707.97,West,Debit Card
ORD202598,CUST00093,2024-12-04,5061.46,East,Credit Card
ORD207473,CUST00405,2024-10-09,2348.78,South,UPI/Wallet
ORD203952,CUST00152,2023-10-13,5163.17,South,Debit Card
ORD203069,CUST00111,2023-03-28,5214.84,South,
ORD203014,CUST00109,2023-02-23,12279.93,Central,Credit Card
ORD209484,CUST00649,2024-03-11,5851.04,South,UPI/Wallet
ORD206129,CUST00294,2023-12-26,3042.11,West,UPI/Wallet
ORD205849,CUST00275,2024-12-18,3019.55,East,UPI/Wallet
ORD210502,CUST00800,2023-07-31,1444.5,West,Debit Card
ORD206183,CUST00297,2024-01-28,3251.2,East,UPI/Wallet
ORD203887,CUST00146,2024-12-25,2310.4,East,Credit Card
ORD206736,CUST00333,2023-10-22,3809.48,East,Cash on Delivery
ORD208688,CUST00547,2024-07-19,1341.75,Central,Credit Card
ORD201826,CUST00065,2023-04-20,10359.94,South,UPI/Wallet
ORD207249,CUST00377,2024-03-01,3415.01,Central,Cash on Delivery
ORD201194,CUST00042,2024-02-13,3549.79,South,Debit Card
ORD204891,CUST00215,2024-05-29,3594.67,Central,Debit Card
ORD202926,CUST00105,2024-09-03,4616.77,South,Debit Card
ORD205220,CUST00237,2023-02-15,3776.87,East,UPI/Wallet
ORD205388,CUST00247,2023-01-13,2130.35,Central,Credit Card
ORD203120,CUST00112,2024-04-25,8375.55,Central,Credit Card
ORD202372,CUST00085,2023-08-05,4141.83,South,UPI/Wallet
ORD204422,CUST00183,2024-09-27,4126.06,South,Net Banking
ORD208712,CUST00550,2024-01-24,2916.54,North,Cash on Delivery
ORD205976,CUST00284,2023-07-15,6054.15,South,Cash on Delivery
ORD200528,CUST00019,2023-06-12,4744.01,North,Cash on Delivery
ORD200427,CUST00015,2024-11-24,8489.46,Central,Cash on Delivery
ORD203593,CUST00128,2024-08-12,3482.4,West,Credit Card
ORD201873,CUST00066,2023-05-18,5203.69,West,Net Banking
ORD206722,CUST00332,2023-10-15,2312.09,West,UPI/Wallet
ORD202922,CUST00105,2024-07-03,3965.86,South,Credit Card
ORD208920,CUST00576,2024-03-15,1234.89,Central,Debit Card
ORD204996,CUST00222,2023-03-16,2401.94,West,Credit Card
ORD204771,CUST00207,2024-12-11,3151.73,East,Credit Card
ORD203708,CUST00134,2023-08-24,6029.62,North,Debit Card
ORD202913,CUST00105,2023-06-25,4626.94,South,Debit Card
ORD206179,CUST00297,2023-09-29,4943.42,East,Credit Card
ORD204903,CUST00216,2023-03-22,3976.36,South,UPI/Wallet
ORD207519,CUST00411,2024-03-25,2792.25,North,Debit Card
ORD202791,CUST00100,2024-07-11,7607.43,North,Cash on Delivery
ORD204162,CUST00166,2024-04-21,501.31,East,Debit Card
ORD210694,CUST00867,2024-02-07,2087.77,Central,Credit Card
ORD207743,CUST00437,2023-12-11,787.12,Central,Credit Card
ORD204409,CUST00183,2023-03-10,3435.78,South,Credit Card
ORD208842,CUST00566,2024-04-25,2318.53,West,UPI/Wallet
ORD203692,CUST00133,2023-08-26,6207.49,Central,UPI/Wallet
ORD202546,CUST00091,2024-12-22,4176.96,East,Debit Card
ORD200040,CUST00001,2024-12-02,3672.53,North,UPI/Wallet
ORD207488,CUST00407,2024-02-11,3253.14,West,Debit Card
ORD200784,CUST00028,2023-03-24,8015.03,East,UPI/Wallet
ORD204611,CUST00197,2024-08-23,2418.18,South,Cash on Delivery
ORD201432,CUST00051,2023-12-12,5139.48,East,Debit Card
ORD205670,CUST00265,2024-10-03,3588.85,North,Credit Card
ORD200446,CUST00016,2023-12-06,10879.39,East,Credit Card
ORD205345,CUST00244,2024-11-12,3029.33,West,Credit Card
ORD204606,CUST00197,2023-09-16,2826.72,South,Credit Card
ORD205683,CUST00266,2024-08-02,4950.03,Central,Credit Card
ORD203806,CUST00141,2023-04-25,3696.4,Central,Debit Card
ORD205344,CUST00244,2024-07-17,2836.68,West,Net Banking
ORD205916,CUST00279,2024-10-28,3040.65,West,UPI/Wallet
ORD207463,CUST00404,2024-10-07,1652.9,West,Credit Card
ORD202808,CUST00101,2024-04-17,8166.82,West,Credit Card
ORD203865,CUST00145,2023-06-21,2431.92,North,Net Banking
ORD210337,CUST00771,2023-10-13,2445.83,East,Credit Card
ORD203412,CUST00121,2024-12-16,4037.84,South,Credit Card
ORD209881,CUST00704,2023-01-16,5551.35,West,Cash on Delivery
ORD205186,CUST00234,2024-04-02,2581.49,South,UPI/Wallet
ORD205224,CUST00237,2023-11-10,4401.84,East,UPI/Wallet
ORD206285,CUST00303,2024-10-01,2298.71,North,UPI/Wallet
ORD210610,CUST00837,2023-12-19,1986.93,West,Net Banking
ORD207506,CUST00409,2024-10-06,1127.43,East,Net Banking
ORD200612,CUST00022,2023-10-15,10222.46,South,Cash on Delivery
ORD202824,CUST00102,2023-06-16,11317.31,Central,Credit Card
ORD206124,CUST00293,2024-11-03,2295.48,North,Debit Card
ORD207618,CUST00422,2023-01-19,1792.47,Central,Credit Card
ORD207782,CUST00443,2024-05-18,1653.28,Central,UPI/Wallet
ORD206066,CUST00290,2024-06-18,4455.38,Central,Debit Card
ORD210814,CUST00910,2023-03-23,1191.36,North,Cash on Delivery
ORD208493,CUST00526,2023-06-04,2592.85,West,Debit Card
ORD204649,CUST00200,2023-10-10,2018.86,West,UPI/Wallet
ORD210458,CUST00789,2023-10-03,2878.46,South,Credit Card
ORD202243,CUST00080,2023-05-19,5594.4,North,Debit Card
ORD200543,CUST00019,2024-07-02,5309.69,North,Cash on Delivery
ORD202757,CUST00099,2024-04-25,7168.66,East,Cash on Delivery
ORD200863,CUST00030,2024-11-24,6929.93,North,Credit Card
ORD207505,CUST00409,2024-05-29,1535.41,East,Credit Card
ORD208598,CUST00537,2024-10-02,1514.64,East,Debit Card
ORD200382,CUST00014,2023-12-12,4584.18,West,Debit Card
ORD204955,CUST00219,2024-01-04,5842.17,South,Debit Card
ORD208282,CUST00502,2024-01-14,2154.78,South,UPI/Wallet
ORD201893,CUST00066,2024-09-19,4892.75,West,UPI/Wallet
ORD205348,CUST00245,2023-02-06,3403.49,West,Credit Card
ORD210509,CUST00802,2024-03-24,1772.44,South,UPI/Wallet
ORD204657,CUST00201,2023-02-21,1076.15,Central,Debit Card
ORD203684,CUST00133,2023-03-05,4398.47,Central,UPI/Wallet
ORD200127,CUST00005,2023-05-05,10212.61,South,Net Banking
ORD205624,CUST00262,2023-10-15,2596.4,East,Credit Card
ORD208959,CUST00581,2023-01-04,3587.97,Central,UPI/Wallet
ORD207464,CUST00405,2023-01-09,2342.96,South,Debit Card
ORD208017,CUST00470,2024-10-02,2091.56,North,Credit Card
ORD203592,CUST00128,2024-06-17,4464.29,West,Credit Card
ORD207738,CUST00436,2024-07-14,1325.73,Central,Credit Card
ORD210351,CUST00774,2023-03-05,3381.58,East,Debit Card
ORD205265,CUST00240,2023-04-17,5077.46,West,Credit Card
ORD206415,CUST00312,2024-07-13,3184.32,West,Debit Card
ORD209751,CUST00686,2023-03-05,4922.68,North,Net Banking
ORD202825,CUST00102,2023-06-19,9130.55,Central,UPI/Wallet
ORD205946,CUST00282,2023-03-04,2380.38,North,Credit Card
ORD200337,CUST00012,2024-01-12,8459.73,West,Cash on Delivery
ORD210445,CUST00786,2024-04-13,3711.57,Central,Cash on Delivery
ORD208926,CUST00577,2023-07-01,1824.35,East,Debit Card
ORD204325,CUST00176,2024-10-08,2267.56,North,Credit Card
ORD210728,CUST00879,2024-01-02,929.71,East,Debit Card
ORD205266,CUST00240,2023-06-16,3831.55,West,Debit Card
ORD204994,CUST00221,2024-10-10,2536.48,South,Debit Card
ORD202215,CUST00078,2024-08-13,4627.26,South,Debit Card
ORD204595,CUST00196,2024-07-01,-4876.64,Central,Net Banking
ORD201147,CUST00040,2024-10-18,7601.66,South,Debit Card
ORD204873,CUST00214,2024-02-03,3148.73,North,Cash on Delivery
ORD205129,CUST00230,2024-09-14,3454.1,East,Credit Card
ORD207076,CUST00357,2024-01-04,4356.23,North,Credit Card
ORD200011,CUST00001,2023-08-01,4828.84,North,UPI/Wallet
ORD204907,CUST00216,2023-06-24,3568.82,South,Debit Card
ORD206412,CUST00312,2024-05-08,2309.99,West,UPI/Wallet
ORD209001,CUST00586,2023-10-30,1778.02,East,Debit Card
ORD209582,CUST00663,2023-02-13,4382.64,South,Credit Card
ORD206939,CUST00345,2024-05-29,4376.97,North,Credit Card
ORD205297,CUST00241,2024-07-18,3459.65,South,Credit Card
ORD209348,CUST00631,2024-03-04,1745.97,Central,UPI/Wallet
ORD208579,CUST00536,2023-02-25,1857.93,South,Net Banking
ORD204930,CUST00218,2023-02-16,2867.56,Central,Credit Card
ORD204040,CUST00158,2023-01-31,5621.56,North,UPI/Wallet
ORD204888,CUST00215,2023-09-18,3499.35,Central,Cash on Delivery
ORD203404,CUST00121,2024-07-26,5475.85,South,UPI/Wallet
ORD209258,CUST00618,2024-03-19,887.64,East,Debit Card
ORD200865,CUST00031,2023-02-16,5280.21,West,Credit Card
ORD200755,CUST00027,2023-05-07,4767.73,Central,UPI/Wallet
ORD201439,CUST00051,2024-05-19,4013.57,East,Debit Card
ORD210429,CUST00785,2023-04-09,2171.69,North,UPI/Wallet
ORD201955,CUST00068,2024-07-17,6320.56,West,UPI/Wallet
ORD203882,CUST00146,2024-04-17,2630.81,East,Credit Card
ORD209776,CUST00690,2023-06-07,2639.17,Central,Credit Card
ORD208256,CUST00499,2023-01-11,1506.26,North,UPI/Wallet
ORD202131,CUST00075,2023-06-23,5317.5,South,Net Banking
ORD207841,CUST00451,2023-10-13,2123.69,East,Credit Card
ORD208137,CUST00485,2023-12-25,1651.93,West,Credit Card
ORD207820,CUST00448,2023-07-07,3083.5,Central,Credit Card
ORD209698,CUST00679,2024-05-31,1582.74,Central,UPI/Wallet
ORD207023,CUST00351,2024-11-24,1881.15,Central,Credit Card
ORD209979,CUST00718,2023-03-05,2988.2,North,Debit Card
ORD204036,CUST00157,2024-08-10,1781.6,West,Cash on Delivery
ORD201596,CUST00057,2024-09-08,10364.11,South,Debit Card
ORD203700,CUST00133,2024-10-10,4687.53,Central,Credit Card
ORD207964,CUST00465,2023-10-25,1455.67,Central,Cash on Delivery
ORD206091,CUST00292,2024-01-31,4142.23,South,UPI/Wallet
ORD205137,CUST00231,2023-05-28,5397.92,Central,Cash on Delivery
ORD204560,CUST00193,2023-12-17,4550.32,South,Credit Card
ORD209696,CUST00679,2023-08-26,1417.42,Central,Debit Card
ORD210452,CUST00788,2023-03-13,2185.87,North,Credit Card
ORD208127,CUST00483,2024-08-31,1712.86,South,Cash on Delivery
ORD207503,CUST00409,2023-12-16,1542.39,East,Net Banking
ORD205618,CUST00261,2024-09-30,3783.85,South,Cash on Delivery
ORD209833,CUST00698,2023-07-03,3572.4,East,Debit Card
ORD200884,CUST00032,2023-07-31,10251.41,North,UPI/Wallet
ORD207551,CUST00414,2024-02-12,2256.27,South,Net Banking
ORD209308,CUST00626,2023-09-07,5307.14,South,Net Banking
ORD203488,CUST00124,2024-06-12,7413.56,East,Net Banking
ORD203357,CUST00120,2023-11-01,3331.74,Central,Cash on Delivery
ORD209893,CUST00705,2024-01-06,1493.94,Central,Credit Card
ORD210818,CUST00911,2023-10-28,1768.67,East,Debit Card
ORD209799,CUST00693,2023-12-02,2525.62,East,Debit Card
ORD203335,CUST00119,2024-03-03,7684.08,West,UPI/Wallet
ORD208027,CUST00471,2024-11-25,1712.16,East,Cash on Delivery
ORD206791,CUST00336,2024-03-30,2441.77,Central,Debit Card
ORD202130,CUST00075,2023-06-06,4620.92,South,Debit Card
ORD201743,CUST00062,2024-08-31,8340.14,West,Credit Card
ORD210899,CUST00940,2024-01-30,437.45,Central,Debit Card
ORD208899,CUST00573,2024-12-13,1244.26,Central,Credit Card
ORD203908,CUST00148,2023-06-30,3542.7,North,Debit Card
ORD206571,CUST00321,2024-10-19,1742.2,West,Net Banking
ORD209679,CUST00676,2023-10-25,2519.44,West,Credit Card
ORD205823,CUST00274,2023-11-08,1780.62,East,Debit Card
ORD200180,CUST00006,2024-10-09,4756.7,North,UPI/Wallet
ORD209341,CUST00630,2024-03-07,3736.21,Central,UPI/Wallet
ORD208685,CUST00547,2023-05-30,1388.18,Central,Debit Card
ORD205315,CUST00242,2024-03-22,3437.29,East,Debit Card
ORD204052,CUST00158,2024-11-18,5028.35,North,UPI/Wallet
ORD207656,CUST00426,2023-09-13,2534.29,South,Credit Card
ORD207487,CUST00407,2023-10-27,2541.55,West,UPI/Wallet
ORD209689,CUST00678,2023-07-14,1838.09,South,Credit Card
ORD203460,CUST00123,2024-02-08,8547.45,West,Credit Card
ORD210345,CUST00772,2024-03-13,2434.73,West,UPI/Wallet
ORD202380,CUST00085,2024-02-11,-4867.48,South,UPI/Wallet
ORD206498,CUST00318,2023-01-06,2962.35,South,UPI/Wallet
ORD206425,CUST00313,2024-02-17,4117.58,North,Credit Card
ORD209382,CUST00636,2023-12-10,1935.13,Central,UPI/Wallet
ORD203953,CUST00152,2023-10-17,5844.76,South,Credit Card
ORD201283,CUST00045,2024-12-18,7238.89,East,Credit Card
ORD207386,CUST00394,2024-06-03,1564.94,East,UPI/Wallet
ORD201899,CUST00066,2024-12-23,5678.32,West,Debit Card
ORD210379,CUST00777,2024-04-12,1796.16,West,UPI/Wallet
ORD210326,CUST00770,2023-11-26,2065.59,East,UPI/Wallet
ORD210006,CUST00721,2023-09-28,4259.7,West,Cash on Delivery
ORD201143,CUST00040,2024-05-05,6593.31,South,Debit Card
ORD207521,CUST00411,2024-08-29,3067.86,North,Credit Card
ORD209709,CUST00681,2023-05-06,5585.09,West,UPI/Wallet
ORD203846,CUST00143,2024-10-21,4290.43,West,Debit Card
ORD202209,CUST00078,2024-04-26,6225.18,South,Cash on Delivery
ORD204879,CUST00214,2024-11-10,2970.97,North,UPI/Wallet
ORD210931,CUST00952,2023-09-18,1412.93,East,Cash on Delivery
ORD208840,CUST00566,2024-03-02,3784.6,West,Credit Card
ORD207892,CUST00457,2024-11-23,1333.94,East,Debit Card
ORD201961,CUST00068,2024-12-18,7243.88,West,Debit Card
ORD201768,CUST00063,2024-02-28,7436.59,South,Net Banking
ORD206153,CUST00295,2024-06-02,3433.1,South,Cash on Delivery
ORD206570,CUST00321,2024-08-07,2370.7,West,UPI/Wallet
ORD204895,CUST00215,2024-08-13,4981.25,Central,Credit Card
ORD204659,CUST00201,2023-05-02,2647.46,Central,Cash on Delivery
ORD209477,CUST00648,2023-10-15,3625.83,East,Credit Card
ORD210541,CUST00813,2023-12-07,891.7,East,Credit Card
ORD204859,CUST00213,2024-07-04,3540.28,South,UPI/Wallet
ORD204636,CUST00199,2024-01-09,2154.32,East,Credit Card
ORD207295,CUST00382,2024-04-19,2495.7,West,Net Banking
ORD200257,CUST00009,2024-12-09,3495.16,North,UPI/Wallet
ORD203087,CUST00111,2024-05-30,5863.02,South,Credit Card
ORD207311,CUST00384,2024-07-14,1929.19,East,UPI/Wallet
ORD204793,CUST00209,2023-08-06,6320.12,South,UPI/Wallet
ORD205063,CUST00226,2024-01-21,3430.2,West,Debit Card
ORD200133,CUST00005,2023-11-10,6145.85,South,UPI/Wallet
ORD208192,CUST00491,2024-08-31,3743.18,North,Cash on Delivery
ORD200201,CUST00007,2023-12-23,8585.68,East,UPI/Wallet
ORD201302,CUST00046,2024-01-26,5737.94,West,UPI/Wallet
ORD202884,CUST00103,2024-12-11,3368.17,Central,UPI/Wallet
ORD206573,CUST00322,2023-03-21,2004.41,West,Credit Card
ORD206304,CUST00305,2023-06-17,2945.82,North,Debit Card
ORD200430,CUST00016,2023-01-09,7075.46,East,UPI/Wallet
ORD204470,CUST00186,2024-10-28,4083.91,West,Debit Card
ORD205238,CUST00238,2024-02-08,2005.97,Central,UPI/Wallet
ORD208955,CUST00580,2024-03-30,1515.2,South,Debit Card
ORD201248,CUST00044,2024-04-16,7776.94,East,Debit Card
ORD208809,CUST00562,2024-12-13,4512.47,Central,Debit Card
ORD210107,CUST00737,2023-06-19,1942.29,West,Credit Card
ORD205595,CUST00259,2024-11-07,2793.67,North,Cash on Delivery
ORD205370,CUST00246,2023-02-02,2303.56,East,Debit Card
ORD208987,CUST00584,2024-09-04,1384.24,North,Cash on Delivery
ORD208653,CUST00543,2024-10-05,-3468.92,West,Debit Card
ORD200434,CUST00016,2023-03-07,10019.33,East,Cash on Delivery
ORD200636,CUST00023,2024-05-04,5647.16,South,Credit Card
ORD209141,CUST00605,2023-08-31,1702.63,West,UPI/Wallet
ORD200409,CUST00015,2023-12-03,10032.79,Central,Debit Card
ORD206031,CUST00287,2024-05-16,2108.27,West,UPI/Wallet
ORD210887,CUST00935,2024-01-06,1011.4,East,Credit Card
ORD210238,CUST00758,2023-08-21,2698.8,East,Debit Card
ORD203554,CUST00127,2023-03-16,6161.1,Central,Debit Card
ORD205044,CUST00225,2023-08-25,4799.0,North,UPI/Wallet
ORD204647,CUST00200,2023-06-29,-2371.88,West,Debit Card
ORD207727,CUST00435,2023-12-05,3851.63,North,Credit Card
ORD207500,CUST00409,2023-02-08,1696.46,East,UPI/Wallet
ORD206656,CUST00327,2024-07-08,3101.9,East,UPI/Wallet
ORD200402,CUST00014,2024-12-01,3854.5,West,UPI/Wallet
ORD208846,CUST00567,2023-06-30,2790.5,South,Credit Card
ORD204865,CUST00214,2023-05-07,3258.78,North,Debit Card
ORD204100,CUST00162,2024-02-25,1679.12,West,Debit Card
ORD206373,CUST00309,2024-10-16,2502.1,West,Credit Card
ORD209232,CUST00615,2023-11-08,2312.51,Central,Debit Card
ORD205251,CUST00239,2023-10-12,4974.41,North,Net Banking
ORD209083,CUST00597,2024-10-04,2149.89,Central,Debit Card
ORD206344,CUST00307,2024-11-05,4319.13,North,Debit Card
ORD200406,CUST00015,2023-10-06,6452.8,Central,UPI/Wallet
ORD207535,CUST00413,2023-06-13,3036.02,West,Debit Card
ORD208453,CUST00521,2024-09-30,2891.27,West,UPI/Wallet
ORD201158,CUST00041,2023-09-28,3988.34,South,Cash on Delivery
ORD203668,CUST00131,2024-06-11,-2141.44,South,Credit Card
ORD204722,CUST00204,2024-11-02,2844.0,North,UPI/Wallet
ORD208789,CUST00560,2024-03-29,1788.26,East,Credit Card
ORD202896,CUST00104,2024-01-22,7041.39,East,Debit Card
ORD207898,CUST00458,2024-07-20,2429.83,Central,Cash on Delivery
ORD210466,CUST00790,2023-06-09,-2988.19,Central,Cash on Delivery
ORD206002,CUST00285,2024-09-06,3762.46,South,Debit Card
ORD200098,CUST00004,2023-08-18,6564.63,West,Credit Card
ORD203693,CUST00133,2023-08-31,4599.31,Central,UPI/Wallet
ORD208369,CUST00512,2023-05-24,1683.79,South,Debit Card
ORD204972,CUST00220,2024-02-04,5564.57,West,Credit Card
ORD200420,CUST00015,2024-07-11,9251.94,Central,UPI/Wallet
ORD206529,CUST00319,2024-06-15,5062.96,South,Net Banking
ORD202907,CUST00105,2023-01-28,3406.77,South,Credit Card
ORD208306,CUST00504,2024-10-24,1496.19,West,Credit Card
ORD206196,CUST00298,2023-03-20,4990.82,South,UPI/Wallet
ORD202899,CUST00104,2024-05-01,3647.38,East,Net Banking
ORD211035,CUST00991,2023-08-03,1972.54,West,UPI/Wallet
ORD208787,CUST00560,2023-04-30,1733.99,East,Credit Card
ORD208742,CUST00555,2023-08-30,1666.21,Central,UPI/Wallet
ORD204790,CUST00208,2024-11-21,3009.13,South,Net Banking
ORD204284,CUST00173,2024-12-13,2254.76,South,Credit Card
ORD201830,CUST00065,2023-05-29,4825.87,South,Net Banking
ORD204096,CUST00162,2023-03-30,2424.26,West,Credit Card
ORD200758,CUST00027,2023-07-23,7752.76,Central,Cash on Delivery
ORD207884,CUST00456,2024-10-11,2637.41,Central,Credit Card
ORD205677,CUST00266,2023-07-15,5007.46,Central,Credit Card
ORD205010,CUST00223,2023-01-23,3384.0,West,Cash on Delivery
ORD206144,CUST00295,2023-07-04,3106.84,South,UPI/Wallet
ORD200663,CUST00024,2023-12-23,5450.5,North,Credit Card
ORD205928,CUST00280,2024-03-14,3105.24,East,Debit Card
ORD209561,CUST00660,2024-01-15,3263.77,Central,Credit Card
ORD206088,CUST00292,2023-12-08,3710.6,South,Credit Card
ORD207356,CUST00390,2023-11-06,1613.83,East,Credit Card
ORD204111,CUST00163,2023-02-09,2728.0,Central,Net Banking
ORD209502,CUST00652,2024-02-11,4846.42,South,Cash on Delivery
ORD205436,CUST00250,2023-06-30,6649.14,East,Cash on Delivery
ORD208647,CUST00542,2024-08-19,1539.84,North,Debit Card
ORD202548,CUST00092,2023-03-06,10846.06,South,Debit Card
ORD202971,CUST00107,2024-01-16,5141.79,East,Credit Card
ORD210635,CUST00847,2024-05-12,541.16,South,Credit Card
ORD210448,CUST00787,2024-04-27,2208.81,Central,Credit Card
ORD209985,CUST00718,2024-03-08,2994.61,North,Credit Card
ORD210002,CUST00720,2024-05-30,2063.14,Central,Net Banking
ORD205572,CUST00258,2023-12-11,2358.99,East,UPI/Wallet
ORD207940,CUST00463,2023-12-16,1027.66,North,Credit Card
ORD203287,CUST00117,2024-09-21,5613.04,South,Credit Card
ORD208621,CUST00540,2023-09-26,3834.79,North,Debit Card
ORD201765,CUST00063,2023-09-28,5863.82,South,Debit Card
ORD201493,CUST00054,2023-02-28,3076.1,East,Credit Card
ORD205409,CUST00248,2024-05-10,3704.16,South,Debit Card
ORD202783,CUST00100,2024-04-15,5554.22,North,Credit Card
ORD203669,CUST00131,2024-06-12,2315.18,South,
ORD202853,CUST00103,2023-06-07,4914.35,Central,UPI/Wallet
ORD203933,CUST00150,2024-06-09,1912.3,North,Cash on Delivery
ORD208719,CUST00551,2024-09-02,3311.01,South,UPI/Wallet
ORD207347,CUST00389,2023-06-06,2557.23,South,Debit Card
ORD209320,CUST00627,2024-04-29,4634.75,South,UPI/Wallet
ORD205114,CUST00229,2024-08-18,7479.4,North,Debit Card
ORD200102,CUST00004,2023-10-04,7001.5,West,Cash on Delivery
ORD204665,CUST00201,2024-02-22,3281.64,Central,UPI/Wallet
ORD203099,CUST00112,2023-05-31,11939.43,Central,Debit Card
ORD200315,CUST00012,2023-06-15,3957.59,West,Credit Card
ORD206646,CUST00326,2024-12-20,3299.53,North,Debit Card
ORD206696,CUST00331,2023-03-06,3652.71,West,Credit Card
ORD209033,CUST00590,2024-09-23,909.89,North,Cash on Delivery
ORD209983,CUST00718,2024-02-23,2023.59,North,UPI/Wallet
ORD203880,CUST00146,2023-11-19,3748.15,East,UPI/Wallet
ORD200281,CUST00010,2024-12-01,9522.09,North,Cash on Delivery
ORD208060,CUST00476,2023-08-18,2942.9,West,Cash on Delivery
ORD209011,CUST00587,2024-12-03,2767.05,Central,Debit Card
ORD206802,CUST00337,2024-09-17,2869.43,East,UPI/Wallet
ORD202809,CUST00101,2024-05-11,6368.52,West,Credit Card
ORD203714,CUST00134,2024-04-28,6035.22,North,Debit Card
ORD200860,CUST00030,2024-10-03,12748.52,North,UPI/Wallet
ORD208153,CUST00487,2023-02-07,2897.43,South,UPI/Wallet
ORD209552,CUST00659,2024-02-20,5110.48,South,UPI/Wallet
ORD208363,CUST00511,2023-11-27,1878.84,South,Debit Card
ORD205934,CUST00281,2023-03-05,1609.48,East,UPI/Wallet
ORD206230,CUST00300,2024-07-07,1786.39,South,Cash on Delivery
ORD207808,CUST00446,2024-10-29,3010.46,East,UPI/Wallet
ORD209952,CUST00714,2023-12-15,5469.96,Central,Credit Card
ORD207428,CUST00400,2024-12-10,1773.38,West,UPI/Wallet
ORD202578,CUST00093,2023-09-02,10183.49,East,Debit Card
ORD207221,CUST00374,2024-05-07,3335.26,East,UPI/Wallet
ORD200870,CUST00031,2023-06-10,4742.75,West,UPI/Wallet
ORD205813,CUST00274,2023-01-17,3246.44,East,Debit Card
ORD207530,CUST00412,2024-01-14,1421.64,North,Credit Card
ORD207294,CUST00382,2024-02-08,3027.02,West,UPI/Wallet
ORD204146,CUST00165,2023-11-24,3420.38,Central,Credit Card
ORD204038,CUST00157,2024-11-16,2656.03,West,UPI/Wallet
ORD206934,CUST00345,2023-09-19,5050.45,North,Debit Card
ORD208616,CUST00539,2024-06-20,2905.2,Central,Cash on Delivery
ORD210792,CUST00902,2023-12-02,531.73,South,UPI/Wallet
ORD203921,CUST00149,2024-05-08,3044.27,West,UPI/Wallet
ORD205755,CUST00270,2024-07-06,1900.32,Central,Credit Card
ORD205270,CUST00240,2023-10-26,4002.45,West,Credit Card
ORD205733,CUST00269,2023-05-25,2831.06,West,UPI/Wallet
ORD200844,CUST00030,2023-08-20,6859.23,North,Credit Card
ORD205482,CUST00253,2023-07-28,5281.16,East,Debit Card
ORD206754,CUST00334,2023-07-11,2212.6,North,UPI/Wallet
ORD200301,CUST00011,2024-03-16,6912.15,South,UPI/Wallet
ORD200837,CUST00030,2023-05-11,7762.12,North,Credit Card
ORD203766,CUST00138,2023-06-29,3290.31,East,Cash on Delivery
ORD208710,CUST00550,2023-09-07,3532.25,North,Cash on Delivery
ORD201451,CUST00052,2023-09-14,6202.11,South,Debit Card
ORD204775,CUST00208,2023-06-22,-2735.2,South,Debit Card
ORD210098,CUST00736,2023-07-12,5156.44,East,Cash on Delivery
ORD207060,CUST00356,2023-03-31,3923.27,North,Debit Card
ORD203413,CUST00122,2023-01-25,3210.49,East,Credit Card
ORD205787,CUST00272,2024-07-30,4343.64,Central,Net Banking
ORD203327,CUST00119,2023-07-03,6881.43,West,Debit Card
ORD206010,CUST00286,2023-06-26,3842.31,East,Debit Card
ORD201200,CUST00042,2024-10-28,6227.48,South,Credit Card
ORD207033,CUST00353,2023-03-24,2914.73,North,UPI/Wallet
ORD202356,CUST00084,2024-03-18,6590.6,North,UPI/Wallet
ORD207622,CUST00422,2023-10-17,990.52,Central,
ORD205971,CUST00284,2023-03-05,4777.71,South,Credit Card
ORD205516,CUST00255,2023-09-05,3103.72,East,Debit Card
ORD200571,CUST00020,2024-10-01,4185.66,South,Credit Card
ORD206516,CUST00319,2023-04-26,3583.13,South,Debit Card
ORD209716,CUST00682,2023-07-07,1347.7,North,Credit Card
ORD202249,CUST00080,2023-10-19,3071.63,North,UPI/Wallet
ORD209958,CUST00715,2023-03-30,2441.54,North,UPI/Wallet
ORD203629,CUST00129,2024-10-19,3633.66,Central,Credit Card
ORD208432,CUST00519,2023-07-08,2741.05,South,Cash on Delivery
ORD209464,CUST00646,2024-06-14,3985.25,South,Debit Card
ORD200807,CUST00029,2023-06-19,5394.92,North,Credit Card
ORD202877,CUST00103,2024-05-31,4969.72,Central,Credit Card
ORD208054,CUST00475,2023-12-11,2798.55,North,Debit Card
ORD209496,CUST00652,2023-02-18,3693.39,South,UPI/Wallet
ORD202186,CUST00077,2024-01-17,6630.21,West,Credit Card
ORD208534,CUST00530,2023-09-29,2739.5,North,UPI/Wallet
ORD207692,CUST00430,2023-07-16,3108.31,North,Credit Card
ORD208254,CUST00498,2024-05-22,1501.15,Central,Credit Card
ORD210575,CUST00824,2024-05-19,1381.56,East,UPI/Wallet
ORD207236,CUST00376,2023-12-21,1496.64,South,UPI/Wallet
ORD201876,CUST00066,2023-08-30,7031.93,West,Net Banking
ORD206745,CUST00333,2024-11-03,3119.93,East,Cash on Delivery
ORD203079,CUST00111,2023-09-17,7357.96,South,Credit Card
ORD205848,CUST00275,2024-11-24,3851.15,East,Cash on Delivery
ORD207208,CUST00372,2024-05-04,2007.84,Central,UPI/Wallet
ORD211012,CUST00981,2023-12-31,1148.62,East,UPI/Wallet
ORD208916,CUST00575,2024-11-07,3474.43,South,Credit Card
ORD204262,CUST00172,2024-09-13,5148.38,Central,Credit Card
ORD200915,CUST00033,2023-09-07,5501.82,East,Credit Card
ORD205990,CUST00285,2023-04-09,1838.41,South,Cash on Delivery
ORD206422,CUST00313,2023-02-26,6047.28,North,UPI/Wallet
ORD203696,CUST00133,2023-11-12,5288.07,Central,UPI/Wallet
ORD203900,CUST00147,2024-05-12,3207.08,North,Cash on Delivery
ORD208273,CUST00501,2023-09-20,1952.78,Central,Credit Card
ORD204729,CUST00205,2023-10-12,5327.2,East,Credit Card
ORD210321,CUST00770,2023-05-14,1899.37,East,UPI/Wallet
ORD209863,CUST00701,2024-05-16,1975.57,South,UPI/Wallet
ORD204579,CUST00195,2024-04-06,2105.9,West,Credit Card
ORD209995,CUST00720,2023-10-06,3211.53,Central,Cash on Delivery
ORD207096,CUST00359,2024-12-01,3193.99,North,Debit Card
ORD206368,CUST00309,2024-04-07,1713.52,West,Cash on Delivery
ORD205310,CUST00242,2023-08-22,2974.95,East,UPI/Wallet
ORD207150,CUST00365,2024-11-04,1608.88,East,Credit Card
ORD207786,CUST00444,2023-02-10,3016.53,Central,Credit Card
ORD200391,CUST00014,2024-02-26,2269.27,West,Credit Card
ORD210653,CUST00853,2024-02-15,1193.68,Central,Cash on Delivery
ORD209085,CUST00598,2023-01-31,1097.85,North,Net Banking
ORD204925,CUST00217,2024-09-13,2369.42,Central,UPI/Wallet
ORD205587,CUST00259,2023-12-14,3513.27,North,UPI/Wallet
ORD209681,CUST00677,2023-01-02,4015.6,South,UPI/Wallet
ORD208122,CUST00483,2024-04-26,1592.33,South,Credit Card
ORD203387,CUST00121,2023-04-27,4010.84,South,Credit Card
ORD201907,CUST00067,2023-04-02,5130.62,Central,UPI/Wallet
ORD206075,CUST00291,2023-11-08,4460.1,North,UPI/Wallet
ORD209047,CUST00592,2024-02-16,1842.15,South,Cash on Delivery
ORD210035,CUST00726,2024-04-29,2787.22,North,UPI/Wallet
ORD203473,CUST00123,2024-12-10,7300.66,West,Cash on Delivery
ORD210829,CUST00915,2023-10-28,656.51,East,Debit Card
ORD210376,CUST00777,2023-07-19,2550.13,West,Credit Card
ORD206894,CUST00343,2023-05-02,4613.31,East,Credit Card
ORD203771,CUST00138,2024-09-28,4636.78,East,Cash on Delivery
ORD206717,CUST00332,2023-03-25,1960.59,West,Cash on Delivery
ORD208506,CUST00527,2024-08-12,2331.22,North,Debit Card
ORD205977,CUST00284,2023-09-05,4584.37,South,UPI/Wallet
ORD205818,CUST00274,2023-08-16,2111.02,East,Cash on Delivery
ORD203963,CUST00153,2023-04-23,3642.53,West,UPI/Wallet
ORD200565,CUST00020,2024-03-22,5959.4,South,Credit Card
ORD208740,CUST00555,2023-02-09,1712.43,Central,UPI/Wallet
ORD209542,CUST00658,2023-09-24,1651.87,East,Credit Card
ORD202538,CUST00091,2024-09-29,5256.25,East,Debit Card
ORD208024,CUST00471,2024-05-19,1364.52,East,Debit Card
ORD205784,CUST00272,2024-03-16,2258.68,Central,Credit Card
ORD201572,CUST00057,2023-07-14,8948.87,South,Credit Card
ORD207369,CUST00392,2023-05-27,2704.03,South,UPI/Wallet
ORD200269,CUST00010,2023-11-04,8299.32,North,UPI/Wallet
ORD208330,CUST00508,2024-02-06,2157.56,Central,Debit Card
ORD210004,CUST00721,2023-05-02,2466.66,West,Net Banking
ORD209541,CUST00658,2023-07-30,1690.72,East,UPI/Wallet
ORD206292,CUST00304,2023-05-23,6519.97,South,Net Banking
ORD206387,CUST00310,2024-10-11,2591.8,West,Credit Card
ORD207407,CUST00397,2024-02-11,1166.05,Central,Net Banking
ORD205825,CUST00274,2024-01-26,3711.16,East,Credit Card
ORD200773,CUST00027,2024-07-16,9448.26,Central,UPI/Wallet
ORD205356,CUST00245,2023-11-16,2908.26,West,Cash on Delivery
ORD202414,CUST00086,2024-10-30,12302.66,East,UPI/Wallet
ORD200922,CUST00033,2023-11-29,5173.77,East,Cash on Delivery
ORD200938,CUST00033,2024-10-19,6184.01,East,Credit Card
ORD202295,CUST00082,2024-02-03,6899.01,West,UPI/Wallet
ORD205732,CUST00269,2023-04-27,3508.76,West,Net Banking
ORD202903,CUST00104,2024-10-13,5019.4,East,UPI/Wallet
ORD201458,CUST00052,2024-02-25,1367.64,South,UPI/Wallet
ORD205797,CUST00273,2023-07-22,3439.71,East,UPI/Wallet
ORD210161,CUST00745,2023-05-23,2970.46,Central,Credit Card
ORD207074,CUST00357,2023-08-13,3251.04,North,UPI/Wallet
ORD205062,CUST00226,2024-01-02,3697.22,West,UPI/Wallet
ORD208319,CUST00506,2024-05-10,2851.11,North,UPI/Wallet
ORD203956,CUST00152,2024-04-09,4038.78,South,UPI/Wallet
ORD203110,CUST00112,2024-01-10,7853.75,Central,Credit Card
ORD206604,CUST00324,2023-07-06,5198.18,West,Net Banking
ORD208007,CUST00469,2024-06-21,3589.75,East,Credit Card
ORD200416,CUST00015,2024-04-14,8446.86,Central,Cash on Delivery
ORD201704,CUST00061,2024-02-16,3267.27,South,UPI/Wallet
ORD206369,CUST00309,2024-04-13,2524.51,West,Credit Card
ORD202732,CUST00099,2023-03-31,7812.97,East,Cash on Delivery
ORD206727,CUST00332,2024-09-15,2442.5,West,Credit Card
ORD210300,CUST00767,2023-05-01,4538.09,East,Debit Card
ORD202611,CUST00094,2023-08-20,4320.01,Central,Debit Card
ORD204538,CUST00191,2024-06-02,1740.14,West,Credit Card
ORD200292,CUST00011,2023-08-13,-7862.55,South,UPI/Wallet
ORD204362,CUST00179,2023-08-18,1968.35,South,Credit Card
ORD209652,CUST00673,2023-07-01,2083.36,South,UPI/Wallet
ORD210442,CUST00786,2024-01-15,2231.77,Central,UPI/Wallet
ORD202635,CUST00095,2023-09-03,11801.24,East,UPI/Wallet
ORD205194,CUST00235,2023-12-22,3761.69,West,Credit Card
ORD202878,CUST00103,2024-07-09,7364.94,Central,Cash on Delivery
ORD203129,CUST00112,2024-09-13,10616.42,Central,Debit Card
ORD205939,CUST00281,2023-10-14,1765.48,East,Credit Card
ORD206497,CUST00317,2024-12-16,2945.19,South,Debit Card
ORD209749,CUST00685,2024-06-21,1374.52,Central,Net Banking
ORD209769,CUST00689,2023-03-23,4836.82,North,Credit Card
ORD210891,CUST00936,2024-01-28,1165.35,North,UPI/Wallet
ORD203722,CUST00135,2023-08-09,4040.11,Central,Credit Card
ORD201018,CUST00036,2023-11-20,8204.69,East,
ORD209198,CUST00611,2023-09-26,2867.19,East,UPI/Wallet
ORD204957,CUST00219,2024-03-31,5005.97,South,Debit Card
ORD205149,CUST00232,2023-01-15,1667.88,South,UPI/Wallet
ORD206869,CUST00341,2024-12-02,1777.66,East,Credit Card
ORD202909,CUST00105,2023-02-06,4104.61,South,UPI/Wallet
ORD207233,CUST00376,2023-01-01,1509.24,South,UPI/Wallet
ORD209381,CUST00636,2023-11-25,3170.73,Central,Credit Card
ORD209434,CUST00642,2024-06-07,2793.09,Central,Debit Card
ORD210520,CUST00806,2024-04-02,2664.84,West,Debit Card
ORD208745,CUST00555,2023-12-02,2283.56,Central,UPI/Wallet
ORD206263,CUST00302,2023-12-06,4205.65,South,Debit Card
ORD206500,CUST00318,2023-04-24,2792.41,South,Debit Card
ORD207902,CUST00459,2023-07-17,2267.46,West,UPI/Wallet
ORD207746,CUST00438,2023-06-13,3464.37,West,Credit Card
ORD208978,CUST00583,2024-02-27,3037.44,Central,UPI/Wallet
ORD204349,CUST00178,2024-02-02,5088.95,West,Cash on Delivery
ORD207383,CUST00393,2024-11-05,3015.82,East,Credit Card
ORD202590,CUST00093,2024-05-31,6141.08,East,Debit Card
ORD206942,CUST00345,2024-09-23,4426.19,North,Debit Card
ORD203780,CUST00139,2024-06-04,2816.78,Central,Credit Card
ORD206955,CUST00346,2024-04-27,3534.66,East,UPI/Wallet
ORD208452,CUST00521,2024-08-02,1360.71,West,UPI/Wallet
ORD203774,CUST00139,2023-01-28,2199.15,Central,Debit Card
ORD200987,CUST00035,2023-05-16,5448.49,North,Credit Card
ORD207419,CUST00399,2024-10-14,1349.53,North,Net Banking
ORD201727,CUST00062,2023-10-31,7039.11,West,Cash on Delivery
ORD210625,CUST00843,2024-01-24,1621.32,West,Debit Card
ORD205449,CUST00250,2024-11-19,3524.26,East,Net Banking
ORD205051,CUST00225,2024-08-24,4062.83,North,Cash on Delivery
ORD210439,CUST00786,2023-05-02,2977.59,Central,Debit Card
ORD200913,CUST00033,2023-07-18,6708.52,East,Cash on Delivery
ORD203382,CUST00121,2023-01-05,3521.92,South,UPI/Wallet
ORD203903,CUST00147,2024-10-13,1639.77,North,UPI/Wallet
ORD203971,CUST00153,2024-05-22,2795.38,West,UPI/Wallet
ORD206594,CUST00323,2024-02-28,2566.7,South,Cash on Delivery
ORD200229,CUST00009,2023-01-03,3337.44,North,UPI/Wallet
ORD204477,CUST00187,2024-01-30,2815.35,Central,Cash on Delivery
ORD205285,CUST00241,2023-01-04,2408.03,South,Credit Card
ORD200902,CUST00032,2024-12-04,6188.02,North,Credit Card
ORD208609,CUST00538,2024-10-07,3464.17,West,UPI/Wallet
ORD203258,CUST00116,2024-10-17,6935.08,South,Credit Card
ORD206238,CUST00301,2023-07-30,-4806.34,Central,Debit Card
ORD210172,CUST00746,2024-02-23,4370.97,South,Debit Card
ORD207947,CUST00463,2024-12-02,974.92,North,UPI/Wallet
ORD210953,CUST00958,2024-01-21,1539.65,North,Debit Card
ORD205520,CUST00255,2023-12-07,-1720.58,East,Credit Card
ORD206216,CUST00299,2024-06-11,3465.88,Central,Cash on Delivery
ORD206752,CUST00334,2023-06-02,3004.54,North,Cash on Delivery
ORD208946,CUST00579,2024-12-03,1072.87,East,Net Banking
ORD202689,CUST00097,2023-05-06,7462.2,North,Cash on Delivery
ORD208030,CUST00472,2023-09-22,1407.77,North,Net Banking
ORD202371,CUST00085,2023-07-18,4364.68,South,Cash on Delivery
ORD209570,CUST00661,2023-11-05,1241.79,East,Cash on Delivery
ORD204992,CUST00221,2024-06-03,2090.28,South,Credit Card
ORD200901,CUST00032,2024-11-21,8147.51,North,UPI/Wallet
ORD205311,CUST00242,2023-10-03,7235.92,East,UPI/Wallet
ORD207219,CUST00374,2023-05-27,2314.59,East,Debit Card
ORD200467,CUST00017,2023-05-26,2570.28,South,Credit Card
ORD205078,CUST00227,2023-05-25,5217.05,North,Debit Card
ORD208473,CUST00523,2024-04-30,859.33,East,Debit Card
ORD203594,CUST00128,2024-10-07,3455.44,West,Debit Card
ORD203384,CUST00121,2023-03-09,4607.35,South,UPI/Wallet
ORD202202,CUST00078,2023-11-28,3330.84,South,UPI/Wallet
ORD205631,CUST00262,2024-11-01,1990.33,East,Cash on Delivery
ORD202470,CUST00089,2024-07-13,8071.46,Central,Net Banking
ORD200537,CUST00019,2023-11-17,8054.16,North,UPI/Wallet
ORD200616,CUST00022,2024-04-27,-8924.05,South,Credit Card
ORD201219,CUST00043,2024-04-27,6966.25,North,UPI/Wallet
ORD209713,CUST00681,2024-02-03,6086.26,West,UPI/Wallet
ORD200805,CUST00029,2023-06-04,5712.94,North,Credit Card
ORD201517,CUST00054,2024-08-01,4258.3,East,Cash on Delivery
ORD205592,CUST00259,2024-06-26,2365.74,North,Credit Card
ORD205613,CUST00261,2024-04-13,3236.92,South,Cash on Delivery
ORD203904,CUST00147,2024-11-09,1849.23,North,Net Banking
ORD204786,CUST00208,2024-05-04,1430.01,South,UPI/Wallet
ORD208556,CUST00533,2024-07-09,3308.49,East,Debit Card
ORD208953,CUST00580,2024-01-06,-1898.35,South,Cash on Delivery
ORD207592,CUST00419,2024-01-13,2322.47,East,UPI/Wallet
ORD208484,CUST00524,2024-10-13,1415.88,South,Credit Card
ORD205930,CUST00280,2024-08-30,3032.76,East,UPI/Wallet
ORD204769,CUST00207,2024-03-13,3410.68,East,Credit Card
ORD210842,CUST00920,2023-07-03,1276.26,East,Cash on Delivery
ORD206667,CUST00328,2023-10-13,4485.77,South,Debit Card
ORD206188,CUST00297,2024-08-11,2659.64,East,Cash on Delivery
ORD204097,CUST00162,2023-05-09,1666.68,West,Credit Card
ORD201939,CUST00067,2024-12-15,3891.78,Central,Credit Card
ORD205226,CUST00237,2024-07-03,3516.55,East,Cash on Delivery
ORD200836,CUST00030,2023-05-04,7016.91,North,Cash on Delivery
ORD205017,CUST00223,2023-11-16,3209.21,West,Credit Card
ORD209335,CUST00629,2024-03-16,2078.28,East,UPI/Wallet
ORD207226,CUST00375,2023-03-03,1172.93,East,Cash on Delivery
ORD203033,CUST00109,2024-08-18,7695.17,Central,Cash on Delivery
ORD206829,CUST00339,2024-05-30,1721.14,North,UPI/Wallet
ORD201467,CUST00053,2023-01-08,7510.26,Central,Credit Card
ORD204154,CUST00165,2024-12-26,5523.9,Central,UPI/Wallet
ORD205698,CUST00267,2023-12-26,3991.44,Central,Credit Card
ORD204062,CUST00159,2023-10-22,3152.77,South,Credit Card
ORD203078,CUST00111,2023-09-09,8938.32,South,Credit Card
ORD209070,CUST00595,2023-07-07,2270.33,West,Credit Card
ORD210877,CUST00930,2024-05-22,524.64,West,Net Banking
ORD208250,CUST00498,2023-06-24,1734.44,Central,Debit Card
ORD204125,CUST00164,2023-02-25,3314.53,East,Debit Card
ORD210012,CUST00722,2024-08-03,3032.1,East,Debit Card
ORD210072,CUST00732,2024-03-06,2187.91,South,UPI/Wallet
ORD208109,CUST00482,2024-01-24,3347.94,Central,
ORD201409,CUST00050,2024-01-10,6995.21,North,Debit Card
ORD202663,CUST00096,2023-06-11,4668.85,North,UPI/Wallet
ORD210852,CUST00923,2023-06-23,577.62,South,Debit Card
ORD205406,CUST00248,2024-03-27,3632.24,South,UPI/Wallet
ORD206621,CUST00325,2023-05-20,3998.96,West,UPI/Wallet
ORD204471,CUST00186,2024-11-14,4653.32,West,Credit Card
ORD206669,CUST00328,2024-06-15,3520.07,South,Debit Card
ORD203577,CUST00128,2023-03-04,3094.73,West,Cash on Delivery
ORD207490,CUST00407,2024-05-18,2853.07,West,Credit Card
ORD201408,CUST00050,2023-11-17,7510.4,North,Credit Card
ORD210271,CUST00762,2023-05-11,3969.06,North,UPI/Wallet
ORD203177,CUST00114,2023-04-01,4744.49,West,UPI/Wallet
ORD210274,CUST00762,2023-09-15,4079.5,North,Credit Card
ORD205075,CUST00227,2023-04-03,3482.86,North,Credit Card
ORD203081,CUST00111,2023-12-05,8162.36,South,Credit Card
ORD210306,CUST00768,2023-10-19,3191.19,West,Credit Card
ORD211024,CUST00987,2023-12-14,842.02,East,Credit Card
ORD203863,CUST00145,2023-06-03,3217.34,North,Cash on Delivery
ORD201093,CUST00038,2024-03-31,4855.04,West,Cash on Delivery
ORD201542,CUST00055,2024-07-20,4792.27,East,UPI/Wallet
ORD210077,CUST00733,2024-01-02,3324.25,South,UPI/Wallet
ORD204372,CUST00179,2024-09-26,2499.75,South,UPI/Wallet
ORD209019,CUST00589,2023-12-15,1794.93,West,Debit Card
ORD200775,CUST00027,2024-08-16,6342.64,Central,Debit Card
ORD204882,CUST00215,2023-02-07,4423.25,Central,Credit Card
ORD204561,CUST00193,2024-03-05,2250.48,South,UPI/Wallet
ORD203001,CUST00108,2024-05-19,11162.51,East,UPI/Wallet
ORD200080,CUST00003,2024-02-05,4875.06,North,Cash on Delivery
ORD202587,CUST00093,2024-03-24,4991.04,East,UPI/Wallet
ORD203160,CUST00113,2024-10-10,3193.04,Central,Credit Card
ORD200597,CUST00021,2024-12-11,10833.9,East,Credit Card
ORD207812,CUST00447,2023-09-01,1713.39,North,Debit Card
ORD206560,CUST00321,2023-09-12,2525.14,West,Credit Card
ORD202759,CUST00099,2024-05-10,4962.45,East,Credit Card
ORD207113,CUST00362,2024-01-08,2260.29,South,Debit Card
ORD201182,CUST00041,2024-12-09,1806.34,South,UPI/Wallet
ORD207981,CUST00466,2024-06-11,2262.37,West,UPI/Wallet
ORD209270,CUST00620,2023-01-18,5691.33,North,UPI/Wallet
ORD200101,CUST00004,2023-09-21,11328.53,West,UPI/Wallet
ORD204478,CUST00187,2024-04-14,2511.38,Central,Credit Card
ORD209902,CUST00706,2024-06-18,4301.09,South,Debit Card
ORD203415,CUST00122,2023-03-05,3397.0,East,UPI/Wallet
ORD205049,CUST00225,2024-05-19,-7008.77,North,UPI/Wallet
ORD202541,CUST00091,2024-11-21,6114.53,East,Cash on Delivery
ORD201478,CUST00053,2023-08-21,5641.34,Central,Credit Card
ORD200786,CUST00028,2023-05-21,6261.76,East,UPI/Wallet
ORD206676,CUST00329,2023-03-26,2441.57,Central,UPI/Wallet
ORD204557,CUST00193,2023-08-03,2159.58,South,UPI/Wallet
ORD203998,CUST00155,2023-09-24,3165.66,East,Debit Card
ORD207351,CUST00389,2024-05-02,2626.45,South,Cash on Delivery
ORD208759,CUST00556,2024-01-20,1049.36,East,Debit Card
ORD208735,CUST00554,2023-03-28,1909.55,North,Credit Card
ORD209005,CUST00587,2023-03-08,2556.9,Central,UPI/Wallet
ORD202555,CUST00092,2023-07-14,7309.63,South,Credit Card
ORD204995,CUST00221,2024-11-15,2659.45,South,UPI/Wallet
ORD204050,CUST00158,2024-05-21,8045.33,North,Debit Card
ORD202381,CUST00085,2024-03-01,5509.38,South,Cash on Delivery
ORD207868,CUST00454,2024-09-22,3031.24,South,Debit Card
ORD207719,CUST00434,2023-08-01,1555.59,West,Credit Card
ORD206319,CUST00306,2023-07-12,2385.46,West,Cash on Delivery
ORD200387,CUST00014,2024-02-10,4250.68,West,Cash on Delivery
ORD204283,CUST00173,2024-10-13,3403.77,South,Credit Card
ORD204550,CUST00192,2024-02-27,3514.16,East,Cash on Delivery
ORD202019,CUST00071,2024-06-11,10551.13,South,UPI/Wallet
ORD207739,CUST00436,2024-10-27,1888.27,Central,Credit Card
ORD205798,CUST00273,2023-08-05,5704.65,East,Credit Card
ORD203396,CUST00121,2024-02-16,3328.44,South,Debit Card
ORD209374,CUST00635,2023-10-08,2791.26,West,UPI/Wallet
ORD205164,CUST00233,2023-11-10,3733.09,North,UPI/Wallet
ORD205551,CUST00257,2023-07-28,3862.51,North,UPI/Wallet
ORD200428,CUST00015,2024-12-19,8479.48,Central,UPI/Wallet
ORD200553,CUST00020,2023-03-16,4700.86,South,
ORD209301,CUST00625,2023-05-02,2218.38,South,UPI/Wallet
ORD209721,CUST00682,2024-03-15,3230.44,North,Credit Card
ORD208862,CUST00569,2023-09-08,2184.63,West,Credit Card
ORD207522,CUST00411,2024-09-05,1259.17,North,Credit Card
ORD204408,CUST00183,2023-03-07,3593.47,South,Net Banking
ORD200390,CUST00014,2024-02-20,2790.96,West,Credit Card
ORD209370,CUST00634,2024-07-15,3470.99,South,Cash on Delivery
ORD200785,CUST00028,2023-05-07,11791.19,East,Debit Card
ORD208423,CUST00517,2024-10-07,2018.02,East,Credit Card
ORD209399,CUST00639,2023-05-25,2847.86,South,Debit Card
ORD206264,CUST00302,2023-12-18,4759.99,South,Debit Card
ORD200300,CUST00011,2024-03-12,9847.72,South,Debit Card
ORD202430,CUST00087,2024-10-15,5613.79,North,
ORD205846,CUST00275,2024-05-17,3474.95,East,Debit Card
ORD210284,CUST00764,2023-05-08,3071.49,West,Credit Card
ORD209891,CUST00705,2023-10-03,2577.26,Central,Credit Card
ORD205122,CUST00230,2023-09-27,3939.86,East,Cash on Delivery
ORD206617,CUST00324,2024-10-30,3570.67,West,Cash on Delivery
ORD206808,CUST00338,2023-02-12,1494.42,Central,Cash on Delivery
ORD202561,CUST00092,2024-03-30,11035.14,South,Credit Card
ORD207539,CUST00413,2023-12-22,2586.41,West,Debit Card
ORD205312,CUST00242,2023-11-22,4670.44,East,Debit Card
ORD205678,CUST00266,2023-08-06,3363.74,Central,UPI/Wallet
ORD208989,CUST00585,2023-08-16,3797.63,Central,Net Banking
ORD210897,CUST00939,2024-01-26,1464.36,West,Cash on Delivery
ORD209923,CUST00710,2024-02-18,1727.43,North,Cash on Delivery
ORD206174,CUST00297,2023-02-18,-3799.71,East,UPI/Wallet
ORD206390,CUST00311,2023-12-07,3974.03,West,UPI/Wallet
ORD205515,CUST00255,2023-06-28,3163.04,East,Cash on Delivery
ORD207872,CUST00455,2023-04-08,2165.43,North,Credit Card
ORD207611,CUST00421,2023-07-30,2528.37,West,Cash on Delivery
ORD203163,CUST00113,2024-11-06,2036.95,Central,Credit Card
ORD207371,CUST00392,2023-11-26,3249.51,South,UPI/Wallet
ORD210739,CUST00883,2023-08-31,630.04,Central,Debit Card
ORD203082,CUST00111,2024-03-09,6619.38,South,UPI/Wallet
ORD204016,CUST00156,2024-04-28,2818.69,Central,Credit Card
ORD205028,CUST00224,2023-04-20,3501.14,West,Cash on Delivery
ORD201756,CUST00063,2023-07-18,9677.9,South,UPI/Wallet
ORD201617,CUST00058,2023-06-25,5177.89,South,UPI/Wallet
ORD205527,CUST00255,2024-11-11,2734.94,East,Credit Card
ORD209858,CUST00701,2023-07-18,1511.69,South,Debit Card
ORD206862,CUST00341,2023-07-20,2642.15,East,UPI/Wallet
ORD204939,CUST00218,2023-12-26,3213.58,Central,Cash on Delivery
ORD209451,CUST00645,2023-05-24,2113.22,South,Cash on Delivery
ORD204359,CUST00178,2024-11-22,2464.79,West,Credit Card
ORD200367,CUST00013,2024-11-06,4631.87,North,Debit Card
ORD205814,CUST00274,2023-02-03,3125.34,East,Credit Card
ORD210279,CUST00763,2023-03-22,5517.57,South,UPI/Wallet
ORD202043,CUST00072,2024-05-08,7977.2,Central,Net Banking
ORD210588,CUST00829,2023-05-29,413.1,West,UPI/Wallet
ORD202910,CUST00105,2023-02-13,3306.75,South,UPI/Wallet
ORD204143,CUST00165,2023-08-19,2246.5,Central,Credit Card
ORD205093,CUST00228,2023-05-12,2233.74,West,Credit Card
ORD200532,CUST00019,2023-08-07,6862.1,North,Debit Card
ORD207400,CUST00396,2024-01-04,874.55,South,Cash on Delivery
ORD201473,CUST00053,2023-06-03,6337.63,Central,Net Banking
ORD211046,CUST00994,2024-01-20,474.52,East,Debit Card
ORD205479,CUST00253,2023-05-27,5730.71,East,Cash on Delivery
ORD202498,CUST00090,2024-02-16,7825.66,Central,Debit Card
ORD203810,CUST00141,2024-01-08,3463.93,Central,Cash on Delivery
ORD200817,CUST00029,2024-01-11,4821.14,North,Credit Card
ORD200483,CUST00017,2024-07-22,3583.06,South,Credit Card
ORD200658,CUST00024,2023-11-22,8385.32,North,UPI/Wallet
ORD204847,CUST00213,2023-03-01,4533.27,South,Cash on Delivery
ORD202654,CUST00095,2024-10-11,8118.67,East,Net Banking
ORD207081,CUST00358,2023-03-23,1857.63,North,Debit Card
ORD204019,CUST00156,2024-07-06,2674.69,Central,Cash on Delivery
ORD206515,CUST00319,2023-04-10,4681.52,South,Credit Card
ORD201394,CUST00049,2024-09-12,6894.99,South,Net Banking
ORD202753,CUST00099,2023-12-26,10456.32,East,UPI/Wallet
ORD208936,CUST00578,2023-10-15,2106.99,East,Cash on Delivery
ORD200091,CUST00004,2023-04-11,10559.54,West,Cash on Delivery
ORD205130,CUST00230,2024-09-28,656.96,East,Debit Card
ORD203723,CUST00135,2023-08-12,4177.5,Central,Cash on Delivery
ORD202739,CUST00099,2023-07-13,11232.59,East,Debit Card
ORD209045,CUST00592,2023-11-04,1968.13,South,Credit Card
ORD205371,CUST00246,2023-02-21,3671.94,East,UPI/Wallet
ORD204403,CUST00182,2024-08-04,1779.62,North,Cash on Delivery
ORD202379,CUST00085,2024-01-24,5589.26,South,Cash on Delivery
ORD206454,CUST00315,2024-09-10,2837.78,West,Debit Card
ORD209261,CUST00619,2023-06-17,1533.33,North,Cash on Delivery
ORD206205,CUST00298,2024-04-29,6119.83,South,Net Banking
ORD209860,CUST00701,2023-07-26,1542.92,South,Cash on Delivery
ORD207404,CUST00397,2023-07-02,2872.4,Central,Net Banking
ORD200348,CUST00012,2024-08-21,4079.66,West,Net Banking
ORD204335,CUST00177,2024-02-26,3203.15,East,UPI/Wallet
ORD205843,CUST00275,2024-01-07,3725.63,East,UPI/Wallet
ORD202106,CUST00074,2023-12-02,8031.77,East,Debit Card
ORD203216,CUST00115,2023-10-05,4151.87,West,Cash on Delivery
ORD203574,CUST00127,2024-10-31,8073.44,Central,UPI/Wallet
ORD202664,CUST00096,2023-06-12,3972.49,North,Debit Card
ORD208582,CUST00536,2023-09-26,1835.6,South,Debit Card
ORD203802,CUST00140,2024-12-03,4644.85,North,Cash on Delivery
ORD201930,CUST00067,2024-08-20,9018.12,Central,UPI/Wallet
ORD208524,CUST00529,2023-06-22,1779.44,East,Credit Card
ORD200197,CUST00007,2023-08-17,8629.2,East,Credit Card
ORD202469,CUST00089,2024-06-04,5866.97,Central,Cash on Delivery
ORD210675,CUST00861,2023-07-25,1462.43,North,Credit Card
ORD209915,CUST00708,2024-07-21,1079.97,East,Credit Card
ORD207461,CUST00404,2024-07-22,2375.5,West,Debit Card
ORD202792,CUST00100,2024-09-06,6608.63,North,Credit Card
ORD201689,CUST00060,2024-12-18,6005.23,Central,Debit Card
ORD200621,CUST00022,2024-11-20,6203.32,South,Credit Card
ORD205362,CUST00245,2024-02-26,3654.53,West,Credit Card
ORD206896,CUST00343,2023-06-16,2822.91,East,Debit Card
ORD202492,CUST00090,2023-11-05,9012.96,Central,UPI/Wallet
ORD208533,CUST00530,2023-09-23,3686.41,North,Cash on Delivery
ORD203950,CUST00152,2023-01-10,4922.71,South,UPI/Wallet
ORD206043,CUST00288,2024-07-24,4780.2,West,Debit Card
ORD202312,CUST00082,2024-09-03,10755.85,West,Net Banking
ORD206485,CUST00317,2023-09-21,2168.96,South,UPI/Wallet
ORD203657,CUST00130,2024-05-02,7281.12,South,UPI/Wallet
ORD206112,CUST00293,2024-01-29,1980.24,North,Credit Card
ORD206158,CUST00295,2024-11-02,3091.61,South,UPI/Wallet
ORD211022,CUST00986,2024-05-28,830.83,East,Debit Card
ORD201828,CUST00065,2023-05-16,7957.09,South,UPI/Wallet
ORD207063,CUST00356,2023-09-09,3455.4,North,UPI/Wallet
ORD208467,CUST00522,2024-10-22,3430.34,East,Cash on Delivery
ORD207093,CUST00359,2023-12-09,4712.2,North,Credit Card
ORD207834,CUST00450,2024-03-24,904.93,North,Cash on Delivery
ORD204764,CUST00207,2023-09-20,5029.15,East,Net Banking
ORD204863,CUST00214,2023-01-25,2931.24,North,UPI/Wallet
ORD208491,CUST00525,2024-12-07,3809.52,South,Credit Card
ORD201515,CUST00054,2024-07-15,5399.02,East,Credit Card
ORD205594,CUST00259,2024-10-16,2480.07,North,Debit Card
ORD200400,CUST00014,2024-10-10,5818.46,West,Cash on Delivery
ORD202001,CUST00070,2024-11-28,9569.02,North,Cash on Delivery
ORD201190,CUST00042,2023-09-28,9745.31,South,UPI/Wallet
ORD209239,CUST00616,2024-01-06,2706.03,West,Cash on Delivery
ORD205864,CUST00276,2024-01-11,1809.35,Central,Debit Card
ORD204701,CUST00203,2024-01-20,3269.86,West,Cash on Delivery
ORD209409,CUST00640,2023-08-14,2154.27,North,Debit Card
ORD210252,CUST00760,2023-01-26,3011.03,Central,Debit Card
ORD208231,CUST00496,2024-04-03,1583.7,East,Debit Card
ORD207757,CUST00439,2023-09-27,3919.32,East,Credit Card
ORD200889,CUST00032,2024-01-09,8056.11,North,Debit Card
ORD209048,CUST00592,2024-09-24,2054.67,South,Credit Card
ORD209874,CUST00703,2023-06-11,2475.52,West,Credit Card
ORD205437,CUST00250,2023-07-19,5842.54,East,Debit Card
ORD203193,CUST00114,2024-06-03,6812.53,West,Cash on Delivery
ORD204529,CUST00191,2023-05-26,1421.84,West,UPI/Wallet
ORD210266,CUST00761,2023-05-07,1991.9,North,UPI/Wallet
ORD208437,CUST00519,2024-09-10,2738.2,South,Debit Card
ORD209516,CUST00654,2024-03-18,1125.92,South,Net Banking
ORD206064,CUST00290,2023-12-15,4838.41,Central,UPI/Wallet
ORD209996,CUST00720,2023-11-01,2203.4,Central,Credit Card
ORD207713,CUST00433,2024-01-29,3367.42,West,UPI/Wallet
ORD201079,CUST00038,2023-06-18,7425.78,West,Cash on Delivery
ORD202524,CUST00091,2023-12-23,3610.86,East,Credit Card
ORD206807,CUST00338,2023-01-22,1992.77,Central,Net Banking
ORD202268,CUST00081,2023-04-13,6706.26,West,Cash on Delivery
ORD201089,CUST00038,2024-01-19,4998.91,West,Debit Card
ORD206924,CUST00344,2024-05-16,5182.12,East,UPI/Wallet
ORD206382,CUST00310,2024-02-11,2097.09,West,UPI/Wallet
ORD201897,CUST00066,2024-11-14,5586.9,West,Credit Card
ORD210647,CUST00850,2024-06-01,1029.02,West,Credit Card
ORD208603,CUST00538,2023-03-20,2807.83,West,Credit Card
ORD206000,CUST00285,2024-01-18,3222.09,South,Credit Card
ORD201835,CUST00065,2023-07-26,-11942.2,South,Debit Card
ORD202882,CUST00103,2024-11-04,4569.14,Central,UPI/Wallet
ORD205166,CUST00233,2023-12-26,3048.45,North,Cash on Delivery
ORD206753,CUST00334,2023-07-04,1616.58,North,Cash on Delivery
ORD201919,CUST00067,2024-02-11,4634.56,Central,Net Banking
ORD211050,CUST00995,2024-03-14,1226.55,West,
ORD209759,CUST00687,2023-07-05,4016.64,West,Debit Card
ORD205879,CUST00277,2024-06-12,3485.48,Central,Credit Card
ORD206148,CUST00295,2024-01-03,2648.2,South,Cash on Delivery
ORD205055,CUST00225,2024-12-07,3789.2,North,Credit Card
ORD210389,CUST00779,2023-07-09,1694.78,Central,Credit Card
ORD203052,CUST00110,2023-10-31,6603.76,West,Credit Card
ORD210201,CUST00752,2023-07-12,3533.5,Central,Credit Card
ORD208168,CUST00488,2024-10-31,2377.47,East,
ORD202645,CUST00095,2024-05-02,10876.6,East,UPI/Wallet
ORD207776,CUST00442,2024-05-16,1641.02,South,Debit Card
ORD201740,CUST00062,2024-07-19,7991.73,West,Cash on Delivery
ORD207130,CUST00363,2024-07-10,2245.53,North,Credit Card
ORD207372,CUST00392,2024-01-04,3753.68,South,Credit Card
ORD209306,CUST00625,2024-05-25,1705.08,South,Net Banking
ORD207158,CUST00366,2024-08-01,1222.61,North,Debit Card
ORD208896,CUST00573,2023-09-16,1316.82,Central,UPI/Wallet
ORD201949,CUST00068,2024-02-03,8360.27,West,Cash on Delivery
ORD206310,CUST00305,2024-06-20,3447.56,North,Cash on Delivery
ORD200112,CUST00004,2024-04-24,9243.63,West,Debit Card
ORD203449,CUST00122,2024-10-10,-4627.04,East,Credit Card
ORD209160,CUST00607,2023-04-30,2216.42,Central,UPI/Wallet
ORD201445,CUST00052,2023-04-24,4943.58,South,Cash on Delivery
ORD202838,CUST00102,2024-04-29,8695.72,Central,UPI/Wallet
ORD205540,CUST00256,2024-09-11,5855.02,North,UPI/Wallet
ORD205905,CUST00279,2023-06-20,4435.69,West,Debit Card
ORD202704,CUST00097,2024-12-01,4111.77,North,Credit Card
ORD205382,CUST00246,2024-01-27,2360.56,East,Cash on Delivery
ORD201805,CUST00064,2023-12-25,4466.45,Central,UPI/Wallet
ORD205943,CUST00281,2024-03-11,2371.27,East,Debit Card
ORD209330,CUST00629,2023-08-19,2036.07,East,UPI/Wallet
ORD200525,CUST00019,2023-01-28,4646.9,North,Credit Card
ORD203617,CUST00129,2024-01-26,3318.41,Central,Credit Card
ORD200087,CUST00004,2023-01-20,10205.17,West,Debit Card
ORD205806,CUST00273,2024-05-07,6764.43,East,Debit Card
ORD201984,CUST00070,2023-01-31,4786.34,North,UPI/Wallet
ORD205300,CUST00241,2024-10-11,3835.04,South,UPI/Wallet
ORD203687,CUST00133,2023-05-31,7086.44,Central,UPI/Wallet
ORD208233,CUST00496,2024-11-02,1258.73,East,Debit Card
ORD206865,CUST00341,2024-06-09,2502.48,East,UPI/Wallet
ORD205842,CUST00275,2023-12-29,2986.51,East,UPI/Wallet
ORD201162,CUST00041,2023-11-01,2486.32,South,Credit Card
ORD201666,CUST00059,2024-09-19,6229.75,South,UPI/Wallet
ORD205875,CUST00277,2023-05-24,2232.13,Central,Cash on Delivery
ORD201541,CUST00055,2024-06-26,3367.96,East,Debit Card
ORD210419,CUST00784,2023-01-18,4824.53,North,Debit Card
ORD205264,CUST00240,2023-04-07,3104.41,West,Cash on Delivery
ORD206798,CUST00337,2024-02-05,4393.79,East,Debit Card
ORD200492,CUST00017,2024-12-19,4379.06,South,UPI/Wallet
ORD200974,CUST00034,2024-08-27,11351.55,East,Debit Card
ORD201797,CUST00064,2023-05-31,3868.75,Central,Net Banking
ORD210592,CUST00830,2024-05-26,856.61,North,Net Banking
ORD204687,CUST00202,2024-09-23,2845.44,West,Debit Card
ORD204671,CUST00202,2023-02-04,2018.89,West,Credit Card
ORD209587,CUST00663,2024-07-09,2784.41,South,
ORD202132,CUST00075,2023-06-28,-3107.74,South,Credit Card
ORD204324,CUST00176,2024-05-28,2273.86,North,UPI/Wallet
ORD209575,CUST00662,2023-05-19,4500.78,West,Credit Card
ORD208835,CUST00565,2024-08-24,2282.94,South,Credit Card
ORD207882,CUST00456,2024-02-22,650.55,Central,UPI/Wallet
ORD206936,CUST00345,2024-01-24,5507.0,North,UPI/Wallet
ORD201920,CUST00067,2024-02-17,5544.71,Central,Cash on Delivery
ORD207378,CUST00393,2023-06-28,2997.19,East,UPI/Wallet
ORD207331,CUST00388,2023-01-28,2142.43,West,UPI/Wallet
ORD207209,CUST00372,2024-10-19,632.87,Central,Debit Card
ORD200843,CUST00030,2023-07-19,6568.74,North,Credit Card
ORD201737,CUST00062,2024-05-19,8796.93,West,Debit Card
ORD201131,CUST00040,2023-05-13,6718.08,South,UPI/Wallet
ORD204851,CUST00213,2023-06-15,4585.96,South,Cash on Delivery
ORD201204,CUST00043,2023-01-02,7454.03,North,UPI/Wallet
ORD201202,CUST00042,2024-12-19,3579.72,South,Credit Card
ORD205462,CUST00251,2024-06-24,4870.76,South,Cash on Delivery
ORD201696,CUST00061,2023-06-19,3810.53,South,UPI/Wallet
ORD207029,CUST00352,2024-07-14,1935.36,West,Cash on Delivery
ORD207155,CUST00366,2023-10-10,1408.28,North,Net Banking
ORD210642,CUST00849,2024-04-23,608.41,West,Credit Card
ORD206046,CUST00289,2023-02-15,2331.28,West,Cash on Delivery
ORD201036,CUST00037,2023-02-19,6279.12,Central,UPI/Wallet
ORD208500,CUST00527,2023-03-07,2483.54,North,UPI/Wallet
ORD209871,CUST00702,2024-05-23,1740.82,South,Debit Card
ORD207560,CUST00415,2023-09-28,2442.62,West,Cash on Delivery
ORD210063,CUST00731,2023-10-20,2136.33,East,UPI/Wallet
ORD204506,CUST00189,2024-01-29,3107.33,Central,Cash on Delivery
ORD201660,CUST00059,2023-10-26,5591.37,South,Cash on Delivery
ORD201032,CUST00037,2023-01-31,2636.9,Central,Credit Card
ORD207260,CUST00379,2023-06-30,1699.51,South,Credit Card
ORD204983,CUST00221,2023-04-17,1818.52,South,Cash on Delivery
ORD210109,CUST00737,2023-11-23,2190.51,West,Debit Card
ORD205480,CUST00253,2023-06-26,4737.34,East,UPI/Wallet
ORD207924,CUST00461,2023-11-26,3311.22,West,UPI/Wallet
ORD205674,CUST00266,2023-02-11,5949.3,Central,Credit Card
ORD208376,CUST00512,2024-10-13,1210.11,South,Cash on Delivery
ORD202166,CUST00076,2024-07-14,7307.5,South,Debit Card
ORD208887,CUST00572,2023-04-07,3631.17,South,UPI/Wallet
ORD203142,CUST00113,2023-08-04,2554.77,Central,Credit Card
ORD208577,CUST00535,2024-10-26,2197.45,North,Credit Card
ORD209818,CUST00696,2024-02-28,849.79,North,Debit Card
ORD203955,CUST00152,2024-03-31,3762.29,South,
ORD206698,CUST00331,2023-05-14,-3008.33,West,Debit Card
ORD203007,CUST00108,2024-07-05,3136.7,East,Debit Card
ORD202136,CUST00075,2023-09-13,4703.41,South,Credit Card
ORD201327,CUST00047,2023-03-18,6589.62,South,Credit Card
ORD209287,CUST00622,2023-12-25,3560.91,West,UPI/Wallet
ORD204673,CUST00202,2023-07-02,3104.01,West,Debit Card
ORD206758,CUST00334,2023-11-07,3408.46,North,Cash on Delivery
ORD210503,CUST00800,2024-02-15,1108.6,West,Credit Card
ORD201189,CUST00042,2023-07-23,8229.92,South,Cash on Delivery
ORD204808,CUST00210,2024-05-09,3588.87,Central,Cash on Delivery
ORD209853,CUST00700,2023-12-11,4111.95,Central,UPI/Wallet
ORD206595,CUST00323,2024-05-27,2118.13,South,Debit Card
ORD209802,CUST00694,2023-04-13,2461.95,Central,UPI/Wallet
ORD205346,CUST00244,2024-11-24,3079.55,West,UPI/Wallet
ORD210627,CUST00845,2023-08-21,1898.34,South,Debit Card
ORD207929,CUST00461,2024-10-07,1992.31,West,Debit Card
ORD204549,CUST00192,2024-02-22,3552.25,East,UPI/Wallet
ORD204484,CUST00187,2024-12-02,2555.28,Central,UPI/Wallet
ORD207881,CUST00456,2024-02-21,2400.15,Central,Debit Card
ORD202789,CUST00100,2024-06-29,7751.81,North,Debit Card
ORD206900,CUST00343,2023-08-23,5806.67,East,Net Banking
ORD210249,CUST00759,2024-01-09,3886.97,West,Credit Card
ORD203268,CUST00117,2023-05-17,4979.33,South,Credit Card
ORD201235,CUST00044,2023-07-25,6947.29,East,Debit Card
ORD209189,CUST00610,2024-02-01,1286.63,South,Cash on Delivery
ORD209997,CUST00720,2023-12-07,2584.68,Central,Cash on Delivery
ORD200030,CUST00001,2024-07-20,4378.88,North,Credit Card
ORD203484,CUST00124,2024-02-22,8279.67,East,UPI/Wallet
ORD206333,CUST00307,2023-07-09,4217.97,North,Debit Card
ORD200473,CUST00017,2023-09-21,5240.18,South,UPI/Wallet
ORD200024,CUST00001,2024-03-12,3797.26,North,Debit Card
ORD201238,CUST00044,2023-10-20,8665.51,East,Debit Card
ORD209819,CUST00696,2024-03-08,1564.92,North,Credit Card
ORD201426,CUST00051,2023-06-17,7651.73,East,Credit Card
ORD200995,CUST00035,2023-12-22,7283.32,North,Debit Card
ORD205317,CUST00242,2024-07-10,4590.97,East,Credit Card
ORD204243,CUST00171,2024-11-23,3680.09,Central,UPI/Wallet
ORD206971,CUST00348,2023-02-19,1646.14,West,Debit Card
ORD208594,CUST00537,2023-09-28,1209.77,East,Debit Card
ORD209282,CUST00622,2023-02-18,2894.24,West,UPI/Wallet
ORD202864,CUST00103,2023-12-17,4185.61,Central,UPI/Wallet
ORD202974,CUST00107,2024-03-03,4723.49,East,Net Banking
ORD202040,CUST00072,2024-01-22,9415.39,Central,Credit Card
ORD203939,CUST00151,2023-04-21,5094.52,North,Debit Card
ORD204710,CUST00203,2024-10-25,4045.08,West,Debit Card
ORD209647,CUST00672,2023-07-19,5440.53,South,Net Banking
ORD200445,CUST00016,2023-11-22,8268.74,East,Cash on Delivery
ORD200696,CUST00025,2024-05-17,4815.69,North,Debit Card
ORD208796,CUST00561,2023-10-22,3193.03,East,Net Banking
ORD203917,CUST00149,2023-09-25,5108.37,West,Cash on Delivery
ORD211018,CUST00985,2023-01-07,1147.61,East,Cash on Delivery
ORD203178,CUST00114,2023-04-19,9265.68,West,Credit Card
ORD200964,CUST00034,2024-02-22,5057.9,East,Credit Card
ORD201352,CUST00048,2023-05-03,4232.76,South,Credit Card
ORD209763,CUST00687,2024-03-05,2610.56,West,Credit Card
ORD209797,CUST00693,2023-05-30,1131.1,East,Credit Card
ORD205110,CUST00229,2024-04-21,6498.99,North,Net Banking
ORD209510,CUST00653,2024-07-16,2639.57,Central,Credit Card
ORD210699,CUST00869,2024-01-28,1310.79,South,UPI/Wallet
ORD203826,CUST00142,2024-03-21,4657.11,North,Credit Card
ORD210137,CUST00741,2023-02-02,2468.49,East,Cash on Delivery
ORD208543,CUST00531,2024-04-22,2106.32,East,Credit Card
ORD207318,CUST00385,2024-08-25,3037.03,Central,UPI/Wallet
ORD205141,CUST00231,2023-10-17,4423.23,Central,Credit Card
ORD207107,CUST00361,2024-08-13,1006.94,North,Cash on Delivery
ORD209879,CUST00703,2024-04-12,2530.59,West,Net Banking
ORD203342,CUST00119,2024-10-18,8535.59,West,Debit Card
ORD205689,CUST00267,2023-02-22,3836.36,Central,Cash on Delivery
ORD207874,CUST00455,2023-09-22,2483.95,North,Credit Card
ORD208553,CUST00533,2023-10-15,4498.15,East,Debit Card
ORD202378,CUST00085,2023-12-25,5709.05,South,UPI/Wallet
ORD200121,CUST00004,2024-12-24,7142.16,West,Debit Card
ORD207774,CUST00442,2023-06-25,3052.64,South,Cash on Delivery
ORD204898,CUST00215,2024-09-28,2933.24,Central,Net Banking
ORD207905,CUST00459,2023-11-04,2633.96,West,Debit Card
ORD201644,CUST00058,2024-12-16,2712.11,South,UPI/Wallet
ORD207621,CUST00422,2023-09-22,2134.57,Central,Cash on Delivery
ORD209007,CUST00587,2023-10-08,2448.03,Central,UPI/Wallet
ORD204623,CUST00198,2023-11-20,3320.19,South,Net Banking
ORD204133,CUST00164,2024-02-20,2563.39,East,Cash on Delivery
ORD204497,CUST00188,2024-05-02,3759.4,East,Cash on Delivery
ORD209781,CUST00690,2023-11-30,2544.6,Central,Credit Card
ORD200497,CUST00018,2023-04-30,7205.02,East,Credit Card
ORD201883,CUST00066,2024-02-17,4984.5,West,Credit Card
ORD206401,CUST00312,2023-05-28,1840.48,West,Cash on Delivery
ORD203811,CUST00141,2024-01-13,3328.75,Central,Credit Card
ORD203263,CUST00117,2023-02-15,4859.64,South,Credit Card
ORD204646,CUST00200,2023-06-12,3894.93,West,Credit Card
ORD209551,CUST00659,2023-11-23,3891.09,South,Credit Card
ORD205723,CUST00268,2024-06-07,3767.01,West,Cash on Delivery
ORD208222,CUST00494,2024-12-12,1378.04,North,Cash on Delivery
ORD200567,CUST00020,2024-05-23,4882.07,South,UPI/Wallet
ORD207923,CUST00461,2023-11-26,2622.35,West,Cash on Delivery
ORD208224,CUST00495,2023-08-21,1564.67,Central,UPI/Wallet
ORD201999,CUST00070,2024-09-04,9976.28,North,UPI/Wallet
ORD207262,CUST00379,2024-02-08,3356.61,South,UPI/Wallet
ORD206006,CUST00286,2023-01-13,3365.47,East,Credit Card
ORD201065,CUST00037,2024-10-11,2990.62,Central,Credit Card
ORD204113,CUST00163,2023-05-12,2050.04,Central,Debit Card
ORD201806,CUST00064,2023-12-26,3262.08,Central,Credit Card
ORD200684,CUST00025,2023-06-17,4142.91,North,Debit Card
ORD202740,CUST00099,2023-07-30,8181.32,East,Net Banking
ORD202476,CUST00089,2024-11-29,7071.21,Central,UPI/Wallet
ORD206836,CUST00340,2023-04-14,3298.75,South,Cash on Delivery
ORD205403,CUST00248,2023-08-26,4165.12,South,Net Banking
ORD202584,CUST00093,2023-10-29,7081.08,East,Cash on Delivery
ORD203392,CUST00121,2023-09-22,2632.67,South,UPI/Wallet
ORD207418,CUST00399,2024-09-05,1201.11,North,UPI/Wallet
ORD206840,CUST00340,2023-10-10,4384.73,South,Credit Card
ORD210896,CUST00939,2023-11-03,1319.4,West,Debit Card
ORD201259,CUST00044,2024-10-11,7217.09,East,UPI/Wallet
ORD205147,CUST00231,2024-05-09,4451.95,Central,Debit Card
ORD202626,CUST00094,2024-12-01,5454.7,Central,Credit Card
ORD203964,CUST00153,2023-06-02,3099.13,West,Cash on Delivery
ORD207387,CUST00394,2024-09-23,1282.7,East,Credit Card
ORD209807,CUST00694,2024-06-06,3379.18,Central,Debit Card
ORD209919,CUST00709,2024-03-04,4378.3,East,Credit Card
ORD200360,CUST00013,2024-05-17,4486.19,North,UPI/Wallet
ORD208361,CUST00511,2023-03-04,1137.98,South,Cash on Delivery
ORD204835,CUST00212,2023-10-18,4969.35,Central,Cash on Delivery
ORD202422,CUST00087,2024-02-06,6385.44,North,Debit Card
ORD209588,CUST00664,2023-03-12,2891.1,North,Credit Card
ORD207722,CUST00434,2024-03-01,677.61,West,UPI/Wallet
ORD209644,CUST00672,2023-06-02,4170.62,South,UPI/Wallet
ORD207976,CUST00466,2024-01-01,2393.32,West,Net Banking
ORD202612,CUST00094,2023-09-19,-3926.09,Central,UPI/Wallet
ORD204872,CUST00214,2023-12-30,2287.65,North,Net Banking
ORD208077,CUST00477,2024-11-27,1220.23,Central,Credit Card
ORD209624,CUST00668,2024-03-07,2834.6,North,UPI/Wallet
ORD208601,CUST00538,2023-01-23,3181.18,West,Debit Card
ORD203883,CUST00146,2024-04-24,2939.59,East,Net Banking
ORD202046,CUST00072,2024-06-28,11535.77,Central,Net Banking
ORD204483,CUST00187,2024-11-19,2096.74,Central,Debit Card
ORD207203,CUST00372,2023-02-24,1129.3,Central,Debit Card
ORD209164,CUST00607,2023-09-25,2154.9,Central,UPI/Wallet
ORD210368,CUST00776,2023-10-28,2096.13,Central,Cash on Delivery
ORD204941,CUST00218,2024-03-22,2434.77,Central,Debit Card
ORD204095,CUST00161,2024-12-17,2119.08,South,Cash on Delivery
ORD208888,CUST00572,2023-07-16,3369.27,South,Credit Card
ORD203231,CUST00115,2024-12-08,4139.39,West,UPI/Wallet
ORD205519,CUST00255,2023-11-07,1963.57,East,Debit Card
ORD202749,CUST00099,2023-11-21,10159.43,East,UPI/Wallet
ORD200376,CUST00014,2023-07-09,4913.61,West,Debit Card
ORD200751,CUST00027,2023-04-11,5738.24,Central,Credit Card
ORD202921,CUST00105,2024-03-11,4069.31,South,Debit Card
ORD203981,CUST00154,2023-04-03,4258.61,East,Credit Card
ORD210147,CUST00742,2024-01-14,4635.1,Central,Cash on Delivery
ORD205932,CUST00280,2024-11-03,4266.02,East,Credit Card
ORD201857,CUST00065,2024-08-11,9605.79,South,Credit Card
ORD202293,CUST00082,2023-12-16,7622.38,West,Debit Card
ORD203238,CUST00116,2023-02-27,9240.64,South,Credit Card
ORD201584,CUST00057,2024-02-16,6424.97,South,Cash on Delivery
ORD202748,CUST00099,2023-10-21,7821.7,East,Cash on Delivery
ORD210028,CUST00725,2024-03-29,2731.76,East,Net Banking
ORD209099,CUST00599,2023-12-24,4359.23,East,UPI/Wallet
ORD210942,CUST00955,2023-08-14,1616.78,West,Cash on Delivery
ORD201006,CUST00035,2024-08-13,6713.98,North,Debit Card
ORD204953,CUST00219,2023-08-31,4964.74,South,Credit Card
ORD203632,CUST00129,2024-12-09,5800.19,Central,Credit Card
ORD206588,CUST00323,2023-09-26,2814.17,South,Credit Card
ORD210633,CUST00847,2023-04-15,357.68,South,Credit Card
ORD210711,CUST00873,2023-02-16,1337.13,West,Credit Card
ORD207421,CUST00400,2023-05-20,1724.37,West,Debit Card
ORD200921,CUST00033,2023-11-27,3478.92,East,UPI/Wallet
ORD208382,CUST00513,2023-10-03,4480.66,South,Net Banking
ORD206871,CUST00342,2023-05-13,5129.69,East,Cash on Delivery
ORD202869,CUST00103,2024-01-12,5344.72,Central,Credit Card
ORD210250,CUST00759,2024-01-11,5555.74,West,Credit Card
ORD205068,CUST00226,2024-05-22,4869.35,West,Cash on Delivery
ORD205869,CUST00276,2024-06-07,3039.92,Central,Credit Card
ORD209055,CUST00593,2023-08-14,4460.91,North,UPI/Wallet
ORD203858,CUST00144,2024-11-13,2693.97,North,Debit Card
ORD201985,CUST00070,2023-02-16,5820.28,North,UPI/Wallet
ORD206688,CUST00330,2024-02-28,3849.68,South,Cash on Delivery
ORD200830,CUST00030,2023-01-30,6153.68,North,UPI/Wallet
ORD209812,CUST00695,2023-10-12,1858.83,North,Credit Card
ORD206593,CUST00323,2024-01-25,2714.44,South,UPI/Wallet
ORD205065,CUST00226,2024-03-06,4785.81,West,UPI/Wallet
ORD203635,CUST00130,2023-01-10,7168.17,South,UPI/Wallet
ORD207735,CUST00436,2023-10-11,2242.52,Central,Credit Card
ORD205468,CUST00252,2023-12-22,-3485.19,South,UPI/Wallet
ORD205759,CUST00271,2023-02-10,2784.93,East,Credit Card
ORD208911,CUST00575,2023-04-27,3843.28,South,Cash on Delivery
ORD200246,CUST00009,2024-01-28,3028.0,North,Credit Card
ORD206842,CUST00340,2023-11-16,4502.5,South,Credit Card
ORD208394,CUST00514,2024-03-08,3634.45,East,Credit Card
ORD200456,CUST00016,2024-08-03,6880.76,East,Credit Card
ORD200117,CUST00004,2024-10-04,6662.13,West,Cash on Delivery
ORD201249,CUST00044,2024-04-18,4226.47,East,Net Banking
ORD208309,CUST00505,2023-07-26,2154.6,North,Cash on Delivery
ORD207550,CUST00414,2023-09-28,2557.24,South,Debit Card
ORD209672,CUST00675,2024-01-01,2448.7,East,Debit Card
ORD206995,CUST00349,2024-04-01,2425.95,South,Debit Card
ORD204828,CUST00212,2023-02-06,3965.13,Central,Credit Card
ORD200219,CUST00008,2023-07-10,5520.36,West,Cash on Delivery
ORD203957,CUST00152,2024-05-17,4874.21,South,Credit Card
ORD206221,CUST00300,2023-08-12,1682.69,South,UPI/Wallet
ORD207254,CUST00378,2023-04-08,-1739.64,North,UPI/Wallet
ORD207296,CUST00382,2024-06-14,2878.83,West,Cash on Delivery
ORD208398,CUST00515,2023-08-10,2184.91,Central,UPI/Wallet
ORD201077,CUST00038,2023-05-12,7631.47,West,Debit Card
ORD208288,CUST00502,2024-11-17,2424.04,South,Cash on Delivery
ORD208900,CUST00574,2023-05-23,3363.45,Central,UPI/Wallet
ORD203008,CUST00108,2024-07-09,8434.57,East,Credit Card
ORD207165,CUST00367,2024-03-29,1986.17,North,UPI/Wallet
ORD209762,CUST00687,2024-02-23,3511.22,West,UPI/Wallet
ORD205233,CUST00238,2023-10-11,4076.82,Central,Credit Card
ORD203084,CUST00111,2024-04-25,11006.23,South,Credit Card
ORD202610,CUST00094,2023-08-05,2111.8,Central,Credit Card
ORD209630,CUST00669,2024-01-21,4597.64,West,Net Banking
ORD210295,CUST00766,2023-04-09,875.57,South,Credit Card
ORD209636,CUST00670,2024-02-11,3802.87,East,UPI/Wallet
ORD205580,CUST00258,2024-11-21,5873.96,East,Cash on Delivery
ORD206947,CUST00346,2023-06-29,5162.15,East,Cash on Delivery
ORD207733,CUST00436,2023-08-12,2307.21,Central,Debit Card
ORD205534,CUST00256,2023-11-07,4398.86,North,UPI/Wallet
ORD206111,CUST00293,2024-01-18,994.95,North,Debit Card
ORD202349,CUST00084,2023-08-26,5337.8,North,Net Banking
ORD206530,CUST00319,2024-07-15,4225.47,South,Cash on Delivery
ORD201229,CUST00044,2023-02-25,7808.41,East,Debit Card
ORD210314,CUST00769,2023-09-27,4305.5,East,Net Banking
ORD202264,CUST00080,2024-12-21,5555.59,North,UPI/Wallet
ORD206029,CUST00287,2024-03-15,2597.8,West,Cash on Delivery
ORD208193,CUST00491,2024-09-05,2419.0,North,Net Banking
ORD203343,CUST00119,2024-11-28,7085.26,West,UPI/Wallet
ORD202284,CUST00082,2023-02-14,8422.7,West,Cash on Delivery
ORD204781,CUST00208,2023-12-02,4512.28,South,UPI/Wallet
ORD202756,CUST00099,2024-04-23,10085.39,East,UPI/Wallet
ORD201013,CUST00036,2023-04-28,3474.6,East,Credit Card
ORD209003,CUST00586,2024-11-01,1412.73,East,Debit Card
ORD206855,CUST00340,2024-11-13,3775.24,South,Net Banking
ORD208992,CUST00585,2024-02-22,2793.08,Central,UPI/Wallet
ORD207293,CUST00382,2024-01-12,3615.01,West,Debit Card
ORD211017,CUST00984,2024-01-18,1134.49,West,Debit Card
ORD202552,CUST00092,2023-03-25,7035.54,South,Cash on Delivery
ORD209470,CUST00647,2024-06-09,3316.21,North,UPI/Wallet
ORD201347,CUST00047,2024-12-04,4172.62,South,Credit Card
ORD201866,CUST00066,2023-01-16,4125.05,West,Credit Card
ORD206591,CUST00323,2023-11-05,4000.6,South,Cash on Delivery
ORD206441,CUST00314,2024-04-10,3220.87,East,UPI/Wallet
ORD202365,CUST00084,2024-12-10,6325.99,North,Credit Card
ORD200772,CUST00027,2024-06-30,7567.51,Central,Cash on Delivery
ORD207047,CUST00354,2023-12-16,2405.1,Central,Cash on Delivery
ORD205432,CUST00250,2023-05-31,3879.99,East,UPI/Wallet
ORD204585,CUST00195,2024-12-07,974.61,West,Credit Card
ORD201350,CUST00048,2023-04-07,4334.29,South,Credit Card
ORD201731,CUST00062,2023-12-24,9374.32,West,UPI/Wallet
ORD207953,CUST00464,2024-05-25,2125.04,West,Cash on Delivery
ORD202096,CUST00074,2023-04-26,5587.17,East,Debit Card
ORD209948,CUST00713,2024-01-19,1144.56,South,UPI/Wallet
ORD209094,CUST00599,2023-04-02,2616.91,East,Cash on Delivery
ORD210216,CUST00755,2023-04-13,3932.01,West,Credit Card
ORD209514,CUST00654,2023-08-11,1882.94,South,Cash on Delivery
ORD206211,CUST00299,2023-08-18,4438.66,Central,Debit Card
ORD204776,CUST00208,2023-07-11,4370.46,South,Debit Card
ORD205873,CUST00277,2023-02-02,2425.78,Central,Cash on Delivery
ORD207187,CUST00370,2024-06-01,3159.17,South,Credit Card
ORD202642,CUST00095,2024-01-09,6923.49,East,UPI/Wallet
ORD204318,CUST00176,2023-08-07,3047.93,North,Cash on Delivery
ORD208032,CUST00472,2024-01-21,2415.63,North,Credit Card
ORD209186,CUST00609,2024-10-28,2607.44,Central,Debit Card
ORD202084,CUST00073,2024-06-23,4534.63,West,Debit Card
ORD206494,CUST00317,2024-09-22,2869.83,South,Debit Card
ORD208743,CUST00555,2023-09-04,2014.58,Central,UPI/Wallet
ORD204514,CUST00190,2023-05-14,2663.35,East,Credit Card
ORD201682,CUST00060,2023-12-15,3289.27,Central,Debit Card
ORD208237,CUST00497,2023-04-30,3116.58,West,Credit Card
ORD204452,CUST00186,2023-01-08,4391.7,West,Debit Card
ORD200811,CUST00029,2023-08-25,2844.96,North,Net Banking
ORD207648,CUST00425,2023-12-30,2770.16,South,Credit Card
ORD207847,CUST00452,2024-02-09,2608.95,Central,UPI/Wallet
ORD207151,CUST00366,2023-01-31,1919.99,North,Cash on Delivery
ORD210573,CUST00824,2023-08-09,1077.17,East,Credit Card
ORD208986,CUST00584,2024-03-25,1968.03,North,UPI/Wallet
ORD208078,CUST00478,2023-04-12,2773.65,West,Credit Card
ORD204275,CUST00173,2024-01-14,4846.14,South,Cash on Delivery
ORD201009,CUST00035,2024-11-06,4886.2,North,UPI/Wallet
ORD201554,CUST00056,2023-10-24,6800.91,West,Credit Card
ORD207479,CUST00406,2024-05-10,2620.27,North,Cash on Delivery
ORD207223,CUST00374,2024-09-21,3387.44,East,Cash on Delivery
ORD203496,CUST00125,2023-01-12,12746.8,South,UPI/Wallet
ORD201227,CUST00044,2023-02-04,5884.36,East,Cash on Delivery
ORD208774,CUST00558,2024-02-05,1211.88,East,Debit Card
ORD210698,CUST00869,2023-07-20,1486.98,South,Credit Card
ORD204348,CUST00178,2023-12-27,5810.19,West,UPI/Wallet
ORD207579,CUST00417,2024-11-06,1682.72,East,UPI/Wallet
ORD209572,CUST00661,2024-04-22,2124.05,East,UPI/Wallet
ORD206339,CUST00307,2024-02-16,-3318.07,North,Debit Card
ORD208711,CUST00550,2023-10-26,2430.34,North,Debit Card
ORD209878,CUST00703,2024-03-09,3689.52,West,Cash on Delivery
ORD206322,CUST00306,2023-11-16,2784.02,West,UPI/Wallet
ORD201562,CUST00056,2024-09-15,4127.11,West,Debit Card
ORD209934,CUST00712,2023-03-29,3509.06,Central,Debit Card
ORD206246,CUST00301,2024-01-13,3836.4,Central,Credit Card
ORD200033,CUST00001,2024-08-15,4213.15,North,Credit Card
ORD210923,CUST00949,2023-10-24,815.09,East,Debit Card
ORD206831,CUST00339,2024-07-02,3368.75,North,UPI/Wallet
ORD205958,CUST00283,2023-07-26,3807.9,West,UPI/Wallet
ORD210019,CUST00724,2023-03-06,3624.99,East,Cash on Delivery
ORD200560,CUST00020,2023-11-17,7623.19,South,UPI/Wallet
ORD210142,CUST00741,2024-04-14,2034.25,East,Credit Card
ORD210904,CUST00942,2024-01-22,534.0,West,UPI/Wallet
ORD201631,CUST00058,2024-04-13,4127.63,South,Cash on Delivery
ORD209196,CUST00611,2023-01-17,3573.48,East,Net Banking
ORD209873,CUST00703,2023-05-15,3556.02,West,Cash on Delivery
ORD206439,CUST00314,2024-02-21,3253.25,East,Cash on Delivery
ORD202875,CUST00103,2024-05-01,4811.58,Central,Net Banking
ORD201524,CUST00054,2024-12-30,6292.88,East,Debit Card
ORD206910,CUST00343,2024-09-11,4502.26,East,UPI/Wallet
ORD200265,CUST00010,2023-09-22,5767.38,North,UPI/Wallet
ORD208377,CUST00513,2023-01-07,3898.54,South,Debit Card
ORD209104,CUST00600,2023-05-12,1319.78,Central,Credit Card
ORD206033,CUST00287,2024-06-29,2871.14,West,Debit Card
ORD209424,CUST00641,2023-12-01,6061.14,East,Debit Card
ORD200704,CUST00025,2024-10-11,6967.85,North,Net Banking
ORD200919,CUST00033,2023-11-22,7281.64,East,UPI/Wallet
ORD205728,CUST00268,2024-12-16,3002.16,West,Credit Card
ORD201633,CUST00058,2024-06-14,5031.53,South,Credit Card
ORD207778,CUST00442,2024-08-23,2497.28,South,Debit Card
ORD201575,CUST00057,2023-08-20,7087.32,South,Credit Card
ORD209610,CUST00667,2023-07-30,2159.82,Central,UPI/Wallet
ORD206508,CUST00318,2024-06-14,2900.87,South,Cash on Delivery
ORD206731,CUST00333,2023-03-13,2964.8,East,Credit Card
ORD203441,CUST00122,2024-04-23,3682.16,East,Debit Card
ORD202464,CUST00089,2024-01-08,8776.1,Central,Net Banking
ORD206206,CUST00298,2024-06-29,1553.12,South,Debit Card
ORD204049,CUST00158,2024-05-14,4310.46,North,Debit Card
ORD204105,CUST00162,2024-08-21,2495.45,West,Debit Card
ORD211042,CUST00993,2024-03-29,1530.84,South,Debit Card
ORD203271,CUST00117,2023-09-15,6006.81,South,Debit Card
ORD203264,CUST00117,2023-03-02,5479.36,South,Credit Card
ORD207452,CUST00403,2023-10-20,936.47,North,Credit Card
ORD207814,CUST00447,2024-05-13,2638.77,North,Credit Card
ORD204499,CUST00188,2024-09-24,4233.88,East,UPI/Wallet
ORD206941,CUST00345,2024-09-13,2543.76,North,Credit Card
ORD207601,CUST00420,2023-12-17,1427.63,North,UPI/Wallet
ORD201239,CUST00044,2023-11-30,5888.38,East,Credit Card
ORD210027,CUST00725,2023-10-10,3012.52,East,Credit Card
ORD202734,CUST00099,2023-04-10,5630.72,East,Credit Card
ORD205296,CUST00241,2024-04-25,3487.35,South,Debit Card
ORD208034,CUST00472,2024-10-08,3977.98,North,UPI/Wallet
ORD210677,CUST00861,2024-03-20,1827.72,North,UPI/Wallet
ORD206355,CUST00308,2024-06-23,3613.06,South,Cash on Delivery
ORD202313,CUST00082,2024-09-21,11759.36,West,Credit Card
ORD202702,CUST00097,2024-08-16,5083.01,North,UPI/Wallet
ORD209254,CUST00618,2023-09-01,3639.5,East,Credit Card
ORD201355,CUST00048,2023-07-24,3602.92,South,UPI/Wallet
ORD205330,CUST00243,2024-08-16,5258.22,West,Debit Card
ORD202536,CUST00091,2024-07-27,5884.42,East,UPI/Wallet
ORD204101,CUST00162,2024-03-03,2106.31,West,UPI/Wallet
ORD203228,CUST00115,2024-10-31,3219.12,West,Credit Card
ORD209486,CUST00650,2023-07-06,1923.85,North,UPI/Wallet
ORD204779,CUST00208,2023-10-16,4773.44,South,Debit Card
ORD207306,CUST00383,2024-10-28,2797.06,North,UPI/Wallet
ORD201938,CUST00067,2024-11-23,6647.42,Central,Credit Card
ORD209217,CUST00613,2024-01-14,2953.77,East,Cash on Delivery
ORD200015,CUST00001,2023-11-23,3317.89,North,Debit Card
ORD200638,CUST00023,2024-05-29,5764.72,South,Debit Card
ORD206101,CUST00293,2023-02-01,2267.2,North,Debit Card
ORD201983,CUST00069,2024-12-15,6996.48,Central,Cash on Delivery
ORD200548,CUST00019,2024-12-04,5151.13,North,Net Banking
ORD209620,CUST00668,2023-05-22,4957.6,North,UPI/Wallet
ORD203524,CUST00126,2023-06-01,6111.19,East,UPI/Wallet
ORD201972,CUST00069,2024-02-05,9305.93,Central,Net Banking
ORD209076,CUST00596,2024-06-06,1420.26,North,Cash on Delivery
ORD200162,CUST00006,2023-10-05,7590.73,North,UPI/Wallet
ORD207526,CUST00412,2023-07-15,1084.57,North,Debit Card
ORD207706,CUST00432,2024-03-14,3417.89,East,Debit Card
ORD200100,CUST00004,2023-09-10,7904.75,West,UPI/Wallet
ORD208305,CUST00504,2024-08-22,1146.1,West,Cash on Delivery
ORD207173,CUST00368,2023-10-08,1911.25,Central,Credit Card
ORD202090,CUST00073,2024-11-04,2945.82,West,Credit Card
ORD205483,CUST00253,2023-08-01,3803.43,East,UPI/Wallet
ORD204945,CUST00218,2024-11-19,2531.9,Central,UPI/Wallet
ORD205200,CUST00236,2023-02-11,3673.3,North,Debit Card
ORD200004,CUST00001,2023-04-03,2925.95,North,Credit Card
ORD200691,CUST00025,2023-11-27,3828.82,North,UPI/Wallet
ORD206297,CUST00304,2023-10-06,4739.17,South,Cash on Delivery
ORD208339,CUST00508,2024-12-08,1809.76,Central,Cash on Delivery
ORD201776,CUST00063,2024-05-26,5789.64,South,Credit Card
ORD209307,CUST00625,2024-07-20,1008.3,South,Cash on Delivery
ORD201610,CUST00058,2023-03-30,4792.71,South,Credit Card
ORD209556,CUST00660,2023-01-10,2847.38,Central,
ORD201560,CUST00056,2024-07-31,5849.54,West,Cash on Delivery
ORD210984,CUST00973,2024-03-31,1219.92,West,UPI/Wallet
ORD204662,CUST00201,2023-05-25,3940.07,Central,Cash on Delivery
ORD204826,CUST00211,2024-10-14,3597.49,West,Debit Card
ORD206146,CUST00295,2023-08-29,2032.71,South,UPI/Wallet
ORD209999,CUST00720,2024-04-27,2833.55,Central,Debit Card
ORD208836,CUST00565,2024-11-11,1619.11,South,Credit Card
ORD208841,CUST00566,2024-03-30,4027.22,West,Debit Card
ORD205057,CUST00226,2023-08-22,3274.02,West,Cash on Delivery
ORD202773,CUST00100,2023-05-22,8321.91,North,UPI/Wallet
ORD210477,CUST00793,2023-10-01,1712.2,Central,Debit Card
ORD204117,CUST00163,2024-01-05,2381.84,Central,Net Banking
ORD202027,CUST00072,2023-06-27,5337.19,Central,Credit Card
ORD204541,CUST00191,2024-09-26,2014.53,West,UPI/Wallet
ORD210717,CUST00874,2024-02-27,1037.23,West,Credit Card
ORD208589,CUST00537,2023-01-31,1389.82,East,UPI/Wallet
ORD210648,CUST00851,2023-11-22,649.46,South,Debit Card
ORD202595,CUST00093,2024-09-26,9512.45,East,UPI/Wallet
ORD201523,CUST00054,2024-12-25,1923.15,East,Cash on Delivery
ORD205647,CUST00263,2024-11-04,2417.35,West,UPI/Wallet
ORD202582,CUST00093,2023-09-30,6146.54,East,Credit Card
ORD205433,CUST00250,2023-06-18,6716.6,East,Net Banking
ORD209041,CUST00592,2023-03-14,1067.22,South,Credit Card
ORD203966,CUST00153,2023-12-13,2487.53,West,UPI/Wallet
ORD210817,CUST00911,2023-10-13,1792.24,East,UPI/Wallet
ORD207177,CUST00369,2023-01-19,1333.42,North,Debit Card
ORD210289,CUST00765,2023-05-08,657.67,South,UPI/Wallet
ORD206547,CUST00320,2024-12-06,3285.67,West,Credit Card
ORD201114,CUST00039,2023-10-29,6976.63,East,UPI/Wallet
ORD208320,CUST00506,2024-05-22,3050.63,North,Debit Card
ORD200276,CUST00010,2024-06-28,3677.6,North,Net Banking
ORD209829,CUST00698,2023-01-23,3988.6,East,Debit Card
ORD204597,CUST00196,2024-08-21,6791.41,Central,Credit Card
ORD206739,CUST00333,2024-02-13,4166.28,East,Cash on Delivery
ORD204892,CUST00215,2024-06-15,4206.61,Central,Debit Card
ORD202198,CUST00078,2023-08-26,4041.93,South,Debit Card
ORD207552,CUST00414,2024-03-01,3586.38,South,UPI/Wallet
ORD206663,CUST00328,2023-06-24,3729.55,South,UPI/Wallet
ORD203758,CUST00137,2024-05-07,1684.18,West,UPI/Wallet
ORD200012,CUST00001,2023-08-28,2905.8,North,UPI/Wallet
ORD200891,CUST00032,2024-02-05,651.3,North,Cash on Delivery
ORD210417,CUST00783,2024-01-15,2034.76,South,UPI/Wallet
ORD203876,CUST00146,2023-04-04,3733.24,East,Debit Card
ORD201107,CUST00039,2023-04-13,7603.85,East,UPI/Wallet
ORD200679,CUST00025,2023-05-22,5837.35,North,Cash on Delivery
ORD208645,CUST00542,2024-06-03,-1185.16,North,Debit Card
ORD200440,CUST00016,2023-09-12,9953.19,East,Credit Card
ORD210021,CUST00724,2023-11-07,4019.45,East,UPI/Wallet
ORD201209,CUST00043,2023-04-11,7649.2,North,Credit Card
ORD205507,CUST00254,2024-07-27,4612.67,West,Debit Card
ORD206231,CUST00300,2024-07-25,-1850.1,South,Credit Card
ORD200242,CUST00009,2023-10-13,3896.48,North,UPI/Wallet
ORD210234,CUST00757,2024-04-23,3857.92,North,Cash on Delivery
ORD207202,CUST00372,2023-01-23,1394.56,Central,Debit Card
ORD201203,CUST00042,2024-12-30,7247.59,South,Credit Card
ORD206407,CUST00312,2024-01-31,2420.87,West,Credit Card
ORD205258,CUST00239,2024-08-22,2947.71,North,Credit Card
ORD204655,CUST00200,2024-11-06,1387.27,West,UPI/Wallet
ORD208962,CUST00581,2024-11-08,2115.24,Central,Credit Card
ORD201831,CUST00065,2023-06-06,8666.71,South,Cash on Delivery
ORD210392,CUST00779,2024-03-21,3133.78,Central,UPI/Wallet
ORD207549,CUST00414,2023-07-14,3962.16,South,Credit Card
ORD202574,CUST00092,2024-12-18,9184.95,South,Net Banking
ORD208149,CUST00486,2024-01-25,2561.53,East,Cash on Delivery
ORD204120,CUST00163,2024-10-12,1900.79,Central,Cash on Delivery
ORD209482,CUST00649,2023-05-30,4789.78,South,Cash on Delivery
ORD202459,CUST00089,2023-07-10,8449.63,Central,UPI/Wallet
ORD202337,CUST00083,2024-09-15,5402.56,South,Credit Card
ORD209105,CUST00600,2023-08-07,1375.87,Central,Net Banking
ORD200840,CUST00030,2023-07-04,9391.42,North,UPI/Wallet
ORD205423,CUST00249,2024-03-06,3324.49,Central,UPI/Wallet
ORD204513,CUST00190,2023-03-26,3941.56,East,UPI/Wallet
ORD210277,CUST00762,2024-01-02,2958.03,North,Debit Card
ORD210626,CUST00844,2024-03-29,635.18,Central,Cash on Delivery
ORD204463,CUST00186,2024-01-26,3024.91,West,Debit Card
ORD200095,CUST00004,2023-05-20,7995.35,West,Credit Card
ORD210883,CUST00933,2023-08-07,752.9,East,UPI/Wallet
ORD203656,CUST00130,2024-03-19,5564.84,South,Credit Card
ORD203845,CUST00143,2024-10-07,4396.16,West,UPI/Wallet
ORD204735,CUST00205,2024-06-26,6448.38,East,Debit Card
ORD206240,CUST00301,2023-08-30,3507.34,Central,Credit Card
ORD203817,CUST00141,2024-07-16,3812.69,Central,Credit Card
ORD205098,CUST00228,2024-05-09,3383.17,West,UPI/Wallet
ORD200049,CUST00002,2023-11-01,6476.96,East,UPI/Wallet
ORD202115,CUST00074,2024-04-01,7255.97,East,Credit Card
ORD202703,CUST00097,2024-10-15,6525.18,North,UPI/Wallet
ORD207533,CUST00412,2024-10-12,1833.67,North,Debit Card
ORD204916,CUST00216,2024-11-09,2373.54,South,Cash on Delivery
ORD210057,CUST00730,2023-06-01,1961.87,Central,UPI/Wallet
ORD201649,CUST00059,2023-02-18,4885.74,South,Credit Card
ORD208513,CUST00528,2023-03-13,1525.63,West,UPI/Wallet
ORD209280,CUST00621,2024-06-05,3758.19,North,UPI/Wallet
ORD201852,CUST00065,2024-07-03,12435.73,South,Debit Card
ORD209924,CUST00710,2024-02-22,961.87,North,Credit Card
ORD202944,CUST00106,2023-10-31,3357.84,Central,Debit Card
ORD200695,CUST00025,2024-04-24,5706.4,North,UPI/Wallet
ORD200932,CUST00033,2024-06-23,6742.1,East,Debit Card
ORD205236,CUST00238,2023-12-15,2708.87,Central,Cash on Delivery
ORD202246,CUST00080,2023-09-06,-6712.13,North,UPI/Wallet
ORD206841,CUST00340,2023-11-06,3614.12,South,UPI/Wallet
ORD206283,CUST00303,2024-08-17,1503.96,North,Debit Card
ORD206389,CUST00311,2023-01-28,4441.8,West,UPI/Wallet
ORD210364,CUST00776,2023-01-27,1848.6,Central,Debit Card
ORD205386,CUST00246,2024-10-31,2109.56,East,UPI/Wallet
ORD206875,CUST00342,2023-09-26,2928.98,East,Net Banking
ORD200653,CUST00024,2023-07-02,6245.65,North,Debit Card
ORD200374,CUST00014,2023-05-30,5060.09,West,UPI/Wallet
ORD203750,CUST00137,2023-03-05,2216.57,West,Cash on Delivery
ORD201299,CUST00046,2024-01-10,6119.29,West,
ORD205675,CUST00266,2023-06-10,4092.96,Central,UPI/Wallet
ORD207826,CUST00449,2024-03-26,1438.51,East,Debit Card
ORD205922,CUST00280,2023-09-27,3851.83,East,UPI/Wallet
ORD203800,CUST00140,2024-10-13,4222.34,North,Credit Card
ORD204145,CUST00165,2023-08-28,3533.5,Central,UPI/Wallet
ORD208793,CUST00560,2024-10-04,1557.57,East,Cash on Delivery
ORD207745,CUST00437,2024-10-09,1496.3,Central,UPI/Wallet
ORD210381,CUST00778,2023-05-22,1656.15,Central,Cash on Delivery
ORD208139,CUST00485,2024-04-14,2385.84,West,Debit Card
ORD207729,CUST00435,2024-02-26,3133.29,North,UPI/Wallet
ORD204139,CUST00164,2024-11-13,5139.75,East,Credit Card
ORD204270,CUST00173,2023-08-12,5207.19,South,Credit Card
ORD201132,CUST00040,2023-05-22,8363.3,South,Net Banking
ORD206397,CUST00311,2024-12-14,4768.24,West,UPI/Wallet
ORD207815,CUST00447,2024-05-21,2091.75,North,UPI/Wallet
ORD205992,CUST00285,2023-04-13,4156.87,South,Credit Card
ORD208120,CUST00483,2024-03-06,1935.14,South,UPI/Wallet
ORD203123,CUST00112,2024-06-12,10021.34,Central,Cash on Delivery
ORD205354,CUST00245,2023-09-04,3436.74,West,Debit Card
ORD202317,CUST00082,2024-11-14,12234.61,West,Debit Card
ORD209602,CUST00666,2023-08-23,2707.45,East,Credit Card
ORD208741,CUST00555,2023-06-13,1304.6,Central,Debit Card
ORD200398,CUST00014,2024-07-19,3347.29,West,Credit Card
ORD200711,CUST00026,2023-03-18,5267.33,East,UPI/Wallet
ORD208350,CUST00510,2023-01-17,1112.74,East,UPI/Wallet
ORD205207,CUST00236,2023-10-01,3339.92,North,UPI/Wallet
ORD203307,CUST00118,2023-09-06,4362.39,West,UPI/Wallet
ORD201083,CUST00038,2023-10-01,8279.37,West,Credit Card
ORD202874,CUST00103,2024-04-08,4634.68,Central,Credit Card
ORD202041,CUST00072,2024-02-03,9612.93,Central,Credit Card
ORD208675,CUST00546,2023-12-13,2279.45,West,Credit Card
ORD210708,CUST00872,2023-06-08,796.24,Central,UPI/Wallet
ORD207732,CUST00436,2023-02-09,1548.43,Central,Debit Card
ORD209571,CUST00661,2023-11-09,1506.9,East,UPI/Wallet
ORD201390,CUST00049,2024-03-23,8872.54,South,Debit Card
ORD202573,CUST00092,2024-12-01,11998.76,South,Net Banking
ORD206203,CUST00298,2024-03-15,3586.6,South,Cash on Delivery
ORD210106,CUST00737,2023-02-22,2178.06,West,UPI/Wallet
ORD206484,CUST00317,2023-09-18,2112.21,South,Debit Card
ORD207747,CUST00438,2023-06-13,3856.07,West,Credit Card
ORD207207,CUST00372,2024-04-22,1278.5,Central,UPI/Wallet
ORD208801,CUST00561,2024-11-25,4442.19,East,Credit Card
ORD203563,CUST00127,2024-02-04,9170.31,Central,UPI/Wallet
ORD205889,CUST00278,2023-02-25,3741.83,East,Debit Card
ORD200013,CUST00001,2023-08-28,4880.03,North,Cash on Delivery
ORD205169,CUST00233,2024-07-02,4166.13,North,Credit Card
ORD208571,CUST00535,2023-07-31,1769.0,North,Debit Card
ORD202768,CUST00099,2024-11-20,12165.8,East,Credit Card
ORD200874,CUST00031,2024-03-07,4918.65,West,Credit Card
ORD203652,CUST00130,2023-12-29,10868.87,South,Net Banking
ORD201706,CUST00061,2024-03-19,4365.2,South,Credit Card
ORD203600,CUST00129,2023-02-11,3029.32,Central,Cash on Delivery
ORD204744,CUST00206,2023-08-05,2413.84,West,UPI/Wallet
ORD201098,CUST00038,2024-12-02,7530.43,West,Debit Card
ORD200628,CUST00023,2023-10-03,5765.3,South,Net Banking
ORD205692,CUST00267,2023-04-24,2082.83,Central,Credit Card
ORD209839,CUST00699,2023-08-08,3772.81,Central,Cash on Delivery
ORD201180,CUST00041,2024-12-01,4275.03,South,Credit Card
ORD210720,CUST00875,2024-03-03,1745.98,West,Credit Card
ORD206481,CUST00317,2023-06-28,2723.69,South,Debit Card
ORD200096,CUST00004,2023-06-06,9013.31,West,Credit Card
ORD207248,CUST00377,2024-02-28,3490.49,Central,UPI/Wallet
ORD202680,CUST00096,2024-10-27,2648.65,North,Credit Card
ORD200900,CUST00032,2024-11-08,8576.31,North,Cash on Delivery
ORD203893,CUST00147,2023-06-23,2163.52,North,Cash on Delivery
ORD200651,CUST00024,2023-06-01,9309.42,North,Net Banking
ORD201604,CUST00058,2023-01-07,5739.4,South,UPI/Wallet
ORD209792,CUST00692,2023-09-17,1473.5,North,Credit Card
ORD202247,CUST00080,2023-09-14,5098.69,North,Debit Card
ORD200150,CUST00006,2023-04-20,5897.45,North,
ORD207354,CUST00390,2023-01-02,1641.64,East,Debit Card
ORD204181,CUST00167,2024-04-12,4644.82,Central,Debit Card
ORD210388,CUST00779,2023-06-08,2023.48,Central,Debit Card
ORD200960,CUST00034,2023-09-22,7823.71,East,Credit Card
ORD206888,CUST00342,2024-11-04,2510.39,East,Cash on Delivery
ORD201000,CUST00035,2024-05-23,6395.13,North,Debit Card
ORD205509,CUST00254,2024-11-07,3259.64,West,Credit Card
ORD202410,CUST00086,2024-08-08,6414.58,East,UPI/Wallet
ORD207197,CUST00371,2023-05-21,1756.27,North,UPI/Wallet
ORD201017,CUST00036,2023-11-20,-3915.91,East,Credit Card
ORD201431,CUST00051,2023-11-19,7427.44,East,Credit Card
ORD200652,CUST00024,2023-06-28,6095.79,North,Debit Card
ORD208779,CUST00559,2023-06-15,2516.54,North,Credit Card
ORD205799,CUST00273,2023-08-21,5109.87,East,UPI/Wallet
ORD210766,CUST00893,2024-04-11,500.87,West,Net Banking
ORD201927,CUST00067,2024-06-28,5848.68,Central,Net Banking
ORD204836,CUST00212,2023-12-09,4658.88,Central,Debit Card
ORD209372,CUST00635,2023-07-24,4127.57,West,Cash on Delivery
ORD209830,CUST00698,2023-03-16,3358.69,East,Net Banking
ORD201322,CUST00046,2024-12-20,7598.53,West,Debit Card
ORD204670,CUST00201,2024-11-17,3696.34,Central,Credit Card
ORD203088,CUST00111,2024-08-01,6033.16,South,Credit Card
ORD210473,CUST00791,2024-05-29,578.82,West,Credit Card
ORD200379,CUST00014,2023-09-03,4659.28,West,Credit Card
ORD205438,CUST00250,2023-11-20,4683.6,East,Debit Card
ORD200570,CUST00020,2024-09-15,4514.02,South,Net Banking
ORD200277,CUST00010,2024-08-04,5188.91,North,Credit Card
ORD200068,CUST00002,2024-11-10,4695.46,East,Credit Card
ORD210645,CUST00850,2024-02-27,1047.8,West,Credit Card
ORD207899,CUST00458,2024-09-03,2447.89,Central,UPI/Wallet
ORD208219,CUST00494,2024-06-15,841.13,North,Debit Card
ORD206227,CUST00300,2024-01-22,2501.46,South,Cash on Delivery
ORD208738,CUST00554,2024-09-24,2888.46,North,Credit Card
ORD207329,CUST00387,2024-01-16,1719.31,Central,Cash on Delivery
ORD201374,CUST00048,2024-11-24,4897.16,South,UPI/Wallet
ORD201240,CUST00044,2023-12-23,5505.88,East,UPI/Wallet
ORD207274,CUST00380,2024-02-07,3565.75,West,Cash on Delivery
ORD202205,CUST00078,2024-02-16,4598.0,South,Credit Card
ORD210014,CUST00723,2023-05-11,2395.01,East,Debit Card
ORD201995,CUST00070,2024-01-28,7727.17,North,Credit Card
ORD210843,CUST00920,2024-03-03,1286.01,East,UPI/Wallet
ORD204690,CUST00202,2024-10-30,2699.4,West,Net Banking
ORD201118,CUST00039,2024-04-01,9367.94,East,UPI/Wallet
ORD208221,CUST00494,2024-12-10,1760.9,North,Credit Card
ORD207359,CUST00390,2024-08-10,1890.07,East,Cash on Delivery
ORD200388,CUST00014,2024-02-10,5649.5,West,UPI/Wallet
ORD201356,CUST00048,2023-07-25,2948.54,South,Debit Card
ORD205413,CUST00248,2024-11-10,4396.29,South,UPI/Wallet
ORD202291,CUST00082,2023-10-30,8509.42,West,Credit Card
ORD204627,CUST00198,2024-03-19,1876.16,South,Debit Card
ORD210695,CUST00868,2023-08-31,1610.35,Central,Cash on Delivery
ORD203807,CUST00141,2023-04-30,4157.42,Central,Cash on Delivery
ORD210324,CUST00770,2023-10-08,1232.53,East,Credit Card
ORD205725,CUST00268,2024-09-16,3404.89,West,Debit Card
ORD206619,CUST00325,2023-02-22,4951.33,West,UPI/Wallet
ORD201929,CUST00067,2024-08-10,5355.25,Central,Credit Card
ORD200986,CUST00035,2023-05-13,5182.31,North,Net Banking
ORD200547,CUST00019,2024-11-08,6797.39,North,Debit Card
ORD203823,CUST00142,2023-07-14,3421.76,North,Cash on Delivery
ORD201120,CUST00039,2024-05-13,10864.42,East,Debit Card
ORD208405,CUST00516,2023-02-09,4082.37,Central,Credit Card
ORD200286,CUST00011,2023-04-28,7688.27,South,Cash on Delivery
ORD204112,CUST00163,2023-04-21,2294.8,Central,Debit Card
ORD209057,CUST00593,2024-08-18,2989.74,North,UPI/Wallet
ORD202050,CUST00072,2024-11-16,9790.17,Central,Credit Card
ORD209804,CUST00694,2023-12-16,3882.1,Central,UPI/Wallet
ORD210412,CUST00783,2023-02-25,1210.25,South,Cash on Delivery
ORD201326,CUST00047,2023-03-13,4363.45,South,Credit Card
ORD207192,CUST00370,2024-09-19,2160.45,South,Credit Card
ORD208617,CUST00539,2024-11-15,3874.46,Central,Credit Card
ORD207558,CUST00415,2023-02-07,2105.12,West,Cash on Delivery
ORD203540,CUST00126,2024-04-07,10445.08,East,Cash on Delivery
ORD208658,CUST00544,2024-04-29,1103.96,South,Credit Card
ORD206301,CUST00304,2024-11-25,4988.69,South,Debit Card
ORD208360,CUST00510,2024-12-19,1595.47,East,Debit Card
ORD208613,CUST00539,2024-02-25,3372.82,Central,Cash on Delivery
ORD208922,CUST00576,2024-08-29,3198.85,Central,Cash on Delivery
ORD201513,CUST00054,2024-05-30,3225.56,East,Debit Card
ORD210218,CUST00755,2023-09-04,3817.02,West,Debit Card
ORD206347,CUST00308,2023-04-07,-3638.47,South,Credit Card
ORD206314,CUST00305,2024-11-24,2056.25,North,Credit Card
ORD210813,CUST00910,2023-02-13,1128.44,North,Debit Card
ORD210038,CUST00727,2023-08-13,4106.1,North,Cash on Delivery
ORD205012,CUST00223,2023-07-13,4754.5,West,Net Banking
ORD203409,CUST00121,2024-10-21,4894.39,South,Cash on Delivery
ORD208269,CUST00500,2024-06-06,-5089.19,East,UPI/Wallet
ORD206558,CUST00321,2023-07-25,1845.44,West,Cash on Delivery
ORD205917,CUST00279,2024-11-20,5161.17,West,UPI/Wallet
ORD205970,CUST00284,2023-02-21,5412.31,South,Debit Card
ORD201990,CUST00070,2023-08-06,9256.47,North,Net Banking
ORD200522,CUST00018,2024-11-08,6488.23,East,Cash on Delivery
ORD201774,CUST00063,2024-05-07,4314.87,South,Debit Card
ORD210725,CUST00878,2023-08-10,1563.44,South,Credit Card
ORD207838,CUST00451,2023-05-06,1893.61,East,Debit Card
ORD209206,CUST00612,2023-05-23,1469.56,North,Credit Card
ORD206237,CUST00301,2023-05-07,4883.63,Central,UPI/Wallet
ORD207309,CUST00384,2023-11-24,2829.74,East,UPI/Wallet
ORD206255,CUST00301,2024-10-21,3789.26,Central,Debit Card
ORD200236,CUST00009,2023-06-23,5040.35,North,Credit Card
ORD207705,CUST00432,2024-02-26,2018.86,East,Debit Card
ORD205953,CUST00282,2024-04-10,1258.68,North,Net Banking
ORD201688,CUST00060,2024-10-21,4091.55,Central,Debit Card
ORD210071,CUST00732,2024-02-22,1969.27,South,Net Banking
ORD201824,CUST00065,2023-03-07,7278.5,South,Debit Card
ORD200962,CUST00034,2023-11-10,7104.13,East,Cash on Delivery
ORD201620,CUST00058,2023-09-15,4151.94,South,Credit Card
ORD203022,CUST00109,2023-08-29,7883.14,Central,Debit Card
ORD203070,CUST00111,2023-04-06,8324.81,South,Debit Card
ORD207178,CUST00369,2023-06-02,2145.44,North,Credit Card
ORD209880,CUST00703,2024-04-16,1600.03,West,Cash on Delivery
ORD210064,CUST00731,2023-10-20,1903.89,East,Cash on Delivery
ORD208478,CUST00524,2023-12-16,673.04,South,UPI/Wallet
ORD204060,CUST00159,2023-09-19,1685.62,South,Debit Card
ORD210214,CUST00754,2024-04-30,979.08,South,UPI/Wallet
ORD202290,CUST00082,2023-10-13,7965.83,West,Credit Card
ORD201056,CUST00037,2024-05-24,3656.65,Central,UPI/Wallet
ORD207525,CUST00412,2023-01-11,1324.83,North,Net Banking
ORD209640,CUST00671,2023-04-20,2365.03,South,UPI/Wallet
ORD208172,CUST00489,2023-12-10,1702.4,South,Credit Card
ORD210605,CUST00835,2024-01-11,685.77,South,Credit Card
ORD208570,CUST00535,2023-04-27,1884.71,North,Cash on Delivery
ORD204092,CUST00161,2024-09-11,4836.11,South,Credit Card
ORD206062,CUST00290,2023-05-13,4190.56,Central,Net Banking
ORD205972,CUST00284,2023-05-13,4250.36,South,Debit Card
ORD207261,CUST00379,2023-09-15,2151.28,South,
ORD210236,CUST00758,2023-01-30,3183.59,East,UPI/Wallet
ORD202861,CUST00103,2023-10-24,4516.63,Central,UPI/Wallet
ORD208036,CUST00473,2023-05-31,2592.18,Central,Cash on Delivery
ORD202150,CUST00076,2023-02-19,5841.45,South,UPI/Wallet
ORD207723,CUST00434,2024-10-09,1876.64,West,Debit Card
ORD210034,CUST00726,2024-03-31,-1457.97,North,
ORD203781,CUST00139,2024-07-16,3393.84,Central,Debit Card
ORD202570,CUST00092,2024-10-14,6290.69,South,Debit Card
ORD202830,CUST00102,2023-09-26,9419.46,Central,UPI/Wallet
ORD206365,CUST00309,2023-10-27,2029.06,West,UPI/Wallet
ORD204765,CUST00207,2023-11-01,5521.92,East,Debit Card
ORD206770,CUST00335,2023-04-20,4748.32,East,UPI/Wallet
ORD207800,CUST00445,2024-06-28,1434.44,South,UPI/Wallet
ORD200933,CUST00033,2024-06-30,5487.89,East,Credit Card
ORD206856,CUST00341,2023-01-11,2225.09,East,UPI/Wallet
ORD206214,CUST00299,2024-02-20,5600.1,Central,Debit Card
ORD210767,CUST00894,2023-04-08,1548.59,North,Debit Card
ORD206294,CUST00304,2023-07-04,2731.77,South,Credit Card
ORD205357,CUST00245,2023-11-24,3387.5,West,Credit Card
ORD200482,CUST00017,2024-07-21,1559.59,South,UPI/Wallet
ORD202331,CUST00083,2024-03-20,5709.74,South,UPI/Wallet
ORD201867,CUST00066,2023-03-07,6132.2,West,Credit Card
ORD200386,CUST00014,2024-01-29,7357.07,West,UPI/Wallet
ORD202098,CUST00074,2023-05-01,6440.27,East,Credit Card
ORD206354,CUST00308,2024-04-26,4027.1,South,Debit Card
ORD202647,CUST00095,2024-05-25,9052.69,East,UPI/Wallet
ORD202174,CUST00077,2023-01-23,7056.27,West,Debit Card
ORD207603,CUST00420,2024-03-01,1539.95,North,Cash on Delivery
ORD209283,CUST00622,2023-04-13,2982.3,West,Net Banking
ORD203688,CUST00133,2023-06-07,4865.16,Central,UPI/Wallet
ORD203885,CUST00146,2024-09-23,2444.73,East,UPI/Wallet
ORD204618,CUST00198,2023-06-20,3200.86,South,Cash on Delivery
ORD205957,CUST00283,2023-06-23,4666.77,West,Cash on Delivery
ORD210156,CUST00744,2023-11-25,1863.18,East,Credit Card
ORD203831,CUST00142,2024-09-19,3373.2,North,UPI/Wallet
ORD201657,CUST00059,2023-09-19,5426.73,South,Credit Card
ORD205174,CUST00233,2024-12-18,3580.15,North,Cash on Delivery
ORD201254,CUST00044,2024-06-28,3831.82,East,Debit Card
ORD204132,CUST00164,2024-02-04,3987.09,East,UPI/Wallet
ORD202335,CUST00083,2024-07-14,7563.57,South,Net Banking
ORD204719,CUST00204,2024-02-27,4709.6,North,Debit Card
ORD204411,CUST00183,2023-05-14,4644.02,South,Cash on Delivery
ORD203788,CUST00140,2023-03-07,3547.3,North,UPI/Wallet
ORD201138,CUST00040,2024-03-06,7446.04,South,UPI/Wallet
ORD202367,CUST00085,2023-01-30,4116.3,South,Credit Card
ORD204388,CUST00181,2024-01-03,2160.29,Central,UPI/Wallet
ORD205422,CUST00249,2023-12-29,4166.68,Central,UPI/Wallet
ORD203477,CUST00124,2023-04-28,9303.77,East,Credit Card
ORD206324,CUST00306,2024-06-24,2265.84,West,Cash on Delivery
ORD201557,CUST00056,2023-12-23,4910.6,West,UPI/Wallet
ORD204812,CUST00210,2024-07-09,3676.74,Central,Credit Card
ORD207529,CUST00412,2023-11-15,1180.96,North,UPI/Wallet
ORD210423,CUST00784,2023-07-17,5196.28,North,UPI/Wallet
ORD210079,CUST00733,2024-04-11,2444.33,South,Credit Card
ORD210302,CUST00767,2024-05-28,2556.04,East,Debit Card
ORD200453,CUST00016,2024-06-18,6140.85,East,Credit Card
ORD201677,CUST00060,2023-03-05,-3149.22,Central,Net Banking
ORD209728,CUST00683,2023-09-03,3461.2,East,Credit Card
ORD202679,CUST00096,2024-09-11,-4624.19,North,Net Banking
ORD208355,CUST00510,2024-04-14,762.09,East,Credit Card
ORD207411,CUST00398,2023-04-19,1528.74,East,Debit Card
ORD209361,CUST00633,2023-09-25,3028.84,Central,Credit Card
ORD200729,CUST00026,2023-12-09,5998.05,East,UPI/Wallet
ORD205652,CUST00264,2023-11-01,6909.53,East,UPI/Wallet
ORD201396,CUST00049,2024-10-16,8151.01,South,Cash on Delivery
ORD207020,CUST00351,2024-09-28,2179.79,Central,Credit Card
ORD210598,CUST00832,2023-10-08,1391.31,West,Debit Card
ORD209592,CUST00664,2023-08-11,1501.35,North,UPI/Wallet
ORD208289,CUST00503,2023-01-13,3571.39,West,Debit Card
ORD200527,CUST00019,2023-05-10,5105.34,North,Cash on Delivery
ORD207605,CUST00420,2024-07-19,1481.37,North,Cash on Delivery
ORD209643,CUST00671,2024-07-15,2449.54,South,UPI/Wallet
ORD207887,CUST00457,2024-01-23,3656.34,East,UPI/Wallet
ORD208110,CUST00482,2024-02-16,3186.37,Central,UPI/Wallet
ORD202793,CUST00100,2024-09-07,4696.32,North,Debit Card
ORD201110,CUST00039,2023-09-19,6797.58,East,UPI/Wallet
ORD200137,CUST00005,2024-04-21,7958.54,South,UPI/Wallet
ORD202061,CUST00073,2023-04-20,4397.35,West,Credit Card
ORD206536,CUST00320,2023-03-21,1532.47,West,UPI/Wallet
ORD204012,CUST00156,2023-11-18,2517.29,Central,Debit Card
ORD210101,CUST00736,2023-08-23,4308.6,East,Credit Card
ORD209380,CUST00636,2023-10-03,3024.92,Central,UPI/Wallet
ORD204620,CUST00198,2023-08-30,1397.85,South,Credit Card
ORD207391,CUST00395,2024-01-28,3523.96,East,UPI/Wallet
ORD203359,CUST00120,2023-12-03,5040.16,Central,Debit Card
ORD209978,CUST00718,2023-01-27,4453.03,North,Credit Card
ORD200506,CUST00018,2023-08-31,7731.53,East,UPI/Wallet
ORD210231,CUST00757,2023-02-04,4167.84,North,Credit Card
ORD209499,CUST00652,2023-10-20,4090.17,South,UPI/Wallet
ORD210733,CUST00881,2024-02-10,1586.5,East,Cash on Delivery
ORD208486,CUST00525,2023-04-23,2444.3,South,Credit Card
ORD203911,CUST00148,2024-02-20,3868.11,North,Credit Card
ORD204303,CUST00175,2023-10-07,2389.15,South,Credit Card
ORD208999,CUST00586,2023-05-24,1206.61,East,UPI/Wallet
ORD205353,CUST00245,2023-08-09,3995.26,West,Debit Card
ORD202289,CUST00082,2023-08-04,8003.8,West,UPI/Wallet
ORD210174,CUST00747,2023-05-03,-4895.61,West,Credit Card
ORD200714,CUST00026,2023-07-19,4873.27,East,Cash on Delivery
ORD202865,CUST00103,2024-01-09,3447.65,Central,Credit Card
ORD210108,CUST00737,2023-11-19,2031.07,West,UPI/Wallet
ORD210320,CUST00770,2023-03-18,1641.04,East,Credit Card
ORD204979,CUST00220,2024-08-25,2441.11,West,UPI/Wallet
ORD201936,CUST00067,2024-10-26,6641.05,Central,Debit Card
ORD207170,CUST00368,2023-03-09,2230.74,Central,Cash on Delivery
ORD200401,CUST00014,2024-10-21,5342.07,West,UPI/Wallet
ORD203538,CUST00126,2024-03-25,8603.39,East,Cash on Delivery
ORD200158,CUST00006,2023-08-19,6950.22,North,UPI/Wallet
ORD210922,CUST00949,2023-10-22,931.18,East,UPI/Wallet
ORD206870,CUST00342,2023-04-03,4410.92,East,Cash on Delivery
ORD206825,CUST00339,2023-08-07,2521.66,North,Credit Card
ORD204069,CUST00160,2023-04-11,2508.04,West,Cash on Delivery
ORD209927,CUST00711,2023-02-19,5651.44,North,Cash on Delivery
ORD207616,CUST00421,2024-08-20,4033.08,West,Credit Card
ORD203378,CUST00120,2024-10-13,4223.69,Central,Debit Card
ORD205277,CUST00240,2024-06-02,2990.3,West,Debit Card
ORD209603,CUST00666,2023-09-11,4296.53,East,UPI/Wallet
ORD209114,CUST00601,2024-10-31,1768.8,West,Debit Card
ORD205785,CUST00272,2024-04-03,1609.45,Central,Cash on Delivery
ORD207832,CUST00450,2023-12-29,749.59,North,Debit Card
ORD208271,CUST00500,2024-09-28,4036.33,East,Cash on Delivery
ORD207131,CUST00363,2024-07-31,909.26,North,Credit Card
ORD204241,CUST00171,2024-03-02,4496.36,Central,Credit Card
ORD203507,CUST00125,2024-03-03,7948.96,South,Debit Card
ORD202785,CUST00100,2024-04-25,6490.99,North,UPI/Wallet
ORD204791,CUST00209,2023-06-29,3462.44,South,UPI/Wallet
ORD203782,CUST00139,2024-07-24,2624.02,Central,UPI/Wallet
ORD202533,CUST00091,2024-06-05,3977.44,East,Credit Card
ORD207273,CUST00380,2024-01-27,3572.66,West,Credit Card
ORD208904,CUST00574,2023-12-30,1320.84,Central,Net Banking
ORD209846,CUST00700,2023-02-06,6061.66,Central,Credit Card
ORD205143,CUST00231,2024-03-04,-3063.85,Central,Credit Card
ORD200134,CUST00005,2023-11-15,7025.99,South,UPI/Wallet
ORD203191,CUST00114,2024-02-14,9310.39,West,Credit Card
ORD204911,CUST00216,2023-12-27,4702.11,South,Credit Card
ORD202695,CUST00097,2023-11-15,9701.93,North,Net Banking
ORD207007,CUST00350,2024-04-16,3293.37,North,Net Banking
ORD209092,CUST00598,2024-10-16,3267.39,North,Net Banking
ORD206552,CUST00321,2023-05-18,3091.63,West,Credit Card
ORD202203,CUST00078,2023-12-10,5519.1,South,Credit Card
ORD209222,CUST00614,2024-04-02,1628.94,Central,UPI/Wallet
ORD206423,CUST00313,2023-05-20,3754.75,North,Credit Card
ORD209532,CUST00657,2023-01-11,2250.02,West,UPI/Wallet
ORD200116,CUST00004,2024-09-24,7803.58,West,Debit Card
ORD205329,CUST00243,2024-08-05,2811.3,West,Credit Card
ORD207756,CUST00439,2023-06-18,4591.52,East,UPI/Wallet
ORD202024,CUST00072,2023-01-04,7347.5,Central,UPI/Wallet
ORD204037,CUST00157,2024-11-14,1409.9,West,Credit Card
ORD206026,CUST00287,2023-12-02,2205.81,West,Credit Card
ORD203959,CUST00152,2024-11-28,4315.34,South,Credit Card
ORD201358,CUST00048,2023-09-12,5306.58,South,Cash on Delivery
ORD208401,CUST00515,2024-07-30,2752.54,Central,UPI/Wallet
ORD202767,CUST00099,2024-10-26,8837.63,East,Cash on Delivery
ORD210826,CUST00914,2023-05-18,1099.51,East,Net Banking
ORD201033,CUST00037,2023-02-02,4057.22,Central,Net Banking
ORD205343,CUST00244,2024-07-06,3617.23,West,Debit Card
ORD200469,CUST00017,2023-07-23,2507.56,South,UPI/Wallet
ORD208732,CUST00553,2024-08-13,1465.25,Central,UPI/Wallet
ORD205636,CUST00263,2023-07-20,3981.3,West,Credit Card
ORD209028,CUST00590,2023-05-14,1127.52,North,Debit Card
ORD210769,CUST00894,2024-03-28,1275.18,North,Cash on Delivery
ORD201941,CUST00067,2024-12-22,6094.99,Central,Credit Card
ORD204336,CUST00177,2024-04-16,3778.95,East,Debit Card
ORD201578,CUST00057,2023-10-04,8405.03,South,Credit Card
ORD208881,CUST00571,2024-09-18,2200.66,Central,Cash on Delivery
ORD207441,CUST00402,2023-05-26,1641.85,West,Credit Card
ORD204338,CUST00177,2024-09-06,3340.2,East,UPI/Wallet
ORD206602,CUST00324,2023-03-20,3209.42,West,UPI/Wallet
ORD210660,CUST00854,2024-06-06,291.16,West,Credit Card
ORD200264,CUST00010,2023-08-18,3828.63,North,UPI/Wallet
ORD210131,CUST00740,2023-03-07,4056.65,West,Cash on Delivery
ORD207228,CUST00375,2023-07-24,2728.44,East,Cash on Delivery
ORD210154,CUST00744,2023-05-07,2063.39,East,UPI/Wallet
ORD202479,CUST00090,2023-01-08,9012.76,Central,UPI/Wallet
ORD208013,CUST00470,2023-09-06,2739.03,North,
ORD205441,CUST00250,2024-02-28,5223.87,East,Credit Card
ORD209129,CUST00603,2023-05-22,1453.67,East,Cash on Delivery
ORD200307,CUST00012,2023-02-01,3869.86,West,Credit Card
ORD201226,CUST00044,2023-01-09,6760.13,East,Debit Card
ORD208275,CUST00501,2023-11-19,1509.5,Central,Cash on Delivery
ORD200349,CUST00012,2024-11-07,8760.31,West,Cash on Delivery
ORD202207,CUST00078,2024-03-17,5420.31,South,
ORD204182,CUST00167,2024-07-21,3710.51,Central,Cash on Delivery
ORD204250,CUST00172,2023-11-23,3859.89,Central,Cash on Delivery
ORD205526,CUST00255,2024-10-11,2495.21,East,UPI/Wallet
ORD210366,CUST00776,2023-06-18,2440.48,Central,Debit Card
ORD204619,CUST00198,2023-07-03,4576.19,South,Debit Card
ORD203671,CUST00131,2024-11-08,2478.16,South,UPI/Wallet
ORD201750,CUST00063,2023-01-17,6448.95,South,Debit Card
ORD207915,CUST00460,2024-04-04,2358.13,East,Credit Card
ORD204920,CUST00217,2023-10-21,1460.76,Central,UPI/Wallet
ORD201008,CUST00035,2024-10-24,6030.63,North,Debit Card
ORD208903,CUST00574,2023-10-27,894.0,Central,Net Banking
ORD207806,CUST00446,2024-01-27,2732.49,East,Credit Card
ORD205914,CUST00279,2024-10-15,3684.67,West,UPI/Wallet
ORD208931,CUST00577,2024-12-07,1801.69,East,Credit Card
ORD205598,CUST00260,2023-03-17,6420.4,West,Debit Card
ORD210594,CUST00831,2024-01-29,1160.7,East,
ORD206992,CUST00349,2023-07-26,2759.1,South,Credit Card
ORD208716,CUST00551,2023-12-08,2171.12,South,UPI/Wallet
ORD203215,CUST00115,2023-06-08,4388.58,West,Debit Card
ORD205003,CUST00222,2024-05-29,3354.53,West,Cash on Delivery
ORD201723,CUST00062,2023-09-13,8658.79,West,UPI/Wallet
ORD208971,CUST00582,2024-02-04,3038.08,East,Credit Card
ORD210724,CUST00877,2024-03-15,-1983.51,North,Cash on Delivery
ORD207507,CUST00409,2024-11-22,1825.18,East,Cash on Delivery
ORD206981,CUST00348,2024-03-18,4382.49,West,Cash on Delivery
ORD203012,CUST00108,2024-10-24,7808.15,East,Cash on Delivery
ORD204395,CUST00181,2024-11-02,2710.56,Central,Credit Card
ORD204923,CUST00217,2024-02-02,2961.82,Central,Cash on Delivery
ORD209465,CUST00647,2023-04-27,2239.09,North,Debit Card
ORD207474,CUST00406,2023-03-21,2766.9,North,UPI/Wallet
ORD203336,CUST00119,2024-03-16,7552.0,West,Credit Card
ORD202994,CUST00108,2023-10-14,9233.21,East,UPI/Wallet
ORD204093,CUST00161,2024-10-11,6559.3,South,UPI/Wallet
ORD203546,CUST00126,2024-09-13,10654.31,East,Credit Card
ORD202902,CUST00104,2024-08-12,5447.47,East,UPI/Wallet
ORD205140,CUST00231,2023-10-02,2085.13,Central,Debit Card
ORD208236,CUST00497,2023-04-25,1994.63,West,Credit Card
ORD202170,CUST00076,2024-09-20,8908.42,South,Credit Card
ORD210213,CUST00754,2024-03-05,2058.76,South,UPI/Wallet
ORD208151,CUST00486,2024-07-18,4211.87,East,Cash on Delivery
ORD201570,CUST00057,2023-07-07,5869.78,South,Debit Card
ORD207305,CUST00383,2024-10-03,3682.56,North,Credit Card
ORD209260,CUST00618,2024-07-29,4916.3,East,Credit Card
ORD206859,CUST00341,2023-03-20,3285.08,East,Credit Card
ORD207765,CUST00440,2023-10-11,2439.63,West,Cash on Delivery
ORD207443,CUST00402,2024-04-15,1172.12,West,Cash on Delivery
ORD205746,CUST00269,2024-10-03,3177.99,West,UPI/Wallet
ORD209772,CUST00689,2024-01-22,3808.3,North,UPI/Wallet
ORD210943,CUST00955,2024-01-24,1762.39,West,Credit Card
ORD206718,CUST00332,2023-08-02,1427.81,West,Net Banking
ORD204753,CUST00206,2024-08-14,2602.96,West,Net Banking
ORD205347,CUST00245,2023-01-14,2614.36,West,UPI/Wallet
ORD206615,CUST00324,2024-09-02,4503.84,West,UPI/Wallet
ORD206436,CUST00314,2023-08-13,3235.44,East,Net Banking
ORD200699,CUST00025,2024-06-30,8010.86,North,Cash on Delivery
ORD202672,CUST00096,2024-03-01,3160.33,North,Cash on Delivery
ORD204130,CUST00164,2023-08-29,5285.27,East,Credit Card
ORD200001,CUST00001,2023-01-04,4924.34,North,UPI/Wallet
ORD202987,CUST00108,2023-05-13,7360.58,East,UPI/Wallet
ORD201160,CUST00041,2023-10-07,5055.92,South,UPI/Wallet
ORD209682,CUST00677,2023-02-22,3556.25,South,Credit Card
ORD207977,CUST00466,2024-01-17,3362.16,West,Credit Card
ORD201561,CUST00056,2024-09-12,5988.68,West,UPI/Wallet
ORD211059,CUST00999,2023-07-26,2404.25,South,UPI/Wallet
ORD206370,CUST00309,2024-07-04,2988.25,West,Net Banking
ORD203586,CUST00128,2023-10-13,4095.95,West,Debit Card
ORD208215,CUST00494,2023-05-10,982.11,North,Debit Card
ORD204340,CUST00177,2024-11-05,4077.85,East,Cash on Delivery
ORD202315,CUST00082,2024-10-09,10598.89,West,Credit Card
ORD200886,CUST00032,2023-11-22,6274.09,North,Cash on Delivery
ORD210710,CUST00873,2023-01-24,1915.93,West,UPI/Wallet
ORD208170,CUST00489,2023-08-29,1848.4,South,Debit Card
ORD204054,CUST00158,2024-12-20,4300.91,North,Credit Card
ORD207373,CUST00392,2024-02-02,2786.14,South,Debit Card
ORD203175,CUST00114,2023-03-07,9513.52,West,Cash on Delivery
ORD203139,CUST00113,2023-05-05,2640.55,Central,UPI/Wallet
ORD202858,CUST00103,2023-08-15,1970.18,Central,Credit Card
ORD206167,CUST00296,2023-10-15,2269.58,West,Debit Card
ORD209612,CUST00667,2023-10-06,2679.31,Central,Debit Card
ORD206608,CUST00324,2024-01-28,4005.64,West,UPI/Wallet
ORD207679,CUST00428,2024-10-08,3412.12,North,Net Banking
ORD209549,CUST00659,2023-10-22,3576.61,South,Debit Card
ORD206897,CUST00343,2023-07-09,1458.69,East,Cash on Delivery
ORD207422,CUST00400,2023-09-01,2054.41,West,UPI/Wallet
ORD209684,CUST00677,2023-09-21,2209.79,South,Debit Card
ORD210170,CUST00746,2023-12-21,4526.17,South,Credit Card
ORD206614,CUST00324,2024-07-06,3637.63,West,UPI/Wallet
ORD201747,CUST00062,2024-11-07,9297.69,West,Credit Card
ORD205079,CUST00227,2023-09-21,5097.56,North,UPI/Wallet
ORD206136,CUST00294,2024-08-13,6957.77,West,Debit Card
ORD206306,CUST00305,2023-08-24,2584.19,North,Debit Card
ORD205495,CUST00254,2023-04-07,2051.76,West,UPI/Wallet
ORD203672,CUST00131,2024-12-05,2620.23,South,Credit Card
ORD202946,CUST00106,2023-11-10,5333.09,Central,Debit Card
ORD207132,CUST00363,2024-11-06,1682.38,North,Debit Card
ORD209121,CUST00602,2023-12-15,1766.76,Central,Credit Card
ORD204956,CUST00219,2024-02-16,1954.78,South,UPI/Wallet
ORD205790,CUST00273,2023-01-03,5326.86,East,UPI/Wallet
ORD209420,CUST00641,2023-09-14,3621.07,East,Credit Card
ORD206671,CUST00328,2024-09-12,3768.07,South,Debit Card
ORD207793,CUST00444,2024-11-22,3988.33,Central,Cash on Delivery
ORD205945,CUST00282,2023-02-21,2302.11,North,UPI/Wallet
ORD209899,CUST00706,2023-09-05,2622.63,South,UPI/Wallet
ORD200997,CUST00035,2024-03-19,8288.24,North,Credit Card
ORD208337,CUST00508,2024-10-09,2596.51,Central,Credit Card
ORD208483,CUST00524,2024-10-04,837.84,South,Cash on Delivery
ORD203282,CUST00117,2024-06-29,5597.19,South,Cash on Delivery
ORD202737,CUST00099,2023-07-01,5267.64,East,Cash on Delivery
ORD210547,CUST00815,2023-08-12,925.91,South,Debit Card
ORD202731,CUST00099,2023-03-04,10316.25,East,UPI/Wallet
ORD202218,CUST00078,2024-10-09,3646.94,South,Debit Card
ORD205780,CUST00272,2023-11-28,2626.48,Central,Net Banking
ORD203439,CUST00122,2024-03-20,3351.02,East,UPI/Wallet
ORD204451,CUST00185,2024-11-12,2772.01,North,UPI/Wallet
ORD206579,CUST00322,2023-12-08,2051.34,West,Credit Card
ORD200414,CUST00015,2024-02-18,12247.97,Central,Credit Card
ORD205059,CUST00226,2023-11-25,5491.99,West,Net Banking
ORD207215,CUST00373,2024-07-19,4483.76,South,Debit Card
ORD210640,CUST00849,2023-05-30,564.75,West,UPI/Wallet
ORD209843,CUST00699,2024-02-04,3468.61,Central,Credit Card
ORD203528,CUST00126,2023-09-16,10845.07,East,Cash on Delivery
ORD210446,CUST00787,2023-03-19,2122.73,Central,Cash on Delivery
ORD203444,CUST00122,2024-06-30,4979.5,East,Net Banking
ORD207388,CUST00394,2024-11-30,740.72,East,Debit Card
ORD205102,CUST00229,2023-01-10,6002.81,North,UPI/Wallet
ORD204387,CUST00181,2023-10-27,2463.27,Central,Credit Card
ORD204098,CUST00162,2023-08-12,2083.04,West,UPI/Wallet
ORD210177,CUST00747,2024-02-12,2532.75,West,Debit Card
ORD200329,CUST00012,2023-11-08,9001.12,West,Net Banking
ORD204485,CUST00187,2024-12-10,2414.74,Central,UPI/Wallet
ORD207721,CUST00434,2024-01-25,2152.8,West,Credit Card
ORD206548,CUST00321,2023-02-18,2172.91,West,Cash on Delivery
ORD204358,CUST00178,2024-11-11,4355.65,West,Cash on Delivery
ORD200389,CUST00014,2024-02-12,5157.1,West,UPI/Wallet
ORD202193,CUST00078,2023-05-12,2386.0,South,Debit Card
ORD202489,CUST00090,2023-08-09,7897.13,Central,Cash on Delivery
ORD209035,CUST00591,2023-03-17,1662.55,Central,Credit Card
ORD210427,CUST00785,2023-01-09,3215.57,North,UPI/Wallet
ORD205173,CUST00233,2024-12-06,3474.57,North,Net Banking
ORD210596,CUST00832,2023-01-24,1822.09,West,Debit Card
ORD210486,CUST00795,2023-11-09,459.97,Central,Credit Card
ORD202821,CUST00102,2023-02-10,8953.6,Central,Credit Card
ORD207465,CUST00405,2023-01-24,4122.69,South,Credit Card
ORD207744,CUST00437,2024-02-14,979.1,Central,Credit Card
ORD202231,CUST00079,2024-04-12,5308.94,Central,Net Banking
ORD206139,CUST00294,2024-11-12,5211.46,West,Net Banking
ORD202782,CUST00100,2024-03-29,6248.13,North,Debit Card
ORD203790,CUST00140,2023-03-20,2814.11,North,Net Banking
ORD203490,CUST00124,2024-06-30,4487.92,East,Credit Card
ORD202107,CUST00074,2023-12-23,9156.77,East,Credit Card
ORD200444,CUST00016,2023-11-12,6788.3,East,Debit Card
ORD210601,CUST00833,2023-06-13,1015.73,East,Cash on Delivery
ORD209152,CUST00606,2024-03-31,1562.03,West,UPI/Wallet
ORD203210,CUST00115,2023-01-24,4317.73,West,UPI/Wallet
ORD203348,CUST00120,2023-03-02,3528.95,Central,Credit Card
ORD200396,CUST00014,2024-06-10,3862.8,West,Credit Card
ORD210980,CUST00971,2023-10-28,1223.68,South,UPI/Wallet
ORD204025,CUST00157,2023-01-20,2704.89,West,UPI/Wallet
ORD202178,CUST00077,2023-06-05,7985.42,West,Credit Card
ORD203769,CUST00138,2024-09-25,3044.99,East,Debit Card
ORD206359,CUST00309,2023-02-23,1207.3,West,Credit Card
ORD206419,CUST00313,2023-01-21,5153.97,North,UPI/Wallet
ORD209229,CUST00615,2023-08-22,1879.74,Central,Cash on Delivery
ORD206777,CUST00335,2024-09-15,5298.26,East,UPI/Wallet
ORD202941,CUST00106,2023-09-08,4796.27,Central,Net Banking
ORD209023,CUST00589,2024-12-02,2430.59,West,Debit Card
ORD204043,CUST00158,2023-09-04,4286.97,North,UPI/Wallet
ORD210713,CUST00873,2024-04-20,1367.88,West,Credit Card
ORD203260,CUST00116,2024-11-24,9081.99,South,Credit Card
ORD208431,CUST00519,2023-03-15,2176.89,South,Credit Card
ORD200957,CUST00034,2023-06-30,7974.25,East,Credit Card
ORD203037,CUST00109,2024-12-06,12948.96,Central,Net Banking
ORD206878,CUST00342,2023-10-28,2933.6,East,UPI/Wallet
ORD206492,CUST00317,2024-07-30,3158.91,South,Credit Card
ORD201654,CUST00059,2023-03-24,3623.54,South,UPI/Wallet
ORD210482,CUST00794,2024-03-01,654.08,South,Debit Card
ORD203835,CUST00143,2023-06-23,5525.97,West,UPI/Wallet
ORD206716,CUST00332,2023-02-22,2730.84,West,Cash on Delivery
ORD204533,CUST00191,2023-10-20,1891.88,West,Debit Card
ORD204674,CUST00202,2023-07-26,2141.34,West,Credit Card
ORD209342,CUST00630,2024-04-29,2307.23,Central,Cash on Delivery
ORD205015,CUST00223,2023-10-06,3952.37,West,Cash on Delivery
ORD209980,CUST00718,2023-07-23,3916.76,North,UPI/Wallet
ORD206201,CUST00298,2023-12-07,2733.38,South,Credit Card
ORD200502,CUST00018,2023-07-12,7740.01,East,UPI/Wallet
ORD206783,CUST00336,2023-06-29,2815.65,Central,Cash on Delivery
ORD204445,CUST00185,2024-03-26,-3639.04,North,Credit Card
ORD208575,CUST00535,2024-05-19,1658.1,North,Debit Card
